,encoder_neurons,activation,optimizer,loss,hidden_neurons,avg_final_val_loss,loss_history
0,[20],leaky_relu,adam,<keras.src.losses.losses.MeanSquaredError object at 0x73a3d7d3a450>,1,"[5.573671817779541, 5.601472854614258, 5.6114020347595215, 5.581243515014648, 5.602720260620117, 5.57291316986084, 5.603724956512451, 5.595247268676758, 5.609190940856934, 5.588683605194092, 5.578195571899414, 5.572201728820801, 5.5947723388671875, 5.609975814819336]","[168.05409240722656, 11.61143970489502, 6.44740104675293, 5.9578094482421875, 5.745391368865967, 5.659398555755615, 5.648216247558594, 5.6089186668396, 5.60821008682251, 5.600101470947266, 5.6189656257629395, 5.627518653869629, 5.609506607055664, 5.594587326049805, 5.62046480178833, 5.603507995605469, 5.597115993499756, 5.594549655914307, 5.619627952575684, 5.594486236572266, 5.591444969177246, 5.607290267944336, 5.601723670959473, 5.596699237823486, 5.636924743652344, 5.596565246582031, 5.5866546630859375, 5.592217922210693, 5.594269752502441, 5.603199481964111, 5.591742515563965, 5.605710506439209, 5.597236633300781, 5.611623764038086, 5.579607009887695, 5.649837017059326, 5.585062026977539, 5.596242904663086, 5.5755181312561035, 5.583088397979736, 5.575048923492432, 5.573671340942383, 5.573817729949951, 5.596608638763428, 5.636777877807617, 5.577420711517334, 5.5912017822265625, 5.609018802642822, 5.57573938369751, 5.5773444175720215, 5.634124755859375, 5.57533073425293, 5.580308437347412, 5.571544170379639, 5.573671817779541, 5.601472854614258, 5.6114020347595215, 5.581243515014648, 5.602720260620117, 5.57291316986084, 5.603724956512451, 5.595247268676758, 5.609190940856934, 5.588683605194092, 5.578195571899414, 5.572201728820801, 5.5947723388671875, 5.609975814819336, 5.612773418426514]"
0,[20],leaky_relu,adam,<keras.src.losses.losses.MeanSquaredError object at 0x73a3d7d3a450>,2,"[0.13701027631759644, 0.1506621390581131, 0.13660407066345215, 0.13472944498062134, 0.13674229383468628, 0.1387699395418167, 0.13875986635684967, 0.1411035656929016, 0.14717744290828705, 0.13952845335006714, 0.15506574511528015, 0.18345898389816284, 0.13985633850097656, 0.13812559843063354]","[55.073097229003906, 6.7792439460754395, 5.861636638641357, 5.701364994049072, 5.650213241577148, 5.611697673797607, 5.579274654388428, 5.575989246368408, 5.569884777069092, 5.583266735076904, 5.578023910522461, 5.561666965484619, 5.54777717590332, 5.560517311096191, 5.530248641967773, 5.454746723175049, 5.399409294128418, 5.306580543518066, 5.111286640167236, 4.757543563842773, 4.054811477661133, 2.698031425476074, 1.7215576171875, 1.3009073734283447, 1.0354437828063965, 0.8599627017974854, 0.8247452974319458, 0.6763579249382019, 0.6259885430335999, 0.5471723079681396, 0.4913427531719208, 0.47102054953575134, 0.46730539202690125, 0.4673308730125427, 0.4325371980667114, 0.4232569932937622, 0.4710808992385864, 0.44718170166015625, 0.4029431939125061, 0.3983997106552124, 0.3926564157009125, 0.40397346019744873, 0.3901604413986206, 0.39034393429756165, 0.4033416509628296, 0.38334667682647705, 0.40786775946617126, 0.41831791400909424, 0.3899248540401459, 0.37888967990875244, 0.3804546296596527, 0.3786426782608032, 0.3737327754497528, 0.38467350602149963, 0.3686836361885071, 0.3631100654602051, 0.36152926087379456, 0.3694782555103302, 0.3520657420158386, 0.35003525018692017, 0.352904736995697, 0.3472512364387512, 0.3427690267562866, 0.335959255695343, 0.3456152677536011, 0.3357515335083008, 0.3307651877403259, 0.36061906814575195, 0.34615999460220337, 0.33470070362091064, 0.3123107850551605, 0.30935871601104736, 0.3062678873538971, 0.2966512143611908, 0.2952432334423065, 0.28951582312583923, 0.288303017616272, 0.28068625926971436, 0.2794972062110901, 0.28093984723091125, 0.27114176750183105, 0.266067236661911, 0.2585207223892212, 0.253715842962265, 0.25821495056152344, 0.24642743170261383, 0.24437737464904785, 0.23983263969421387, 0.23295964300632477, 0.23543842136859894, 0.2297815978527069, 0.22075504064559937, 0.22016769647598267, 0.21207258105278015, 0.24717164039611816, 0.2063230276107788, 0.20531553030014038, 0.1990033984184265, 0.20706523954868317, 0.19493122398853302, 0.19479869306087494, 0.1902519315481186, 0.18396833539009094, 0.17884865403175354, 0.17995762825012207, 0.1801687479019165, 0.18082532286643982, 0.17395268380641937, 0.17582041025161743, 0.17494216561317444, 0.16880661249160767, 0.2247881293296814, 0.17088623344898224, 0.17331713438034058, 0.1618468165397644, 0.16625580191612244, 0.16349352896213531, 0.16778461635112762, 0.18768757581710815, 0.16178660094738007, 0.16389426589012146, 0.1597871333360672, 0.15891636908054352, 0.1560971587896347, 0.1566365659236908, 0.15942604839801788, 0.16077402234077454, 0.15805131196975708, 0.15714165568351746, 0.1498560756444931, 0.15964359045028687, 0.1561560034751892, 0.15239369869232178, 0.15045271813869476, 0.15025055408477783, 0.1523096263408661, 0.15329326689243317, 0.1489003449678421, 0.15019536018371582, 0.14471599459648132, 0.159493088722229, 0.1615682989358902, 0.1501884162425995, 0.1438961774110794, 0.1454494297504425, 0.1449865698814392, 0.1451008915901184, 0.1431242823600769, 0.14544498920440674, 0.14193004369735718, 0.15136410295963287, 0.1414397656917572, 0.14468906819820404, 0.14307808876037598, 0.143792986869812, 0.15108920633792877, 0.14341557025909424, 0.15270060300827026, 0.16835445165634155, 0.14709226787090302, 0.14321905374526978, 0.1430266797542572, 0.14958490431308746, 0.13988257944583893, 0.15385767817497253, 0.13913670182228088, 0.13977205753326416, 0.13966968655586243, 0.15073253214359283, 0.14073225855827332, 0.13941465318202972, 0.14206641912460327, 0.1420518010854721, 0.14983271062374115, 0.1404983550310135, 0.14099706709384918, 0.13819392025470734, 0.1405213326215744, 0.14526119828224182, 0.1354723870754242, 0.1452813446521759, 0.15653148293495178, 0.14861547946929932, 0.14684948325157166, 0.14685456454753876, 0.1384269744157791, 0.13578319549560547, 0.1343487799167633, 0.13701027631759644, 0.1506621390581131, 0.13660407066345215, 0.13472944498062134, 0.13674229383468628, 0.1387699395418167, 0.13875986635684967, 0.1411035656929016, 0.14717744290828705, 0.13952845335006714, 0.15506574511528015, 0.18345898389816284, 0.13985633850097656, 0.13812559843063354, 0.13776761293411255]"
0,[20],leaky_relu,adam,<keras.src.losses.losses.MeanSquaredError object at 0x73a3d7d3a450>,3,"[0.14263807237148285, 0.14572001993656158, 0.13910050690174103, 0.13912717998027802, 0.14477796852588654, 0.1452619731426239, 0.13936790823936462, 0.13990144431591034, 0.14034585654735565, 0.14315451681613922, 0.13908728957176208, 0.13899897038936615, 0.14268428087234497, 0.147785484790802]","[90.49293518066406, 7.786893844604492, 6.088479995727539, 5.830844402313232, 5.683195114135742, 5.617665767669678, 5.570906639099121, 5.541468143463135, 5.569651126861572, 5.5350565910339355, 5.439092636108398, 5.380119800567627, 5.33924674987793, 5.225300312042236, 5.018858909606934, 4.723415851593018, 4.210406303405762, 3.2591352462768555, 1.8489651679992676, 1.0393933057785034, 0.7643147706985474, 0.6512024402618408, 0.5822063088417053, 0.5295218229293823, 0.4862409234046936, 0.44613802433013916, 0.4142569303512573, 0.38791608810424805, 0.35285302996635437, 0.3271302282810211, 0.31017106771469116, 0.29213252663612366, 0.2795754671096802, 0.2675444781780243, 0.2597827613353729, 0.2488582879304886, 0.23843108117580414, 0.23285619914531708, 0.22187237441539764, 0.21026328206062317, 0.20515374839305878, 0.19643503427505493, 0.19472213089466095, 0.18254569172859192, 0.17746737599372864, 0.17457014322280884, 0.16939836740493774, 0.1648399829864502, 0.16488498449325562, 0.16595593094825745, 0.15783417224884033, 0.15483218431472778, 0.15710993111133575, 0.15500003099441528, 0.1587800532579422, 0.15112951397895813, 0.14947515726089478, 0.15055117011070251, 0.15002091228961945, 0.14661861956119537, 0.1490325927734375, 0.15077908337116241, 0.14692963659763336, 0.14682243764400482, 0.14318567514419556, 0.1531675159931183, 0.14414940774440765, 0.14314916729927063, 0.14711551368236542, 0.14909158647060394, 0.142477348446846, 0.14322082698345184, 0.14253216981887817, 0.1434040367603302, 0.14366088807582855, 0.14011237025260925, 0.1452900618314743, 0.1387866586446762, 0.14263807237148285, 0.14572001993656158, 0.13910050690174103, 0.13912717998027802, 0.14477796852588654, 0.1452619731426239, 0.13936790823936462, 0.13990144431591034, 0.14034585654735565, 0.14315451681613922, 0.13908728957176208, 0.13899897038936615, 0.14268428087234497, 0.147785484790802, 0.1398952454328537]"
0,[20],leaky_relu,adam,<keras.src.losses.losses.MeanSquaredError object at 0x73a3d7d3a450>,4,"[0.14264480769634247, 0.14494763314723969, 0.15740425884723663, 0.1420573592185974, 0.17624495923519135, 0.17185796797275543, 0.1569433957338333, 0.13985562324523926, 0.14590811729431152, 0.14442914724349976, 0.15261055529117584, 0.14538456499576569, 0.1409454196691513, 0.1428198516368866]","[81.43550872802734, 7.329751968383789, 6.084350109100342, 5.822797775268555, 5.683084487915039, 5.5980000495910645, 5.491979122161865, 5.403959274291992, 5.26938009262085, 5.029565811157227, 4.577768802642822, 3.76635479927063, 2.3615336418151855, 1.6067031621932983, 1.1613472700119019, 1.011206865310669, 0.8119626641273499, 0.7056667804718018, 0.6096316576004028, 0.7507712244987488, 0.5170575380325317, 0.4498489201068878, 0.4567945897579193, 0.3970373272895813, 0.3508484661579132, 0.34841060638427734, 0.3062635660171509, 0.2896955609321594, 0.2717587947845459, 0.2592114210128784, 0.2629461884498596, 0.24198614060878754, 0.24057285487651825, 0.22950275242328644, 0.21925823390483856, 0.21767805516719818, 0.2862694561481476, 0.2490486055612564, 0.2150181233882904, 0.20393139123916626, 0.19176428020000458, 0.18698209524154663, 0.18011081218719482, 0.21995513141155243, 0.18174007534980774, 0.17477844655513763, 0.16769129037857056, 0.18774749338626862, 0.23705381155014038, 0.16754071414470673, 0.16307853162288666, 0.16479355096817017, 0.1649525910615921, 0.17980562150478363, 0.16668663918972015, 0.15895430743694305, 0.1564881056547165, 0.15894466638565063, 0.15573880076408386, 0.1540602445602417, 0.15372830629348755, 0.15851373970508575, 0.15821333229541779, 0.15658293664455414, 0.15180900692939758, 0.15675583481788635, 0.1481473445892334, 0.15006045997142792, 0.14842480421066284, 0.14704817533493042, 0.14738088846206665, 0.1503148078918457, 0.15168002247810364, 0.15084579586982727, 0.14655111730098724, 0.14938919246196747, 0.14765691757202148, 0.14642781019210815, 0.145091712474823, 0.1465502679347992, 0.14489363133907318, 0.14848662912845612, 0.15966936945915222, 0.14613531529903412, 0.1463748812675476, 0.15253694355487823, 0.14472132921218872, 0.16022634506225586, 0.14221464097499847, 0.14749008417129517, 0.1459471434354782, 0.144866481423378, 0.14509588479995728, 0.1467559039592743, 0.14697952568531036, 0.15395987033843994, 0.14310209453105927, 0.17229744791984558, 0.15642991662025452, 0.14261086285114288, 0.15040796995162964, 0.14395536482334137, 0.14157795906066895, 0.1463073045015335, 0.1396154761314392, 0.14264480769634247, 0.14494763314723969, 0.15740425884723663, 0.1420573592185974, 0.17624495923519135, 0.17185796797275543, 0.1569433957338333, 0.13985562324523926, 0.14590811729431152, 0.14442914724349976, 0.15261055529117584, 0.14538456499576569, 0.1409454196691513, 0.1428198516368866, 0.14331790804862976]"
0,[20],leaky_relu,adam,<keras.src.losses.losses.MeanSquaredError object at 0x73a3d7d3a450>,5,"[0.03975563123822212, 0.04123551771044731, 0.03949711099267006, 0.04982571676373482, 0.049415066838264465, 0.041514378041028976, 0.03936817869544029, 0.03886789828538895, 0.04600789397954941, 0.0409451387822628, 0.04355785250663757, 0.03961951285600662, 0.04511161148548126, 0.04470507800579071]","[84.2784194946289, 7.325771808624268, 6.126002311706543, 5.896065711975098, 5.752400875091553, 5.677661895751953, 5.577825546264648, 5.534978866577148, 5.380453109741211, 5.196267127990723, 4.832582473754883, 4.208381652832031, 3.0815560817718506, 2.0677683353424072, 1.4772753715515137, 1.1155145168304443, 0.9157875776290894, 0.7952688336372375, 0.7505605220794678, 0.6333316564559937, 0.6049423217773438, 0.5088452696800232, 0.46913304924964905, 0.4119400382041931, 0.39784032106399536, 0.37343883514404297, 0.33761468529701233, 0.30706608295440674, 0.30278289318084717, 0.2806561291217804, 0.2699853181838989, 0.2508995234966278, 0.24125760793685913, 0.2326565831899643, 0.22243063151836395, 0.21106640994548798, 0.2152678221464157, 0.20127995312213898, 0.19804255664348602, 0.22916367650032043, 0.19768695533275604, 0.18336421251296997, 0.18396349251270294, 0.18335038423538208, 0.1754315346479416, 0.1764819473028183, 0.17902573943138123, 0.17439335584640503, 0.16801436245441437, 0.1679227352142334, 0.16996873915195465, 0.17043191194534302, 0.1631670594215393, 0.16394037008285522, 0.16202981770038605, 0.16156071424484253, 0.17373526096343994, 0.1852484941482544, 0.16076940298080444, 0.15852393209934235, 0.16547460854053497, 0.15560737252235413, 0.15557633340358734, 0.15699785947799683, 0.15137475728988647, 0.15145555138587952, 0.1491139978170395, 0.15104670822620392, 0.15343177318572998, 0.1483946591615677, 0.15097524225711823, 0.15239983797073364, 0.15427082777023315, 0.14902298152446747, 0.1510675549507141, 0.15080584585666656, 0.1577674150466919, 0.14566083252429962, 0.15528763830661774, 0.14732611179351807, 0.14490556716918945, 0.17313045263290405, 0.14535382390022278, 0.15004579722881317, 0.145449697971344, 0.14753593504428864, 0.1573089212179184, 0.14722642302513123, 0.1404421180486679, 0.14949098229408264, 0.14737874269485474, 0.15312539041042328, 0.1578914076089859, 0.22148749232292175, 0.13687358796596527, 0.14514876902103424, 0.15650531649589539, 0.14310838282108307, 0.13141827285289764, 0.14176246523857117, 0.13892096281051636, 0.15771906077861786, 0.13893920183181763, 0.12908250093460083, 0.12908609211444855, 0.13204923272132874, 0.13595184683799744, 0.12514258921146393, 0.13151709735393524, 0.13946983218193054, 0.12946029007434845, 0.12555640935897827, 0.13223637640476227, 0.1305665224790573, 0.12664979696273804, 0.12506099045276642, 0.12606430053710938, 0.12729914486408234, 0.13232268393039703, 0.12224912643432617, 0.12497849017381668, 0.12262548506259918, 0.12779396772384644, 0.14731654524803162, 0.1298484206199646, 0.12997207045555115, 0.13494114577770233, 0.12469018995761871, 0.12204407155513763, 0.12808066606521606, 0.12031667679548264, 0.12434956431388855, 0.1283072531223297, 0.13632875680923462, 0.12847048044204712, 0.12130627036094666, 0.11525247991085052, 0.118123359978199, 0.2423127442598343, 0.12442561984062195, 0.12022631615400314, 0.11961889266967773, 0.11484085023403168, 0.11677975207567215, 0.11435028165578842, 0.11353005468845367, 0.11276279389858246, 0.11627059429883957, 0.11484948545694351, 0.11440543085336685, 0.11176706850528717, 0.11305289715528488, 0.12364620715379715, 0.1171727329492569, 0.1114228293299675, 0.11236348748207092, 0.11118575930595398, 0.11285870522260666, 0.10985991358757019, 0.1088438332080841, 0.10499943792819977, 0.1062670648097992, 0.10748761892318726, 0.11291810125112534, 0.10408329963684082, 0.10772639513015747, 0.10709578543901443, 0.10227808356285095, 0.10877394676208496, 0.10247309505939484, 0.1262613981962204, 0.10983940213918686, 0.10459378361701965, 0.10228178650140762, 0.10193311423063278, 0.096888467669487, 0.1014031246304512, 0.10017736256122589, 0.10376033186912537, 0.09945127367973328, 0.10040442645549774, 0.09694486111402512, 0.09433937072753906, 0.09594747424125671, 0.09239843487739563, 0.11832097917795181, 0.0907723605632782, 0.08880063146352768, 0.0950029045343399, 0.08729879558086395, 0.09719395637512207, 0.08755307644605637, 0.09030060470104218, 0.08109139651060104, 0.0858449786901474, 0.10087677836418152, 0.07935438305139542, 0.08357222378253937, 0.13415783643722534, 0.07602334022521973, 0.07532238960266113, 0.08675486594438553, 0.08684126287698746, 0.06621815264225006, 0.0593203566968441, 0.06147904694080353, 0.06781213730573654, 0.20108617842197418, 0.11092584580183029, 0.05975386127829552, 0.05544111505150795, 0.05700327455997467, 0.05531952902674675, 0.05839529260993004, 0.05280708894133568, 0.053718384355306625, 0.05955275520682335, 0.052777960896492004, 0.05216284096240997, 0.05292050540447235, 0.0532083585858345, 0.05457853153347969, 0.052770793437957764, 0.06448826193809509, 0.05133790150284767, 0.05808281898498535, 0.05640028044581413, 0.056756582111120224, 0.059434037655591965, 0.05980033427476883, 0.07367046922445297, 0.06045260652899742, 0.05284326523542404, 0.05108128488063812, 0.05658581480383873, 0.054561592638492584, 0.05959479510784149, 0.052586741745471954, 0.05433310940861702, 0.08478780835866928, 0.05605088919401169, 0.057409271597862244, 0.061902813613414764, 0.05335400626063347, 0.05901162326335907, 0.06879106909036636, 0.05204670876264572, 0.04931933432817459, 0.050243303179740906, 0.1126861572265625, 0.05249781534075737, 0.04749544337391853, 0.05063803121447563, 0.0585930198431015, 0.050580475479364395, 0.04843811318278313, 0.08557271212339401, 0.054956816136837006, 0.06115096062421799, 0.05176497995853424, 0.04740807041525841, 0.05000974237918854, 0.05379212275147438, 0.14520400762557983, 0.05490769445896149, 0.04934273660182953, 0.05121821165084839, 0.05625629425048828, 0.055171284824609756, 0.04840569198131561, 0.04777858406305313, 0.04665439948439598, 0.05307205021381378, 0.050720665603876114, 0.049822546541690826, 0.04841575026512146, 0.04862464219331741, 0.05328020453453064, 0.04987451806664467, 0.05860724672675133, 0.053656283766031265, 0.051408883184194565, 0.04771501570940018, 0.05452539399266243, 0.04937988519668579, 0.048045143485069275, 0.044242724776268005, 0.050835028290748596, 0.045029040426015854, 0.058481231331825256, 0.042674824595451355, 0.0480460450053215, 0.05809615179896355, 0.045425258576869965, 0.07644500583410263, 0.06201232969760895, 0.04567483440041542, 0.04361589625477791, 0.047521770000457764, 0.0770348608493805, 0.04368443787097931, 0.04519246518611908, 0.04781834036111832, 0.04280082508921623, 0.04675088822841644, 0.04003145173192024, 0.041394490748643875, 0.03852633014321327, 0.03855676203966141, 0.0405341312289238, 0.05880507454276085, 0.039670247584581375, 0.041595179587602615, 0.04342326894402504, 0.03987342491745949, 0.039217572659254074, 0.03738284111022949, 0.04040491580963135, 0.041225314140319824, 0.03846634924411774, 0.03571562469005585, 0.03975563123822212, 0.04123551771044731, 0.03949711099267006, 0.04982571676373482, 0.049415066838264465, 0.041514378041028976, 0.03936817869544029, 0.03886789828538895, 0.04600789397954941, 0.0409451387822628, 0.04355785250663757, 0.03961951285600662, 0.04511161148548126, 0.04470507800579071, 0.03912446275353432]"
0,[20],leaky_relu,adam,<keras.src.losses.losses.MeanSquaredError object at 0x73a3d7d3a450>,6,"[0.08863610029220581, 0.07152189314365387, 0.06983804702758789, 0.061751313507556915, 0.06386030465364456, 0.06187549605965614, 0.0655905157327652, 0.06480610370635986, 0.060748398303985596, 0.07063838839530945, 0.06431734561920166, 0.06746337562799454, 0.062191180884838104, 0.059856098145246506]","[78.27597045898438, 7.530939102172852, 6.224632740020752, 5.9101104736328125, 5.749350070953369, 5.658205032348633, 5.63046932220459, 5.582985877990723, 5.551080226898193, 5.539735794067383, 5.505417823791504, 5.422138690948486, 5.283838748931885, 4.965654373168945, 4.31671142578125, 3.0019590854644775, 1.8079218864440918, 1.2210252285003662, 0.9616976976394653, 0.7935540676116943, 0.6798102855682373, 0.596736490726471, 0.5435656309127808, 0.5006425976753235, 0.46521705389022827, 0.43609029054641724, 0.4146033227443695, 0.3918910026550293, 0.37437206506729126, 0.36047759652137756, 0.34709814190864563, 0.3401416540145874, 0.32253772020339966, 0.31463631987571716, 0.30720263719558716, 0.30064335465431213, 0.29405438899993896, 0.2826768457889557, 0.28019997477531433, 0.27097833156585693, 0.26539912819862366, 0.25714385509490967, 0.24946175515651703, 0.24317431449890137, 0.24274174869060516, 0.23633235692977905, 0.2236335277557373, 0.22003796696662903, 0.21461164951324463, 0.21197929978370667, 0.2050752192735672, 0.19811706244945526, 0.19999705255031586, 0.19032901525497437, 0.18705731630325317, 0.1801202893257141, 0.17993833124637604, 0.19169092178344727, 0.17168095707893372, 0.16855870187282562, 0.1724269986152649, 0.1637863963842392, 0.15873849391937256, 0.1561877727508545, 0.1617049127817154, 0.15814955532550812, 0.15646129846572876, 0.1568485051393509, 0.1512090563774109, 0.15618355572223663, 0.15492823719978333, 0.1521829217672348, 0.14676964282989502, 0.14879600703716278, 0.1503538191318512, 0.15263928472995758, 0.15066155791282654, 0.14476269483566284, 0.14524763822555542, 0.14137911796569824, 0.14441971480846405, 0.1413584053516388, 0.14444933831691742, 0.14750143885612488, 0.13881544768810272, 0.13805890083312988, 0.1484326720237732, 0.13612648844718933, 0.1408843845129013, 0.13953110575675964, 0.1396959125995636, 0.14401760697364807, 0.13728834688663483, 0.14506031572818756, 0.14162594079971313, 0.1401771456003189, 0.13623051345348358, 0.13556170463562012, 0.13281288743019104, 0.13839222490787506, 0.1351897120475769, 0.13997238874435425, 0.14113189280033112, 0.1386559009552002, 0.1373923271894455, 0.1379232406616211, 0.14470291137695312, 0.1370665282011032, 0.14438071846961975, 0.13333959877490997, 0.13306741416454315, 0.13678377866744995, 0.13063886761665344, 0.13285492360591888, 0.1318354308605194, 0.13176505267620087, 0.13430163264274597, 0.13570763170719147, 0.13157595694065094, 0.13359203934669495, 0.13195358216762543, 0.1295410692691803, 0.12687517702579498, 0.13126669824123383, 0.12690557539463043, 0.1329377293586731, 0.1270473599433899, 0.13617704808712006, 0.1287781149148941, 0.1274862140417099, 0.12997673451900482, 0.13408932089805603, 0.13095439970493317, 0.12623198330402374, 0.12366458773612976, 0.12890198826789856, 0.12850713729858398, 0.12759976089000702, 0.12110906094312668, 0.1190563291311264, 0.12106602638959885, 0.11720451712608337, 0.1186993271112442, 0.1233849823474884, 0.12028377503156662, 0.11551894247531891, 0.11560634523630142, 0.11455706506967545, 0.11822477728128433, 0.11855509877204895, 0.11487749963998795, 0.14315737783908844, 0.11443369835615158, 0.11059257388114929, 0.11503834277391434, 0.10800394415855408, 0.10770193487405777, 0.1041688621044159, 0.11638171225786209, 0.10335156321525574, 0.10187016427516937, 0.09850871562957764, 0.09764364361763, 0.09371356666088104, 0.09389669448137283, 0.09960007667541504, 0.09381787478923798, 0.08283710479736328, 0.08626201748847961, 0.08661682903766632, 0.07780395448207855, 0.07689258456230164, 0.0853586494922638, 0.08303710073232651, 0.07715342938899994, 0.08559665083885193, 0.07445921003818512, 0.08034157007932663, 0.08008939772844315, 0.0782645046710968, 0.08815104514360428, 0.07429584115743637, 0.07021517306566238, 0.07241841405630112, 0.07185927778482437, 0.08082517981529236, 0.0729474350810051, 0.07223279029130936, 0.08091889321804047, 0.07073914259672165, 0.07555779814720154, 0.07130490243434906, 0.07050348073244095, 0.0676785558462143, 0.070868581533432, 0.07521187514066696, 0.07189333438873291, 0.06675247848033905, 0.06777846068143845, 0.08605151623487473, 0.07020986080169678, 0.07008921355009079, 0.08601388335227966, 0.08201488852500916, 0.06537529081106186, 0.06991709768772125, 0.0777428075671196, 0.06749825179576874, 0.06493648886680603, 0.06526105105876923, 0.06638075411319733, 0.06564775109291077, 0.07694973051548004, 0.06732894480228424, 0.06342868506908417, 0.06712109595537186, 0.06679735332727432, 0.06703347712755203, 0.07014575600624084, 0.07020964473485947, 0.06865183264017105, 0.06835704296827316, 0.06562544405460358, 0.05943731963634491, 0.08863610029220581, 0.07152189314365387, 0.06983804702758789, 0.061751313507556915, 0.06386030465364456, 0.06187549605965614, 0.0655905157327652, 0.06480610370635986, 0.060748398303985596, 0.07063838839530945, 0.06431734561920166, 0.06746337562799454, 0.062191180884838104, 0.059856098145246506, 0.06822539865970612]"
0,[20],leaky_relu,adam,<keras.src.losses.losses.MeanSquaredError object at 0x73a3d7d3a450>,7,"[0.06012775003910065, 0.06255041807889938, 0.05988021194934845, 0.061541542410850525, 0.06710462272167206, 0.0740642324090004, 0.061299845576286316, 0.06431349366903305, 0.0610705204308033, 0.06446970999240875, 0.05988094583153725, 0.06316883116960526, 0.06990012526512146, 0.06417179852724075]","[56.194801330566406, 6.971852779388428, 5.910341262817383, 5.763671398162842, 5.6685895919799805, 5.607382297515869, 5.603517532348633, 5.5640997886657715, 5.537856101989746, 5.513869762420654, 5.509975910186768, 5.46000862121582, 5.396946907043457, 5.307343006134033, 5.156317710876465, 4.945809841156006, 4.494688034057617, 3.5273611545562744, 2.1919491291046143, 1.3810043334960938, 1.0061907768249512, 0.8229698538780212, 0.6756277084350586, 0.5837231278419495, 0.5263885855674744, 0.46844884753227234, 0.4334423542022705, 0.4788806736469269, 0.43772754073143005, 0.34892141819000244, 0.33185604214668274, 0.314558744430542, 0.30838850140571594, 0.28154096007347107, 0.2653135657310486, 0.2520899176597595, 0.26074257493019104, 0.23214203119277954, 0.22775337100028992, 0.22027309238910675, 0.21279481053352356, 0.20515473186969757, 0.19813060760498047, 0.19669109582901, 0.18862827122211456, 0.18498903512954712, 0.17941541969776154, 0.17490369081497192, 0.17643313109874725, 0.16904908418655396, 0.16958341002464294, 0.16534702479839325, 0.1573297679424286, 0.15518635511398315, 0.15664894878864288, 0.15408457815647125, 0.14876745641231537, 0.145734965801239, 0.1457778811454773, 0.1420982927083969, 0.14857816696166992, 0.1422923356294632, 0.13704676926136017, 0.13674667477607727, 0.13485249876976013, 0.13334894180297852, 0.1339496225118637, 0.1305871605873108, 0.128199502825737, 0.12820632755756378, 0.1260913610458374, 0.1266051083803177, 0.12710924446582794, 0.12323955446481705, 0.12470418959856033, 0.12172260880470276, 0.12182263284921646, 0.11701377481222153, 0.12023075670003891, 0.12105876952409744, 0.11824854463338852, 0.1208309605717659, 0.11519523710012436, 0.12022855877876282, 0.11768046021461487, 0.11891886591911316, 0.11435936391353607, 0.113792285323143, 0.11333232372999191, 0.11240875720977783, 0.11112257093191147, 0.10963103175163269, 0.11333317309617996, 0.11002779006958008, 0.11146032810211182, 0.10968095809221268, 0.11118052899837494, 0.10808315873146057, 0.10755497962236404, 0.10852590203285217, 0.1086765006184578, 0.11244164407253265, 0.10641476511955261, 0.11422017961740494, 0.10449372231960297, 0.10532950609922409, 0.10318145900964737, 0.1075240895152092, 0.10722458362579346, 0.12158404290676117, 0.10857180505990982, 0.10676229745149612, 0.1053045392036438, 0.10696151852607727, 0.10045990347862244, 0.10302061587572098, 0.10150999575853348, 0.10052989423274994, 0.10551010817289352, 0.09890243411064148, 0.09732802957296371, 0.09803248941898346, 0.10492726415395737, 0.09755703806877136, 0.09803597629070282, 0.09736362844705582, 0.09679677337408066, 0.09271301329135895, 0.09753714501857758, 0.09906405210494995, 0.09576226770877838, 0.09975560009479523, 0.09407788515090942, 0.09225443005561829, 0.09011862426996231, 0.0986190140247345, 0.09098997712135315, 0.1012885794043541, 0.08820199221372604, 0.08864284306764603, 0.09418929368257523, 0.0964079201221466, 0.0936095342040062, 0.0868583545088768, 0.08382623642683029, 0.09536272287368774, 0.09256439656019211, 0.08306651562452316, 0.08492490649223328, 0.08371248841285706, 0.0822572186589241, 0.08551376312971115, 0.08021367341279984, 0.08420530706644058, 0.08565465360879898, 0.0944267064332962, 0.07730819284915924, 0.08283577859401703, 0.07667461037635803, 0.07980862259864807, 0.08810409903526306, 0.07916443049907684, 0.07513413578271866, 0.0753679871559143, 0.07335089147090912, 0.07671733945608139, 0.07790739089250565, 0.07531484961509705, 0.07153307646512985, 0.07323352247476578, 0.07192206382751465, 0.07663682103157043, 0.07235124707221985, 0.07044853270053864, 0.0719832181930542, 0.0770288035273552, 0.07096632570028305, 0.07022890448570251, 0.07359537482261658, 0.0751010924577713, 0.06781933456659317, 0.06966856122016907, 0.07000172138214111, 0.07407791167497635, 0.07410922646522522, 0.06664291024208069, 0.06899073719978333, 0.0681217610836029, 0.06895396113395691, 0.07039466500282288, 0.06338154524564743, 0.06999881565570831, 0.06894323229789734, 0.07576511800289154, 0.0635429322719574, 0.06451845169067383, 0.0753869041800499, 0.0721462070941925, 0.06689277291297913, 0.06703241914510727, 0.08015477657318115, 0.07168936729431152, 0.06781714409589767, 0.06223387271165848, 0.06725558638572693, 0.06922972947359085, 0.06352327764034271, 0.060960616916418076, 0.06061701476573944, 0.06436222046613693, 0.06526900827884674, 0.06399122625589371, 0.06533867120742798, 0.06478435546159744, 0.07058917731046677, 0.05964602902531624, 0.062192339450120926, 0.06800570338964462, 0.059473056346178055, 0.06012775003910065, 0.06255041807889938, 0.05988021194934845, 0.061541542410850525, 0.06710462272167206, 0.0740642324090004, 0.061299845576286316, 0.06431349366903305, 0.0610705204308033, 0.06446970999240875, 0.05988094583153725, 0.06316883116960526, 0.06990012526512146, 0.06417179852724075, 0.06055973097681999]"
0,[20],leaky_relu,nadam,<keras.src.losses.losses.MeanSquaredError object at 0x73a3d7d3a450>,1,"[5.574548721313477, 5.593739032745361, 5.577871322631836, 5.569036483764648, 5.578822612762451, 5.580015182495117, 5.580540180206299, 5.628846168518066, 5.573358535766602, 5.57263708114624, 5.577791690826416, 5.567497253417969, 5.641811370849609, 5.58641242980957]","[119.15476989746094, 7.653061866760254, 6.317137718200684, 5.998918533325195, 5.801695823669434, 5.701066970825195, 5.668745040893555, 5.649563789367676, 5.64873743057251, 5.62106990814209, 5.631931781768799, 5.62013053894043, 5.6150054931640625, 5.617238998413086, 5.641676425933838, 5.599807262420654, 5.597940444946289, 5.6297783851623535, 5.610830307006836, 5.599691390991211, 5.605046272277832, 5.603861331939697, 5.6348137855529785, 5.5908355712890625, 5.642229080200195, 5.610055923461914, 5.600706100463867, 5.593189716339111, 5.58787202835083, 5.618483543395996, 5.589356899261475, 5.601603031158447, 5.596076965332031, 5.60619592666626, 5.582120895385742, 5.623387813568115, 5.5783843994140625, 5.603333473205566, 5.591651916503906, 5.578694820404053, 5.58604097366333, 5.574350833892822, 5.642300128936768, 5.575212478637695, 5.582963943481445, 5.600553035736084, 5.600528240203857, 5.589541912078857, 5.606388092041016, 5.572726726531982, 5.583393573760986, 5.573184967041016, 5.569456100463867, 5.601690292358398, 5.58695125579834, 5.6451239585876465, 5.569940567016602, 5.66707181930542, 5.57884407043457, 5.587154388427734, 5.569839000701904, 5.612730979919434, 5.608302593231201, 5.575742244720459, 5.567017078399658, 5.574548721313477, 5.593739032745361, 5.577871322631836, 5.569036483764648, 5.578822612762451, 5.580015182495117, 5.580540180206299, 5.628846168518066, 5.573358535766602, 5.57263708114624, 5.577791690826416, 5.567497253417969, 5.641811370849609, 5.58641242980957, 5.578993320465088]"
0,[20],leaky_relu,nadam,<keras.src.losses.losses.MeanSquaredError object at 0x73a3d7d3a450>,2,"[0.18556730449199677, 0.1451876014471054, 0.14464282989501953, 0.20543761551380157, 0.14363019168376923, 0.1426018625497818, 0.14412599802017212, 0.2506328821182251, 0.1447923332452774, 0.14709797501564026, 0.15962353348731995, 0.18386343121528625, 0.14853399991989136, 0.144408717751503]","[67.02481079101562, 6.838405132293701, 6.00658655166626, 5.810186386108398, 5.713187217712402, 5.641042709350586, 5.633824825286865, 5.59239387512207, 5.585659980773926, 5.580049514770508, 5.5755615234375, 5.601832866668701, 5.587368488311768, 5.58341121673584, 5.600374221801758, 5.681422233581543, 5.577085494995117, 5.584730625152588, 5.5753679275512695, 5.602101802825928, 5.602054119110107, 5.692951679229736, 5.586599826812744, 5.580835819244385, 5.580073833465576, 5.596564292907715, 5.605307579040527, 5.592543601989746, 5.622791767120361, 5.597280502319336, 5.592057228088379, 5.587165832519531, 5.606721878051758, 5.571869850158691, 5.658450603485107, 5.6468682289123535, 5.573922157287598, 5.565051555633545, 5.5529913902282715, 5.5406270027160645, 5.526609420776367, 5.592106819152832, 5.498088359832764, 5.522396087646484, 5.42418098449707, 5.295399188995361, 5.096832752227783, 4.1851420402526855, 1.6714043617248535, 0.8293402194976807, 0.47940772771835327, 0.3705541789531708, 0.3204326629638672, 0.24931839108467102, 0.2650276720523834, 0.23371383547782898, 0.19799095392227173, 0.18795587122440338, 0.18493281304836273, 0.16866731643676758, 0.16689133644104004, 0.16172681748867035, 0.15811586380004883, 0.17348304390907288, 0.15281444787979126, 0.17335866391658783, 0.17644962668418884, 0.1648802012205124, 0.14805155992507935, 0.1779118925333023, 0.17758618295192719, 0.1453002542257309, 0.14532823860645294, 0.17884677648544312, 0.27918484807014465, 0.14792773127555847, 0.14870595932006836, 0.16130371391773224, 0.164466992020607, 0.1481928527355194, 0.15379108488559723, 0.15020550787448883, 0.1436043232679367, 0.3437703549861908, 0.15046316385269165, 0.14417029917240143, 0.1415158361196518, 0.18556730449199677, 0.1451876014471054, 0.14464282989501953, 0.20543761551380157, 0.14363019168376923, 0.1426018625497818, 0.14412599802017212, 0.2506328821182251, 0.1447923332452774, 0.14709797501564026, 0.15962353348731995, 0.18386343121528625, 0.14853399991989136, 0.144408717751503, 0.1488269865512848]"
0,[20],leaky_relu,nadam,<keras.src.losses.losses.MeanSquaredError object at 0x73a3d7d3a450>,3,"[0.18700125813484192, 0.06108744442462921, 0.054935310035943985, 0.059028081595897675, 0.07960768043994904, 0.06419003754854202, 0.05600420758128166, 0.05938635766506195, 0.08953610062599182, 0.06513836979866028, 0.07638019323348999, 0.06141620874404907, 0.06611321866512299, 0.06286714226007462]","[59.22876739501953, 6.6490983963012695, 5.807269096374512, 5.6802754402160645, 5.639632225036621, 5.593667030334473, 5.588925838470459, 5.587374210357666, 5.5619072914123535, 5.54567813873291, 5.5371270179748535, 5.529638290405273, 5.497023105621338, 5.423005104064941, 5.340837001800537, 5.197116851806641, 4.977005958557129, 4.580150127410889, 3.812739133834839, 2.4551656246185303, 1.405798077583313, 1.0039048194885254, 0.7922465801239014, 0.6754247546195984, 0.5967945456504822, 0.5448935627937317, 0.5037424564361572, 0.47234460711479187, 0.44629812240600586, 0.43342551589012146, 0.40676259994506836, 0.39320334792137146, 0.3814850449562073, 0.37235593795776367, 0.36703383922576904, 0.3517371416091919, 0.3530081808567047, 0.3440178632736206, 0.3361060619354248, 0.3357793688774109, 0.3339823782444, 0.3194316625595093, 0.31959691643714905, 0.3106873333454132, 0.31309741735458374, 0.3027046024799347, 0.3003910183906555, 0.29324135184288025, 0.2896695137023926, 0.285446435213089, 0.280259907245636, 0.2907508313655853, 0.27479755878448486, 0.26731693744659424, 0.26104679703712463, 0.27085402607917786, 0.254177063703537, 0.24790869653224945, 0.2434966266155243, 0.2371552288532257, 0.30855610966682434, 0.2290719896554947, 0.2221040427684784, 0.2468864619731903, 0.21443265676498413, 0.21323111653327942, 0.20592673122882843, 0.20277351140975952, 0.20080140233039856, 0.1934879720211029, 0.19481703639030457, 0.18960539996623993, 0.21090549230575562, 0.17999543249607086, 0.17473448812961578, 0.1750459372997284, 0.1917111575603485, 0.21844936907291412, 0.16652263700962067, 0.16583600640296936, 0.1644326001405716, 0.16469457745552063, 0.16598504781723022, 0.15959489345550537, 0.16629205644130707, 0.21013832092285156, 0.16569054126739502, 0.14842568337917328, 0.1524966061115265, 0.15520408749580383, 0.155861958861351, 0.16529932618141174, 0.14270612597465515, 0.1429058462381363, 0.14402221143245697, 0.14477795362472534, 0.15757012367248535, 0.14949913322925568, 0.14002321660518646, 0.16051064431667328, 0.14869485795497894, 0.13562574982643127, 0.14115159213542938, 0.13476888835430145, 0.1310207098722458, 0.1417146623134613, 0.13271786272525787, 0.13455073535442352, 0.1283818632364273, 0.13393931090831757, 0.25518548488616943, 0.12589558959007263, 0.12404455244541168, 0.14096733927726746, 0.1268364042043686, 0.12718097865581512, 0.13291911780834198, 0.16239851713180542, 0.1213151067495346, 0.12120315432548523, 0.13836202025413513, 0.1367720365524292, 0.11845992505550385, 0.12394102662801743, 0.12994307279586792, 0.11337730288505554, 0.14802037179470062, 0.12701840698719025, 0.11194205284118652, 0.1457822322845459, 0.1252085566520691, 0.11553951352834702, 0.11536725610494614, 0.11546988040208817, 0.15999791026115417, 0.11501702666282654, 0.1222514733672142, 0.10958525538444519, 0.16050992906093597, 0.11691142618656158, 0.11282539367675781, 0.10670386254787445, 0.11000760644674301, 0.12004826962947845, 0.11146232485771179, 0.124723419547081, 0.10451105237007141, 0.10727353394031525, 0.1607019603252411, 0.103733129799366, 0.11019480973482132, 0.09986953437328339, 0.11795898526906967, 0.10623690485954285, 0.10079959034919739, 0.10391800105571747, 0.16472680866718292, 0.1037626788020134, 0.11647486686706543, 0.11581513285636902, 0.09837514907121658, 0.09888245165348053, 0.11187276244163513, 0.10379094630479813, 0.09224224090576172, 0.09593772888183594, 0.09360987693071365, 0.09651079773902893, 0.10234031081199646, 0.09225673973560333, 0.09196288138628006, 0.10930854082107544, 0.11562809348106384, 0.09608922898769379, 0.08915368467569351, 0.11531105637550354, 0.10150817781686783, 0.08824203908443451, 0.08652070164680481, 0.11670446395874023, 0.08727790415287018, 0.10066906362771988, 0.09013285487890244, 0.08544173091650009, 0.08430995047092438, 0.10068827122449875, 0.10111483186483383, 0.10342142730951309, 0.08476751297712326, 0.1306273192167282, 0.08033808320760727, 0.09078782051801682, 0.09531349688768387, 0.08834430575370789, 0.07588212192058563, 0.10475557297468185, 0.07895193248987198, 0.11245587468147278, 0.07493186742067337, 0.07492934912443161, 0.07515057176351547, 0.08530198782682419, 0.09792665392160416, 0.07386664301156998, 0.07530537992715836, 0.06960320472717285, 0.1451626420021057, 0.07020258158445358, 0.07309050112962723, 0.06881210207939148, 0.07611174881458282, 0.1527954638004303, 0.07448416948318481, 0.06791181117296219, 0.06904091686010361, 0.13405688107013702, 0.08546432852745056, 0.07377939671278, 0.07116848975419998, 0.0658688172698021, 0.09532660245895386, 0.09066510945558548, 0.07269801944494247, 0.06292454153299332, 0.07751438021659851, 0.08401679992675781, 0.06984877586364746, 0.06964580714702606, 0.1038452684879303, 0.0663948729634285, 0.06145427003502846, 0.07588359713554382, 0.07345190644264221, 0.07891089469194412, 0.06358034163713455, 0.0813770666718483, 0.06903312355279922, 0.058280058205127716, 0.060549065470695496, 0.07117818295955658, 0.06335718184709549, 0.07441433519124985, 0.07041097432374954, 0.05700536444783211, 0.05691065266728401, 0.06952881067991257, 0.08272655308246613, 0.058642465621232986, 0.059357352554798126, 0.054863862693309784, 0.18700125813484192, 0.06108744442462921, 0.054935310035943985, 0.059028081595897675, 0.07960768043994904, 0.06419003754854202, 0.05600420758128166, 0.05938635766506195, 0.08953610062599182, 0.06513836979866028, 0.07638019323348999, 0.06141620874404907, 0.06611321866512299, 0.06286714226007462, 0.058169424533843994]"
0,[20],leaky_relu,nadam,<keras.src.losses.losses.MeanSquaredError object at 0x73a3d7d3a450>,4,"[0.10989068448543549, 0.11054036021232605, 0.11360885202884674, 0.18111415207386017, 0.12252548336982727, 0.10794295370578766, 0.12143746763467789, 0.15122345089912415, 0.11076061427593231, 0.11662247776985168, 0.1458905041217804, 0.11958757042884827, 0.11274436861276627, 0.1085028424859047]","[61.98277282714844, 6.820451736450195, 6.047773838043213, 5.845668315887451, 5.72050666809082, 5.675251483917236, 5.62651252746582, 5.639462947845459, 5.5915350914001465, 5.580748081207275, 5.617147922515869, 5.558180809020996, 5.540994644165039, 5.569807052612305, 5.500073432922363, 5.453401565551758, 5.389726638793945, 5.305383682250977, 5.154782772064209, 4.88187837600708, 4.420313835144043, 3.5724987983703613, 2.352837324142456, 1.5516806840896606, 1.2086963653564453, 0.9862826466560364, 0.8577073216438293, 0.7438995838165283, 0.6711943745613098, 0.6194079518318176, 0.5721263289451599, 0.5399872064590454, 0.5157925486564636, 0.48055872321128845, 0.463351309299469, 0.4462219774723053, 0.4354150593280792, 0.4207009971141815, 0.41149213910102844, 0.41877031326293945, 0.40738317370414734, 0.3956149220466614, 0.41421353816986084, 0.38391169905662537, 0.39752885699272156, 0.3815258741378784, 0.3791797161102295, 0.4728834331035614, 0.3775028586387634, 0.37419965863227844, 0.374220609664917, 0.3781884014606476, 0.3735586404800415, 0.39409714937210083, 0.36108076572418213, 0.37334489822387695, 0.41176190972328186, 0.3650584816932678, 0.35494348406791687, 0.40007326006889343, 0.3515118658542633, 0.35599231719970703, 0.35954150557518005, 0.3535432815551758, 0.3726535439491272, 0.3605594038963318, 0.34467989206314087, 0.3695865869522095, 0.3446277379989624, 0.3354390561580658, 0.3334224820137024, 0.34950822591781616, 0.35474660992622375, 0.32219398021698, 0.31765639781951904, 0.3268190622329712, 0.34272500872612, 0.30365240573883057, 0.32514116168022156, 0.31011006236076355, 0.3192857503890991, 0.28168177604675293, 0.29555150866508484, 0.28987178206443787, 0.2812753915786743, 0.26939094066619873, 0.2612239420413971, 0.2684746980667114, 0.2594029903411865, 0.22842876613140106, 0.24998381733894348, 0.2596908509731293, 0.2214370220899582, 0.20959070324897766, 0.19648903608322144, 0.19666610658168793, 0.28569158911705017, 0.17842811346054077, 0.17303144931793213, 0.1691378802061081, 0.16418711841106415, 0.16875895857810974, 0.2053910344839096, 0.15281876921653748, 0.14407756924629211, 0.14856606721878052, 0.1853196620941162, 0.18089619278907776, 0.12965692579746246, 0.13398687541484833, 0.1393754482269287, 0.16868437826633453, 0.1267719715833664, 0.12678319215774536, 0.13091249763965607, 0.12553942203521729, 0.19680458307266235, 0.11929900199174881, 0.1266012042760849, 0.1390957087278366, 0.13434724509716034, 0.13032633066177368, 0.12252693623304367, 0.13471317291259766, 0.12674744427204132, 0.11318948864936829, 0.16708292067050934, 0.16270597279071808, 0.11341091990470886, 0.11537143588066101, 0.10962577164173126, 0.11517290025949478, 0.2496364861726761, 0.11163168400526047, 0.1201278492808342, 0.10922980308532715, 0.14228017628192902, 0.35651981830596924, 0.10542718321084976, 0.10989068448543549, 0.11054036021232605, 0.11360885202884674, 0.18111415207386017, 0.12252548336982727, 0.10794295370578766, 0.12143746763467789, 0.15122345089912415, 0.11076061427593231, 0.11662247776985168, 0.1458905041217804, 0.11958757042884827, 0.11274436861276627, 0.1085028424859047, 0.15555858612060547]"
0,[20],leaky_relu,nadam,<keras.src.losses.losses.MeanSquaredError object at 0x73a3d7d3a450>,5,"[0.08001425862312317, 0.07739673554897308, 0.08723947405815125, 0.13747985661029816, 0.07963963598012924, 0.07890656590461731, 0.07646296918392181, 0.09136006981134415, 0.07368803769350052, 0.08699926733970642, 0.08860120177268982, 0.08771051466464996, 0.08952082693576813, 0.10496824234724045]","[55.01322937011719, 6.739227294921875, 5.854158878326416, 5.713647842407227, 5.627534866333008, 5.592326641082764, 5.568244457244873, 5.562544822692871, 5.541998386383057, 5.505194187164307, 5.475464820861816, 5.403697490692139, 5.303513526916504, 5.17495584487915, 4.387993335723877, 2.07381534576416, 0.8845341205596924, 0.6041730046272278, 0.49038970470428467, 0.43826791644096375, 0.4120505750179291, 0.4004613161087036, 0.3739088475704193, 0.4382868707180023, 0.36757364869117737, 0.37122833728790283, 0.38089242577552795, 0.35797762870788574, 0.3659546673297882, 0.3867335915565491, 0.3571881651878357, 0.40786659717559814, 0.3529532849788666, 0.3611152470111847, 0.3738449811935425, 0.3565654158592224, 0.34800609946250916, 0.3683405816555023, 0.335946649312973, 0.34523794054985046, 0.403421550989151, 0.32985660433769226, 0.33445629477500916, 0.31678706407546997, 0.32000771164894104, 0.3253020644187927, 0.30845409631729126, 0.33134207129478455, 0.3304542899131775, 0.2954411804676056, 0.3230322301387787, 0.2966171205043793, 0.28220510482788086, 0.3103867769241333, 0.2976309359073639, 0.2597580850124359, 0.2564917802810669, 0.34738805890083313, 0.25664371252059937, 0.24892960488796234, 0.2390020489692688, 0.32091400027275085, 0.22039471566677094, 0.219269260764122, 0.20895153284072876, 0.2035558670759201, 0.21737663447856903, 0.18594807386398315, 0.18306231498718262, 0.20878243446350098, 0.16982494294643402, 0.1581871509552002, 0.15779946744441986, 0.2195524126291275, 0.14842036366462708, 0.13414189219474792, 0.13316833972930908, 0.2267283797264099, 0.12375316023826599, 0.12161021679639816, 0.12701188027858734, 0.15083961188793182, 0.1303144246339798, 0.11830498278141022, 0.12097819894552231, 0.12471619993448257, 0.1336391270160675, 0.12336524575948715, 0.12594038248062134, 0.10967189818620682, 0.11278501898050308, 0.17131513357162476, 0.11071619391441345, 0.10663473606109619, 0.12199628353118896, 0.14457525312900543, 0.10967281460762024, 0.1098637804389, 0.11128412187099457, 0.18217381834983826, 0.10303054004907608, 0.1084718406200409, 0.10804210603237152, 0.1996271312236786, 0.11296088248491287, 0.10577494651079178, 0.12593916058540344, 0.14311033487319946, 0.10055232048034668, 0.10506953299045563, 0.10910143703222275, 0.15438807010650635, 0.11075111478567123, 0.11625989526510239, 0.11685308068990707, 0.22507637739181519, 0.10586145520210266, 0.09985329955816269, 0.10834141075611115, 0.1267882138490677, 0.12336283177137375, 0.10535959899425507, 0.10633204877376556, 0.11302307993173599, 0.14536477625370026, 0.1263328194618225, 0.11929835379123688, 0.10413885116577148, 0.09683248400688171, 0.11725298315286636, 0.12434397637844086, 0.11075252294540405, 0.09634071588516235, 0.09856431931257248, 0.2532323896884918, 0.09267453849315643, 0.09887614101171494, 0.12261684983968735, 0.09323171526193619, 0.09493972361087799, 0.09493425488471985, 0.16643713414669037, 0.09264126420021057, 0.09818876534700394, 0.09941694140434265, 0.13241173326969147, 0.12095820903778076, 0.10970073938369751, 0.13153427839279175, 0.1062605232000351, 0.1199035793542862, 0.08743114024400711, 0.0886334478855133, 0.15146581828594208, 0.09400835633277893, 0.0879192128777504, 0.09504972398281097, 0.12721574306488037, 0.08995337039232254, 0.09117459505796432, 0.09267757833003998, 0.09110241383314133, 0.15579183399677277, 0.08547380566596985, 0.08785420656204224, 0.09728504717350006, 0.11397511512041092, 0.09548976272344589, 0.09219242632389069, 0.0912419855594635, 0.17239142954349518, 0.08340435475111008, 0.08777552098035812, 0.09389874339103699, 0.1852039098739624, 0.08525379002094269, 0.08436740189790726, 0.08916553854942322, 0.0868193507194519, 0.09696666151285172, 0.08873539417982101, 0.08188647776842117, 0.0807533860206604, 0.1478756219148636, 0.08208087086677551, 0.0898120254278183, 0.08243593573570251, 0.1177709773182869, 0.07448265701532364, 0.07349514216184616, 0.08817818760871887, 0.10822144150733948, 0.07385540008544922, 0.08075270056724548, 0.08063843846321106, 0.08180281519889832, 0.07070867717266083, 0.08001425862312317, 0.07739673554897308, 0.08723947405815125, 0.13747985661029816, 0.07963963598012924, 0.07890656590461731, 0.07646296918392181, 0.09136006981134415, 0.07368803769350052, 0.08699926733970642, 0.08860120177268982, 0.08771051466464996, 0.08952082693576813, 0.10496824234724045, 0.07727920264005661]"
0,[20],leaky_relu,nadam,<keras.src.losses.losses.MeanSquaredError object at 0x73a3d7d3a450>,6,"[0.08940596133470535, 0.06053410470485687, 0.05330519378185272, 0.054124485701322556, 0.10633179545402527, 0.058568041771650314, 0.07055416703224182, 0.08129313588142395, 0.06928568333387375, 0.07066760212182999, 0.058023903518915176, 0.10371535271406174, 0.05440244451165199, 0.06672409176826477]","[41.71644592285156, 6.81285285949707, 6.051584720611572, 5.799326419830322, 5.650911808013916, 5.623014450073242, 5.572544574737549, 5.560144424438477, 5.5566277503967285, 5.547053337097168, 5.536982536315918, 5.541261672973633, 5.480615615844727, 5.427666664123535, 5.346734523773193, 5.157856464385986, 4.794480800628662, 4.0086188316345215, 2.5677075386047363, 1.448477029800415, 1.0260536670684814, 0.8297560811042786, 0.6629348993301392, 0.5652690529823303, 0.48339831829071045, 0.4344837963581085, 0.3847128450870514, 0.34831690788269043, 0.313429057598114, 0.3149224519729614, 0.27799171209335327, 0.2870222330093384, 0.28864172101020813, 0.24364526569843292, 0.22523853182792664, 0.21400053799152374, 0.20503953099250793, 0.19455543160438538, 0.19565878808498383, 0.27553093433380127, 0.18168072402477264, 0.18196362257003784, 0.19696468114852905, 0.1773926168680191, 0.1875392347574234, 0.1687280535697937, 0.18182922899723053, 0.17544108629226685, 0.1813119351863861, 0.16239427030086517, 0.1684267669916153, 0.18295077979564667, 0.17245115339756012, 0.15532732009887695, 0.1480047106742859, 0.167991504073143, 0.19054625928401947, 0.15783041715621948, 0.15384754538536072, 0.14901548624038696, 0.20131278038024902, 0.26549121737480164, 0.15780232846736908, 0.1410636305809021, 0.14134438335895538, 0.2015801966190338, 0.13866570591926575, 0.13649015128612518, 0.1397141069173813, 0.1616867184638977, 0.19772253930568695, 0.133539617061615, 0.13965624570846558, 0.1328185498714447, 0.1847345232963562, 0.1378529667854309, 0.12917757034301758, 0.13007324934005737, 0.1983092874288559, 0.12925878167152405, 0.12616066634655, 0.13202203810214996, 0.13693591952323914, 0.17384548485279083, 0.13937081396579742, 0.12752126157283783, 0.13007794320583344, 0.13531655073165894, 0.17883072793483734, 0.12650349736213684, 0.12252222001552582, 0.1341206580400467, 0.13544407486915588, 0.12460218369960785, 0.1278865486383438, 0.12914004921913147, 0.18937481939792633, 0.12978467345237732, 0.12103857100009918, 0.12535780668258667, 0.12933796644210815, 0.16283130645751953, 0.12923213839530945, 0.12097831815481186, 0.13781195878982544, 0.12835083901882172, 0.13271354138851166, 0.18710865080356598, 0.12052086740732193, 0.12365105748176575, 0.13513316214084625, 0.1212170422077179, 0.1580348014831543, 0.1929093301296234, 0.15452639758586884, 0.12032675743103027, 0.1226997897028923, 0.13806498050689697, 0.20457443594932556, 0.12670888006687164, 0.12646037340164185, 0.12946662306785583, 0.20069381594657898, 0.11741357296705246, 0.1186392605304718, 0.1194603443145752, 0.1262967586517334, 0.1586381196975708, 0.11675373464822769, 0.12727713584899902, 0.13828791677951813, 0.11367622762918472, 0.11585353314876556, 0.1887490302324295, 0.11369352787733078, 0.12995944917201996, 0.18858441710472107, 0.12137571722269058, 0.12292157113552094, 0.1280699074268341, 0.15068396925926208, 0.11246393620967865, 0.11786055564880371, 0.11257055401802063, 0.1502218246459961, 0.11378664523363113, 0.11069241166114807, 0.11209180951118469, 0.15651190280914307, 0.10728389024734497, 0.14998841285705566, 0.11408422887325287, 0.11644230782985687, 0.17604832351207733, 0.10681770741939545, 0.10430795699357986, 0.1048385500907898, 0.16276636719703674, 0.11023183912038803, 0.11611023545265198, 0.10479535907506943, 0.20625804364681244, 0.104105643928051, 0.10164400935173035, 0.10109701007604599, 0.10804857313632965, 0.13583624362945557, 0.0998319685459137, 0.10099761188030243, 0.14290277659893036, 0.13775813579559326, 0.10795548558235168, 0.11328020691871643, 0.09294455498456955, 0.1250389665365219, 0.1094105988740921, 0.09840818494558334, 0.10760422796010971, 0.0949607789516449, 0.10344983637332916, 0.13811834156513214, 0.09700499475002289, 0.08534523099660873, 0.08109741657972336, 0.08137452602386475, 0.13744112849235535, 0.1030874252319336, 0.07520654797554016, 0.07866805791854858, 0.07476265728473663, 0.08568160235881805, 0.15378621220588684, 0.07070236653089523, 0.07269128412008286, 0.07214268296957016, 0.06711822748184204, 0.14977693557739258, 0.08126366138458252, 0.06937534362077713, 0.06867645680904388, 0.07099977135658264, 0.07176056504249573, 0.07081583142280579, 0.11112049221992493, 0.06674304604530334, 0.06185702607035637, 0.09880288690328598, 0.06283751875162125, 0.06348744034767151, 0.09964670985937119, 0.11413439363241196, 0.06028272584080696, 0.07224852591753006, 0.07463354617357254, 0.08795949071645737, 0.056567948311567307, 0.06848916411399841, 0.09382060170173645, 0.09440958499908447, 0.0803019106388092, 0.05607088282704353, 0.05489721521735191, 0.07347407937049866, 0.11782577633857727, 0.055424608290195465, 0.06079331412911415, 0.05945806950330734, 0.06975910067558289, 0.09507595747709274, 0.06426694244146347, 0.057712264358997345, 0.12282795459032059, 0.06539259850978851, 0.05381758138537407, 0.053949568420648575, 0.08979900926351547, 0.057669833302497864, 0.06076690927147865, 0.054474759846925735, 0.050223805010318756, 0.08940596133470535, 0.06053410470485687, 0.05330519378185272, 0.054124485701322556, 0.10633179545402527, 0.058568041771650314, 0.07055416703224182, 0.08129313588142395, 0.06928568333387375, 0.07066760212182999, 0.058023903518915176, 0.10371535271406174, 0.05440244451165199, 0.06672409176826477, 0.06732180714607239]"
0,[20],leaky_relu,nadam,<keras.src.losses.losses.MeanSquaredError object at 0x73a3d7d3a450>,7,"[0.07253338396549225, 0.17614921927452087, 0.07725436240434647, 0.07099432498216629, 0.07409942895174026, 0.0907781571149826, 0.09709496051073074, 0.07701155543327332, 0.06562383472919464, 0.06865271925926208, 0.07978186756372452, 0.09944561123847961, 0.0745813399553299, 0.0731593668460846]","[67.90404510498047, 7.0274176597595215, 6.042603969573975, 5.812844276428223, 5.675920486450195, 5.61046838760376, 5.581418991088867, 5.589763164520264, 5.518158435821533, 5.496322154998779, 5.40564489364624, 5.209073543548584, 4.8555402755737305, 4.081387042999268, 2.770171642303467, 1.5826550722122192, 1.0771470069885254, 0.8837999105453491, 0.7947075366973877, 0.6596386432647705, 0.6965962648391724, 0.5356216430664062, 0.5173013210296631, 0.4854225516319275, 0.5149474740028381, 0.44773709774017334, 0.4333787262439728, 0.4226987659931183, 0.4136098325252533, 0.40155738592147827, 0.4353979825973511, 0.3768875300884247, 0.36897140741348267, 0.36782556772232056, 0.36528050899505615, 0.40095841884613037, 0.3544549345970154, 0.3535307049751282, 0.369952529668808, 0.34699639678001404, 0.3424253463745117, 0.3386877179145813, 0.363906592130661, 0.33336082100868225, 0.33267778158187866, 0.35147926211357117, 0.3221672773361206, 0.31491151452064514, 0.4317566156387329, 0.3078734278678894, 0.30903735756874084, 0.3016809821128845, 0.3163984417915344, 0.2866442799568176, 0.2833336889743805, 0.3018535077571869, 0.30128738284111023, 0.2829972803592682, 0.2653893828392029, 0.268492192029953, 0.40071552991867065, 0.2527567446231842, 0.2485969364643097, 0.2456888109445572, 0.24118688702583313, 0.3145010471343994, 0.23699863255023956, 0.22798803448677063, 0.22755353152751923, 0.2486465722322464, 0.23585255444049835, 0.2126534879207611, 0.2078865021467209, 0.2117287814617157, 0.20488940179347992, 0.1974690705537796, 0.206985205411911, 0.20228199660778046, 0.2286166101694107, 0.1801632195711136, 0.18046250939369202, 0.194393590092659, 0.21973443031311035, 0.1748240441083908, 0.1753549575805664, 0.17911773920059204, 0.1873658299446106, 0.16310518980026245, 0.1788807362318039, 0.1641027182340622, 0.168562650680542, 0.14979463815689087, 0.14999347925186157, 0.16973859071731567, 0.14988817274570465, 0.1462838351726532, 0.14352113008499146, 0.14642241597175598, 0.17205588519573212, 0.16739259660243988, 0.16082240641117096, 0.15428291261196136, 0.14162129163742065, 0.1655462086200714, 0.15066173672676086, 0.14327234029769897, 0.14586885273456573, 0.17350155115127563, 0.13883310556411743, 0.13302691280841827, 0.1367838978767395, 0.13874287903308868, 0.16702882945537567, 0.1297932267189026, 0.13037247955799103, 0.16015511751174927, 0.16657042503356934, 0.1401417851448059, 0.12678638100624084, 0.1416850984096527, 0.16869859397411346, 0.1244773343205452, 0.12438339740037918, 0.12048028409481049, 0.1710795909166336, 0.12200853228569031, 0.11856696009635925, 0.11927291005849838, 0.11577630043029785, 0.20073090493679047, 0.11761029809713364, 0.11794836074113846, 0.11735145002603531, 0.12051130831241608, 0.20097215473651886, 0.11128907650709152, 0.11976663023233414, 0.11217769235372543, 0.13654468953609467, 0.11239843815565109, 0.10701781511306763, 0.10624903440475464, 0.10541078448295593, 0.10620127618312836, 0.2986578941345215, 0.10423967987298965, 0.10507497191429138, 0.1036338359117508, 0.1152065321803093, 0.131461039185524, 0.10245903581380844, 0.10312732309103012, 0.10500116646289825, 0.1792464256286621, 0.10807423293590546, 0.09701991081237793, 0.11638520658016205, 0.13892461359500885, 0.09608588367700577, 0.09795494377613068, 0.15858173370361328, 0.09368283301591873, 0.09533653408288956, 0.14595015347003937, 0.09596782177686691, 0.09541881829500198, 0.09608437865972519, 0.11773958802223206, 0.08628223091363907, 0.09315541386604309, 0.08175405859947205, 0.10353439301252365, 0.09029689431190491, 0.08417833596467972, 0.0890868678689003, 0.10259407013654709, 0.11140329390764236, 0.08080734312534332, 0.08321985602378845, 0.08038705587387085, 0.17325657606124878, 0.07845735549926758, 0.09970808774232864, 0.07421353459358215, 0.07523095607757568, 0.10730668902397156, 0.07458251714706421, 0.0726635530591011, 0.09912927448749542, 0.1428060233592987, 0.07337544858455658, 0.07947971671819687, 0.07267574965953827, 0.14270301163196564, 0.11240632086992264, 0.0713178962469101, 0.0733879879117012, 0.06761914491653442, 0.07343223690986633, 0.21520239114761353, 0.07031086087226868, 0.06736069172620773, 0.07414602488279343, 0.0760236531496048, 0.0687633827328682, 0.09882836788892746, 0.08407542109489441, 0.07671163976192474, 0.08398592472076416, 0.10577654838562012, 0.07712717354297638, 0.07650413364171982, 0.07233568280935287, 0.06630391627550125, 0.13379262387752533, 0.07087448239326477, 0.07078549265861511, 0.06525952368974686, 0.07253338396549225, 0.17614921927452087, 0.07725436240434647, 0.07099432498216629, 0.07409942895174026, 0.0907781571149826, 0.09709496051073074, 0.07701155543327332, 0.06562383472919464, 0.06865271925926208, 0.07978186756372452, 0.09944561123847961, 0.0745813399553299, 0.0731593668460846, 0.11183445900678635]"
0,[20],leaky_relu,adamw,<keras.src.losses.losses.MeanSquaredError object at 0x73a3d7d3a450>,1,"[5.593143939971924, 5.57543420791626, 5.592550277709961, 5.578581809997559, 5.607954025268555, 5.57377815246582, 5.573259353637695, 5.5862884521484375, 5.664830684661865, 5.58674430847168, 5.586600303649902, 5.580287933349609, 5.577535152435303, 5.616025924682617]","[93.14571380615234, 7.217936992645264, 6.027617454528809, 5.87876558303833, 5.736302852630615, 5.684160232543945, 5.653932571411133, 5.619427680969238, 5.609273910522461, 5.614659786224365, 5.605899810791016, 5.606819152832031, 5.598804950714111, 5.594446659088135, 5.605645179748535, 5.575850486755371, 5.579373836517334, 5.574069023132324, 5.581645965576172, 5.602014541625977, 5.5814666748046875, 5.618999004364014, 5.584420680999756, 5.576466083526611, 5.626357078552246, 5.571598529815674, 5.593143939971924, 5.57543420791626, 5.592550277709961, 5.578581809997559, 5.607954025268555, 5.57377815246582, 5.573259353637695, 5.5862884521484375, 5.664830684661865, 5.58674430847168, 5.586600303649902, 5.580287933349609, 5.577535152435303, 5.616025924682617, 5.584255695343018]"
0,[20],leaky_relu,adamw,<keras.src.losses.losses.MeanSquaredError object at 0x73a3d7d3a450>,2,"[0.11882293224334717, 0.12034669518470764, 0.11785849928855896, 0.11847690492868423, 0.11604788899421692, 0.1161348968744278, 0.11821559071540833, 0.11910121887922287, 0.12112806737422943, 0.11916907876729965, 0.11649633944034576, 0.11839459836483002, 0.12278057634830475, 0.12090390175580978]","[96.00184631347656, 8.246437072753906, 5.912809371948242, 5.679646968841553, 5.60615348815918, 5.564961910247803, 5.541138648986816, 5.467833518981934, 5.359801292419434, 5.163127899169922, 4.920073509216309, 4.388765811920166, 3.631331205368042, 2.547473192214966, 1.6155126094818115, 1.1519532203674316, 0.9351192116737366, 0.7732808589935303, 0.6588172912597656, 0.569133996963501, 0.5122320652008057, 0.4699390232563019, 0.42890089750289917, 0.3967934846878052, 0.36585840582847595, 0.34971457719802856, 0.3336416482925415, 0.31723758578300476, 0.29921457171440125, 0.2900567352771759, 0.2765480875968933, 0.2688451409339905, 0.25968489050865173, 0.2507234811782837, 0.24213892221450806, 0.23253457248210907, 0.22242982685565948, 0.21831172704696655, 0.21135103702545166, 0.20623518526554108, 0.2006760984659195, 0.1967988759279251, 0.19033485651016235, 0.19135481119155884, 0.18308202922344208, 0.18002775311470032, 0.17503830790519714, 0.17161382734775543, 0.16870228946208954, 0.16408999264240265, 0.16262604296207428, 0.16032063961029053, 0.15792380273342133, 0.15437665581703186, 0.1525220274925232, 0.1521751880645752, 0.14827390015125275, 0.15136416256427765, 0.14880813658237457, 0.14318007230758667, 0.14086014032363892, 0.14167091250419617, 0.14864368736743927, 0.14269983768463135, 0.14232224225997925, 0.13863815367221832, 0.1375454068183899, 0.13539598882198334, 0.13662900030612946, 0.13593101501464844, 0.134273499250412, 0.13529637455940247, 0.13673311471939087, 0.13364525139331818, 0.13400369882583618, 0.1365579217672348, 0.13170664012432098, 0.13621489703655243, 0.13402558863162994, 0.13125158846378326, 0.1351567655801773, 0.13398361206054688, 0.1311684399843216, 0.13692913949489594, 0.13526195287704468, 0.13177081942558289, 0.13115915656089783, 0.1315578669309616, 0.1319509893655777, 0.12979593873023987, 0.13086417317390442, 0.13104361295700073, 0.12446647137403488, 0.131032332777977, 0.13375896215438843, 0.12672895193099976, 0.12512986361980438, 0.12410667538642883, 0.12723976373672485, 0.12387878447771072, 0.12335649132728577, 0.12794584035873413, 0.1264849156141281, 0.12569162249565125, 0.13099677860736847, 0.12400385737419128, 0.1324254870414734, 0.12625037133693695, 0.12234800308942795, 0.12473870813846588, 0.12476503849029541, 0.1292177140712738, 0.12606710195541382, 0.12806756794452667, 0.1225380077958107, 0.12195776402950287, 0.12139953672885895, 0.12013012915849686, 0.12028919160366058, 0.12684135138988495, 0.12599149346351624, 0.12656131386756897, 0.12207838892936707, 0.12457627803087234, 0.12105710059404373, 0.11899706721305847, 0.12076151371002197, 0.12132798135280609, 0.12241489440202713, 0.11701830476522446, 0.1161205917596817, 0.12135457992553711, 0.11728938668966293, 0.1170826330780983, 0.12003835290670395, 0.12248764932155609, 0.12156469374895096, 0.11882923543453217, 0.11593128740787506, 0.11882293224334717, 0.12034669518470764, 0.11785849928855896, 0.11847690492868423, 0.11604788899421692, 0.1161348968744278, 0.11821559071540833, 0.11910121887922287, 0.12112806737422943, 0.11916907876729965, 0.11649633944034576, 0.11839459836483002, 0.12278057634830475, 0.12090390175580978, 0.11654990166425705]"
0,[20],leaky_relu,adamw,<keras.src.losses.losses.MeanSquaredError object at 0x73a3d7d3a450>,3,"[0.07760491967201233, 0.0730266273021698, 0.0819944441318512, 0.06890704482793808, 0.07054980099201202, 0.07118073850870132, 0.08336368203163147, 0.07563336193561554, 0.0709172710776329, 0.06972336769104004, 0.07014329731464386, 0.0694902315735817, 0.08023671805858612, 0.06741830706596375]","[50.30659103393555, 6.986034393310547, 6.071550369262695, 5.821106433868408, 5.686836242675781, 5.660874366760254, 5.5104756355285645, 5.3674235343933105, 5.031113624572754, 4.111763000488281, 2.2013020515441895, 1.3416361808776855, 1.020460605621338, 0.8695030808448792, 0.7523947358131409, 0.6545876860618591, 0.5932317972183228, 0.5250140428543091, 0.46970054507255554, 0.4314458668231964, 0.3905901312828064, 0.3578498065471649, 0.33846181631088257, 0.3074420392513275, 0.28687912225723267, 0.2682717442512512, 0.2514120936393738, 0.23127484321594238, 0.22264893352985382, 0.20529823005199432, 0.19098927080631256, 0.18494912981987, 0.17899887263774872, 0.1781626045703888, 0.17162054777145386, 0.16905373334884644, 0.17199160158634186, 0.16348358988761902, 0.16539481282234192, 0.15944397449493408, 0.16004759073257446, 0.15557056665420532, 0.15422268211841583, 0.15422703325748444, 0.1503906548023224, 0.14998014271259308, 0.14509090781211853, 0.14796273410320282, 0.14684775471687317, 0.14764977991580963, 0.14391480386257172, 0.14118634164333344, 0.14146968722343445, 0.14062371850013733, 0.14051499962806702, 0.1379523128271103, 0.1372276097536087, 0.1393115073442459, 0.1345948427915573, 0.14114727079868317, 0.1384183168411255, 0.1349765658378601, 0.14208194613456726, 0.13291357457637787, 0.13020366430282593, 0.12904910743236542, 0.1444886326789856, 0.1296040266752243, 0.1280161589384079, 0.13284189999103546, 0.12467379122972488, 0.13036955893039703, 0.1259995847940445, 0.12373200058937073, 0.13131949305534363, 0.12765538692474365, 0.11874596029520035, 0.12217717617750168, 0.12093302607536316, 0.1144566535949707, 0.11842947453260422, 0.11450713127851486, 0.12094085663557053, 0.10629912465810776, 0.10709012299776077, 0.10262206941843033, 0.11145373433828354, 0.10038084536790848, 0.09657016396522522, 0.09732956439256668, 0.091265007853508, 0.0919066071510315, 0.0940328910946846, 0.08741775155067444, 0.08842059224843979, 0.0938744992017746, 0.08320730924606323, 0.08139406889677048, 0.08834894746541977, 0.08564808964729309, 0.07919473946094513, 0.07904960215091705, 0.07755300402641296, 0.08564017713069916, 0.08953174948692322, 0.08520562201738358, 0.07345059514045715, 0.07273034006357193, 0.07684581726789474, 0.07215775549411774, 0.07866086065769196, 0.07688592374324799, 0.0702894926071167, 0.06713417917490005, 0.06972295045852661, 0.06956315040588379, 0.06778726726770401, 0.07011096179485321, 0.07745030522346497, 0.08056658506393433, 0.0735590010881424, 0.0692729502916336, 0.06734907627105713, 0.0679527223110199, 0.0676831528544426, 0.0821961984038353, 0.06529016047716141, 0.07760491967201233, 0.0730266273021698, 0.0819944441318512, 0.06890704482793808, 0.07054980099201202, 0.07118073850870132, 0.08336368203163147, 0.07563336193561554, 0.0709172710776329, 0.06972336769104004, 0.07014329731464386, 0.0694902315735817, 0.08023671805858612, 0.06741830706596375, 0.06683997809886932]"
0,[20],leaky_relu,adamw,<keras.src.losses.losses.MeanSquaredError object at 0x73a3d7d3a450>,4,"[0.13599294424057007, 0.13215374946594238, 0.13666857779026031, 0.1347077488899231, 0.1349983513355255, 0.13496710360050201, 0.12808185815811157, 0.12997062504291534, 0.13001397252082825, 0.13033902645111084, 0.12840774655342102, 0.1292313039302826, 0.13375991582870483, 0.12889395654201508]","[92.63121795654297, 7.601530075073242, 6.12449836730957, 5.827332973480225, 5.718267440795898, 5.642396926879883, 5.601767539978027, 5.5667009353637695, 5.543459892272949, 5.541784286499023, 5.4968791007995605, 5.47135066986084, 5.406552791595459, 5.335241794586182, 5.230141639709473, 5.0508503913879395, 4.794576644897461, 4.175938129425049, 2.7719595432281494, 1.9572830200195312, 1.0844700336456299, 0.7547839283943176, 0.6304892897605896, 0.5538820624351501, 0.5222851634025574, 0.5038830637931824, 0.45478355884552, 0.49383556842803955, 0.42737722396850586, 0.41742780804634094, 0.44967910647392273, 0.4015395939350128, 0.382419228553772, 0.36649399995803833, 0.3594760298728943, 0.3661095201969147, 0.3587075471878052, 0.3627447485923767, 0.33960846066474915, 0.3549380302429199, 0.34196794033050537, 0.3315821588039398, 0.32683125138282776, 0.31513234972953796, 0.3070105314254761, 0.32410457730293274, 0.3121873438358307, 0.2895606756210327, 0.2952026426792145, 0.28302785754203796, 0.28204694390296936, 0.2839042842388153, 0.2763994634151459, 0.27287694811820984, 0.27309340238571167, 0.26374387741088867, 0.2550446093082428, 0.2552137076854706, 0.26255860924720764, 0.2490951418876648, 0.24285705387592316, 0.24464498460292816, 0.23653674125671387, 0.22911140322685242, 0.2444380670785904, 0.2346080094575882, 0.2281246930360794, 0.2159682661294937, 0.22051183879375458, 0.21342051029205322, 0.2091813087463379, 0.20378988981246948, 0.20378322899341583, 0.22462542355060577, 0.19848880171775818, 0.19341272115707397, 0.19424055516719818, 0.190629243850708, 0.19258324801921844, 0.18175487220287323, 0.20035183429718018, 0.18105672299861908, 0.18180924654006958, 0.1849120408296585, 0.17680908739566803, 0.17976084351539612, 0.17421619594097137, 0.17489784955978394, 0.17263031005859375, 0.1644296795129776, 0.16449101269245148, 0.1607501208782196, 0.16274498403072357, 0.16757149994373322, 0.1635679006576538, 0.16013723611831665, 0.1608732044696808, 0.15386232733726501, 0.15403081476688385, 0.1512804478406906, 0.1610977053642273, 0.15169286727905273, 0.15424960851669312, 0.14944905042648315, 0.15553289651870728, 0.14942814409732819, 0.15291732549667358, 0.14740589261054993, 0.1501791626214981, 0.14531587064266205, 0.1434677094221115, 0.14418503642082214, 0.14765791594982147, 0.13923151791095734, 0.14668987691402435, 0.14125065505504608, 0.1422225385904312, 0.139863982796669, 0.13728493452072144, 0.1378055363893509, 0.14196985960006714, 0.14038865268230438, 0.13559074699878693, 0.14286750555038452, 0.14131715893745422, 0.13814100623130798, 0.13705216348171234, 0.1460767686367035, 0.1392342448234558, 0.14115211367607117, 0.13475972414016724, 0.13491714000701904, 0.14103803038597107, 0.13966791331768036, 0.13477830588817596, 0.14257246255874634, 0.1380360722541809, 0.1336393803358078, 0.13177990913391113, 0.1339474618434906, 0.1322958767414093, 0.12800242006778717, 0.13599294424057007, 0.13215374946594238, 0.13666857779026031, 0.1347077488899231, 0.1349983513355255, 0.13496710360050201, 0.12808185815811157, 0.12997062504291534, 0.13001397252082825, 0.13033902645111084, 0.12840774655342102, 0.1292313039302826, 0.13375991582870483, 0.12889395654201508, 0.13056738674640656]"
0,[20],leaky_relu,adamw,<keras.src.losses.losses.MeanSquaredError object at 0x73a3d7d3a450>,5,"[0.07060728222131729, 0.07062988728284836, 0.07253432273864746, 0.07966312766075134, 0.0670042335987091, 0.08425760269165039, 0.08182688802480698, 0.07094905525445938, 0.06405827403068542, 0.06560899317264557, 0.06822836399078369, 0.06715767085552216, 0.07039177417755127, 0.07021147757768631]","[63.90072250366211, 7.171467304229736, 5.85291862487793, 5.681062698364258, 5.6173624992370605, 5.609005451202393, 5.609521865844727, 5.558703899383545, 5.538209438323975, 5.52130651473999, 5.495519161224365, 5.450479030609131, 5.426178932189941, 5.3116583824157715, 5.1554999351501465, 4.901559829711914, 4.479485511779785, 3.696943521499634, 2.462493896484375, 1.6621451377868652, 1.2292650938034058, 0.9728301167488098, 0.8254997730255127, 0.6818318963050842, 0.5780139565467834, 0.5147901177406311, 0.4732467234134674, 0.43914175033569336, 0.4020884335041046, 0.3691028356552124, 0.3436298370361328, 0.32281768321990967, 0.3097165524959564, 0.2965656518936157, 0.28138506412506104, 0.26032036542892456, 0.2471582144498825, 0.23734113574028015, 0.2294764518737793, 0.22627411782741547, 0.21228039264678955, 0.21330304443836212, 0.2042091190814972, 0.19164317846298218, 0.18633702397346497, 0.17803740501403809, 0.1738460212945938, 0.17133943736553192, 0.16827552020549774, 0.1660524159669876, 0.15866979956626892, 0.15796953439712524, 0.16183093190193176, 0.15413518249988556, 0.1536983847618103, 0.15493133664131165, 0.1506868302822113, 0.15109919011592865, 0.14887745678424835, 0.1471436619758606, 0.15170051157474518, 0.1482703685760498, 0.14858992397785187, 0.14975935220718384, 0.1478389948606491, 0.14489053189754486, 0.1594737321138382, 0.15339072048664093, 0.14646956324577332, 0.14406348764896393, 0.14184047281742096, 0.1461164355278015, 0.1449749618768692, 0.1463198959827423, 0.15692515671253204, 0.1415252536535263, 0.14191855490207672, 0.14394600689411163, 0.14278848469257355, 0.14335888624191284, 0.14664028584957123, 0.14778178930282593, 0.1456182301044464, 0.14421680569648743, 0.14498162269592285, 0.14126406610012054, 0.14393927156925201, 0.14198043942451477, 0.1389305293560028, 0.1402837634086609, 0.1371716558933258, 0.1370248794555664, 0.14916573464870453, 0.13693062961101532, 0.13753744959831238, 0.13948652148246765, 0.14449290931224823, 0.1396140605211258, 0.14126171171665192, 0.1342134177684784, 0.1349705159664154, 0.14042741060256958, 0.13369731605052948, 0.13401685655117035, 0.13415378332138062, 0.13370291888713837, 0.13936954736709595, 0.13188178837299347, 0.1319034993648529, 0.13714462518692017, 0.133050799369812, 0.1279236227273941, 0.12880775332450867, 0.12751059234142303, 0.13137347996234894, 0.13355503976345062, 0.13061738014221191, 0.13483770191669464, 0.12839549779891968, 0.13507649302482605, 0.12529386579990387, 0.12382079660892487, 0.12431017309427261, 0.12138067185878754, 0.12458189576864243, 0.12699639797210693, 0.13177329301834106, 0.12541192770004272, 0.14407750964164734, 0.12547874450683594, 0.12975962460041046, 0.11125009506940842, 0.11434505879878998, 0.14148448407649994, 0.11501476168632507, 0.10940579324960709, 0.1126592680811882, 0.10370577126741409, 0.10506236553192139, 0.10655201226472855, 0.10402902960777283, 0.10998506844043732, 0.0965508222579956, 0.09469106793403625, 0.09954790771007538, 0.11367889493703842, 0.09824919700622559, 0.09560462832450867, 0.09201129525899887, 0.08910824358463287, 0.09421593695878983, 0.08549760282039642, 0.08390925824642181, 0.08352095633745193, 0.07901173084974289, 0.08603296428918839, 0.07696673274040222, 0.07944079488515854, 0.07828204333782196, 0.07695421576499939, 0.07429716736078262, 0.08494115620851517, 0.0747191458940506, 0.07446853816509247, 0.07141615450382233, 0.0728975236415863, 0.07791981101036072, 0.07914645224809647, 0.07802838832139969, 0.0711345225572586, 0.07362300902605057, 0.07553859800100327, 0.06834876537322998, 0.07181195914745331, 0.07677754759788513, 0.07591346651315689, 0.07314926385879517, 0.07428101450204849, 0.0702030211687088, 0.07602095603942871, 0.07709071785211563, 0.0780714824795723, 0.0700361356139183, 0.06756345182657242, 0.06937067210674286, 0.07011333107948303, 0.07077222317457199, 0.07060350477695465, 0.06723681092262268, 0.07503288239240646, 0.06541536003351212, 0.0738503634929657, 0.06850216537714005, 0.06550703942775726, 0.0765535831451416, 0.07646986842155457, 0.07894621044397354, 0.07693038880825043, 0.06456933915615082, 0.06922134757041931, 0.06823232769966125, 0.06405045092105865, 0.06524132192134857, 0.06753216683864594, 0.06433187425136566, 0.06284644454717636, 0.07060728222131729, 0.07062988728284836, 0.07253432273864746, 0.07966312766075134, 0.0670042335987091, 0.08425760269165039, 0.08182688802480698, 0.07094905525445938, 0.06405827403068542, 0.06560899317264557, 0.06822836399078369, 0.06715767085552216, 0.07039177417755127, 0.07021147757768631, 0.06673727929592133]"
0,[20],leaky_relu,adamw,<keras.src.losses.losses.MeanSquaredError object at 0x73a3d7d3a450>,6,"[0.0691387727856636, 0.07055258750915527, 0.06805387139320374, 0.06701202690601349, 0.08032196015119553, 0.07146549224853516, 0.0642046183347702, 0.0690021812915802, 0.07000282406806946, 0.06348183751106262, 0.08020175248384476, 0.07741573452949524, 0.07061212509870529, 0.06563503295183182]","[55.98154067993164, 8.462167739868164, 6.026553153991699, 5.766885757446289, 5.639963626861572, 5.528517246246338, 5.422868728637695, 5.237337589263916, 4.835233688354492, 3.962702512741089, 2.504981517791748, 1.4232988357543945, 0.9924759268760681, 0.816010594367981, 0.7007419466972351, 0.6379478573799133, 0.58832848072052, 0.5578632354736328, 0.5237138271331787, 0.49650976061820984, 0.46577078104019165, 0.446022093296051, 0.435072124004364, 0.40862685441970825, 0.39307940006256104, 0.3803499639034271, 0.37065961956977844, 0.36664119362831116, 0.3650873899459839, 0.36573970317840576, 0.36068862676620483, 0.35758399963378906, 0.35716310143470764, 0.35599595308303833, 0.3651154339313507, 0.35047298669815063, 0.3483320474624634, 0.3471217155456543, 0.34577834606170654, 0.33998048305511475, 0.3370407819747925, 0.33499231934547424, 0.3293711841106415, 0.33543574810028076, 0.32747703790664673, 0.31872230768203735, 0.31930261850357056, 0.31188035011291504, 0.31109169125556946, 0.30348724126815796, 0.3081793785095215, 0.29543155431747437, 0.28974777460098267, 0.28645801544189453, 0.2831108272075653, 0.27996814250946045, 0.2765316069126129, 0.27614402770996094, 0.26956769824028015, 0.2619398832321167, 0.25761905312538147, 0.259632408618927, 0.2675130069255829, 0.2466014176607132, 0.24291583895683289, 0.2380826473236084, 0.2307557761669159, 0.23260842263698578, 0.22991397976875305, 0.21591466665267944, 0.2096680849790573, 0.20859894156455994, 0.20372383296489716, 0.1974821388721466, 0.2001776248216629, 0.19096142053604126, 0.19276827573776245, 0.18371228873729706, 0.17890100181102753, 0.17692117393016815, 0.1758526861667633, 0.1756419539451599, 0.17185615003108978, 0.16507476568222046, 0.16874103248119354, 0.16040977835655212, 0.1635907143354416, 0.16188299655914307, 0.15659940242767334, 0.15887370705604553, 0.15274235606193542, 0.15876811742782593, 0.15391114354133606, 0.14331044256687164, 0.1439482420682907, 0.14332610368728638, 0.14316058158874512, 0.14384061098098755, 0.1405511498451233, 0.1389218419790268, 0.14415524899959564, 0.13652604818344116, 0.14205950498580933, 0.13960742950439453, 0.1561354696750641, 0.14797380566596985, 0.13401153683662415, 0.13395896553993225, 0.12933267652988434, 0.1400568038225174, 0.15843351185321808, 0.13484209775924683, 0.13620048761367798, 0.13314026594161987, 0.1294151246547699, 0.169399693608284, 0.13429005444049835, 0.12679143249988556, 0.1288732886314392, 0.12688584625720978, 0.13503362238407135, 0.13202625513076782, 0.1511434018611908, 0.12226411700248718, 0.11838904768228531, 0.12797458469867706, 0.12195856124162674, 0.12120024114847183, 0.12179446220397949, 0.11871428042650223, 0.1259099543094635, 0.1264854073524475, 0.11740866303443909, 0.114139623939991, 0.12505120038986206, 0.11343243718147278, 0.1212969720363617, 0.11511683464050293, 0.11540132015943527, 0.12079012393951416, 0.1104540005326271, 0.10937444120645523, 0.11237148195505142, 0.11233466118574142, 0.10681337863206863, 0.10940274596214294, 0.11253980547189713, 0.1128511130809784, 0.10902553051710129, 0.10593582689762115, 0.10606221854686737, 0.11729215085506439, 0.10236142575740814, 0.10359171032905579, 0.1039704903960228, 0.10236545652151108, 0.10192990303039551, 0.10207552462816238, 0.10657578706741333, 0.10955764353275299, 0.10537311434745789, 0.10174446552991867, 0.0998564288020134, 0.10956621915102005, 0.0988045260310173, 0.10932257026433945, 0.1081952229142189, 0.10512054711580276, 0.10085085034370422, 0.09949645400047302, 0.09831603616476059, 0.10519865155220032, 0.09319191426038742, 0.11023259907960892, 0.10274182260036469, 0.09769603610038757, 0.08965098857879639, 0.08638890087604523, 0.0847514271736145, 0.08205489069223404, 0.08598266541957855, 0.084848552942276, 0.09066589921712875, 0.0785917341709137, 0.08138168603181839, 0.08786310255527496, 0.08812970668077469, 0.08169526606798172, 0.08015383034944534, 0.07732546329498291, 0.07795404642820358, 0.0921979770064354, 0.07551233470439911, 0.07567348331212997, 0.07841537892818451, 0.07953245937824249, 0.07759102433919907, 0.07045886665582657, 0.0758642852306366, 0.07516814768314362, 0.06783471256494522, 0.06812751293182373, 0.0758657306432724, 0.06899034976959229, 0.07845547795295715, 0.08023350685834885, 0.07048673182725906, 0.07401197403669357, 0.06332145631313324, 0.0691387727856636, 0.07055258750915527, 0.06805387139320374, 0.06701202690601349, 0.08032196015119553, 0.07146549224853516, 0.0642046183347702, 0.0690021812915802, 0.07000282406806946, 0.06348183751106262, 0.08020175248384476, 0.07741573452949524, 0.07061212509870529, 0.06563503295183182, 0.07002291083335876]"
0,[20],leaky_relu,adamw,<keras.src.losses.losses.MeanSquaredError object at 0x73a3d7d3a450>,7,"[0.03031187877058983, 0.027101049199700356, 0.030688652768731117, 0.030699683353304863, 0.02938874624669552, 0.029474573209881783, 0.03205063194036484, 0.03990450128912926, 0.027333982288837433, 0.028010990470647812, 0.045187246054410934, 0.03769751638174057, 0.027445079758763313, 0.03070083260536194]","[51.29718017578125, 6.998781681060791, 6.000430583953857, 5.731174945831299, 5.574826717376709, 5.382913589477539, 5.125725269317627, 4.607033729553223, 3.3499348163604736, 1.8621491193771362, 1.2702351808547974, 0.9473641514778137, 0.7679177522659302, 0.6427059173583984, 0.5638461112976074, 0.5269566774368286, 0.48772796988487244, 0.46145936846733093, 0.46070507168769836, 0.42738404870033264, 0.4103841781616211, 0.40605294704437256, 0.39231210947036743, 0.3855149745941162, 0.3841303586959839, 0.36679962277412415, 0.37429726123809814, 0.364132821559906, 0.35732629895210266, 0.3507208526134491, 0.34997230768203735, 0.34226152300834656, 0.34767553210258484, 0.33506810665130615, 0.3340354263782501, 0.33014675974845886, 0.32277294993400574, 0.3211231529712677, 0.31556063890457153, 0.31231656670570374, 0.32124266028404236, 0.3058566451072693, 0.3040810525417328, 0.29495805501937866, 0.28873035311698914, 0.2871597707271576, 0.28595155477523804, 0.28014153242111206, 0.2731090784072876, 0.2684110105037689, 0.26681262254714966, 0.2602114975452423, 0.26009535789489746, 0.2536945343017578, 0.2472500056028366, 0.25334593653678894, 0.24446545541286469, 0.23922088742256165, 0.23620864748954773, 0.22994764149188995, 0.2267436385154724, 0.220329150557518, 0.2195366770029068, 0.21478207409381866, 0.21177105605602264, 0.20443454384803772, 0.20210330188274384, 0.1961715966463089, 0.19809632003307343, 0.1932782381772995, 0.18820656836032867, 0.1852908581495285, 0.18149982392787933, 0.18472491204738617, 0.1766454130411148, 0.17295143008232117, 0.17025214433670044, 0.17353980243206024, 0.1633063703775406, 0.163786381483078, 0.1618957668542862, 0.15671324729919434, 0.15459327399730682, 0.154879629611969, 0.16188091039657593, 0.14904862642288208, 0.1449461579322815, 0.14797629415988922, 0.1510874480009079, 0.13992345333099365, 0.1391640603542328, 0.1430092453956604, 0.13500088453292847, 0.1342918872833252, 0.1317780315876007, 0.13291208446025848, 0.13029569387435913, 0.12824444472789764, 0.12760895490646362, 0.1309196799993515, 0.1319311559200287, 0.13117891550064087, 0.12195364385843277, 0.11803971230983734, 0.12585721909999847, 0.12294161319732666, 0.12012093514204025, 0.1166793629527092, 0.11520160734653473, 0.11674199998378754, 0.1159314289689064, 0.15356631577014923, 0.12215670198202133, 0.11481775343418121, 0.11267062276601791, 0.11657408624887466, 0.11014574021100998, 0.10586720705032349, 0.10847009718418121, 0.10888690501451492, 0.11501947045326233, 0.10714678466320038, 0.10885536670684814, 0.10396973043680191, 0.10651397705078125, 0.12129996716976166, 0.10843081027269363, 0.10302391648292542, 0.10872245579957962, 0.2825205326080322, 0.10273496806621552, 0.10059128701686859, 0.09665706753730774, 0.09493063390254974, 0.09632829576730728, 0.09489303082227707, 0.10944407433271408, 0.10046538710594177, 0.09766159951686859, 0.09187478572130203, 0.09239433705806732, 0.08741289377212524, 0.09638948738574982, 0.09384068846702576, 0.09258969873189926, 0.08423522859811783, 0.084008127450943, 0.08689460903406143, 0.08898237347602844, 0.08961290121078491, 0.08487863838672638, 0.08858811110258102, 0.07828462868928909, 0.08215257525444031, 0.08157338947057724, 0.0837612971663475, 0.08923700451850891, 0.07775750756263733, 0.07450975477695465, 0.07476702332496643, 0.07549048215150833, 0.07401235401630402, 0.077812060713768, 0.07640007138252258, 0.08102916181087494, 0.07067278027534485, 0.07604743540287018, 0.08080915361642838, 0.08732657134532928, 0.07003650069236755, 0.06753943115472794, 0.06356298923492432, 0.062594935297966, 0.06476684659719467, 0.06671272218227386, 0.06237829476594925, 0.06729505211114883, 0.06332365423440933, 0.062231142073869705, 0.0684434175491333, 0.06641782075166702, 0.06417440623044968, 0.06077520549297333, 0.06305146217346191, 0.060845956206321716, 0.06646838039159775, 0.05865659937262535, 0.06148826330900192, 0.06127355620265007, 0.05734916031360626, 0.0656498372554779, 0.0740562379360199, 0.061963506042957306, 0.05952517315745354, 0.05728697031736374, 0.06309124827384949, 0.05699947848916054, 0.05875137075781822, 0.059301361441612244, 0.060962703078985214, 0.06246241554617882, 0.05893544480204582, 0.058888938277959824, 0.06324442476034164, 0.05661580339074135, 0.061298005282878876, 0.05690185725688934, 0.08231601119041443, 0.06309342384338379, 0.05857878178358078, 0.05786507576704025, 0.05574388802051544, 0.060275811702013016, 0.055316999554634094, 0.055139366537332535, 0.05482430011034012, 0.05700354278087616, 0.05524159595370293, 0.05929417908191681, 0.05465437099337578, 0.07238499820232391, 0.05308124050498009, 0.05447789281606674, 0.05257105082273483, 0.05887017771601677, 0.05554674193263054, 0.05871717259287834, 0.05542173609137535, 0.05150024592876434, 0.05519105866551399, 0.067119300365448, 0.05777401477098465, 0.05471467971801758, 0.05393559858202934, 0.051292046904563904, 0.055602140724658966, 0.052358224987983704, 0.05789653956890106, 0.059670012444257736, 0.05042729154229164, 0.0514192059636116, 0.05172226205468178, 0.04990832507610321, 0.05204860866069794, 0.05336744338274002, 0.05488089844584465, 0.05758645012974739, 0.049836210906505585, 0.05626843497157097, 0.04816160723567009, 0.05299045518040657, 0.05463690310716629, 0.05031910911202431, 0.0638330951333046, 0.04971363767981529, 0.04572423920035362, 0.06164968013763428, 0.04540844261646271, 0.048767589032649994, 0.04734055697917938, 0.05106964334845543, 0.04590919613838196, 0.046297140419483185, 0.04683510214090347, 0.04857106879353523, 0.04278532415628433, 0.04644345864653587, 0.04244890809059143, 0.05024149641394615, 0.041117098182439804, 0.04277995228767395, 0.04709470272064209, 0.046468812972307205, 0.05002709850668907, 0.04236865043640137, 0.058141179382801056, 0.04489642754197121, 0.042290981858968735, 0.04806630313396454, 0.04279157519340515, 0.04120493307709694, 0.04203453287482262, 0.0381714403629303, 0.03865022957324982, 0.0421316958963871, 0.046728990972042084, 0.05112862214446068, 0.038956042379140854, 0.04065326228737831, 0.04390677064657211, 0.038584716618061066, 0.03719429299235344, 0.04101615399122238, 0.0380433164536953, 0.039843007922172546, 0.043781690299510956, 0.039822109043598175, 0.05287479609251022, 0.03998655453324318, 0.03798884153366089, 0.03466421738266945, 0.046353135257959366, 0.037454232573509216, 0.035682857036590576, 0.03407924622297287, 0.03547372296452522, 0.03573336452245712, 0.03355583921074867, 0.03844618424773216, 0.03339524567127228, 0.04245026782155037, 0.03237464651465416, 0.038825638592243195, 0.039139047265052795, 0.03424176946282387, 0.035112008452415466, 0.038591161370277405, 0.030989371240139008, 0.035324808210134506, 0.03159160539507866, 0.032686132937669754, 0.030368946492671967, 0.031077690422534943, 0.033997371792793274, 0.04216298088431358, 0.029810765758156776, 0.033033598214387894, 0.03756719082593918, 0.03188164904713631, 0.034558117389678955, 0.031987011432647705, 0.03306066617369652, 0.0320725291967392, 0.03547695279121399, 0.0311043132096529, 0.03734947741031647, 0.0284096859395504, 0.02912280336022377, 0.03294811397790909, 0.03320266306400299, 0.07107318192720413, 0.030266473069787025, 0.033480770885944366, 0.02939482219517231, 0.033747926354408264, 0.03165891394019127, 0.027620943263173103, 0.03018862009048462, 0.030041072517633438, 0.030594494193792343, 0.030659787356853485, 0.029268763959407806, 0.030074656009674072, 0.029383927583694458, 0.03089175932109356, 0.028250396251678467, 0.034433040767908096, 0.027528779581189156, 0.04826217517256737, 0.029493285343050957, 0.027989592403173447, 0.02677450142800808, 0.03031187877058983, 0.027101049199700356, 0.030688652768731117, 0.030699683353304863, 0.02938874624669552, 0.029474573209881783, 0.03205063194036484, 0.03990450128912926, 0.027333982288837433, 0.028010990470647812, 0.045187246054410934, 0.03769751638174057, 0.027445079758763313, 0.03070083260536194, 0.03079911321401596]"
0,[20],leaky_relu,adamax,<keras.src.losses.losses.MeanSquaredError object at 0x73a3d7d3a450>,1,"[5.587434768676758, 5.589261531829834, 5.593247890472412, 5.589658260345459, 5.588541030883789, 5.59466028213501, 5.589090347290039, 5.582895755767822, 5.585260391235352, 5.592833042144775, 5.58323335647583, 5.6111884117126465, 5.587708473205566, 5.592885494232178]","[265.529541015625, 51.70887756347656, 10.84101676940918, 7.178464889526367, 6.502269268035889, 6.225043773651123, 6.057807445526123, 5.953673362731934, 5.867719650268555, 5.799218654632568, 5.760767459869385, 5.724092483520508, 5.698784351348877, 5.683277606964111, 5.669995307922363, 5.66691780090332, 5.653633117675781, 5.645071983337402, 5.644381999969482, 5.642826080322266, 5.635801315307617, 5.637441158294678, 5.632528305053711, 5.633573532104492, 5.638357162475586, 5.635066509246826, 5.639049053192139, 5.627614974975586, 5.6344733238220215, 5.622297286987305, 5.625583171844482, 5.622042655944824, 5.627371788024902, 5.618019104003906, 5.622833728790283, 5.620106220245361, 5.620018482208252, 5.6244096755981445, 5.620291709899902, 5.636649131774902, 5.615818500518799, 5.617423057556152, 5.610177516937256, 5.620807647705078, 5.613339900970459, 5.603035926818848, 5.607038497924805, 5.615196704864502, 5.609590530395508, 5.6127166748046875, 5.59886360168457, 5.606871604919434, 5.605377197265625, 5.5961174964904785, 5.61395788192749, 5.599672794342041, 5.610870361328125, 5.599653720855713, 5.600124835968018, 5.603577613830566, 5.608162879943848, 5.6059770584106445, 5.587404251098633, 5.590782165527344, 5.616814613342285, 5.596512794494629, 5.596104621887207, 5.582518577575684, 5.587434768676758, 5.589261531829834, 5.593247890472412, 5.589658260345459, 5.588541030883789, 5.59466028213501, 5.589090347290039, 5.582895755767822, 5.585260391235352, 5.592833042144775, 5.58323335647583, 5.6111884117126465, 5.587708473205566, 5.592885494232178, 5.585288047790527]"
0,[20],leaky_relu,adamax,<keras.src.losses.losses.MeanSquaredError object at 0x73a3d7d3a450>,2,"[0.11276648938655853, 0.11344316601753235, 0.12201649695634842, 0.1150502860546112, 0.11438420414924622, 0.11393918097019196, 0.11510136723518372, 0.11356601119041443, 0.11926861852407455, 0.1147044226527214, 0.11536309123039246, 0.11269798874855042, 0.11346251517534256, 0.11612515896558762]","[187.87286376953125, 36.54486846923828, 7.504230976104736, 6.175629615783691, 6.007741928100586, 5.902487754821777, 5.813573837280273, 5.775036811828613, 5.724993705749512, 5.701671600341797, 5.678904056549072, 5.656098365783691, 5.644487380981445, 5.634908199310303, 5.633310317993164, 5.6236138343811035, 5.619056701660156, 5.595247745513916, 5.592679023742676, 5.588829517364502, 5.588257789611816, 5.580168724060059, 5.5763678550720215, 5.576430797576904, 5.574930191040039, 5.5823073387146, 5.573955535888672, 5.570505619049072, 5.594546318054199, 5.573488235473633, 5.5727643966674805, 5.56774377822876, 5.577724933624268, 5.567624568939209, 5.573502540588379, 5.565702438354492, 5.567084312438965, 5.56176233291626, 5.5581231117248535, 5.550901412963867, 5.555327415466309, 5.562171936035156, 5.5364885330200195, 5.540807723999023, 5.538720607757568, 5.526467800140381, 5.524942398071289, 5.509970188140869, 5.512899398803711, 5.488735675811768, 5.469596862792969, 5.47202730178833, 5.439408302307129, 5.414648056030273, 5.38392448425293, 5.34708309173584, 5.292746543884277, 5.222989559173584, 5.107348442077637, 4.977106094360352, 4.741009712219238, 4.462762355804443, 3.852848529815674, 3.0268359184265137, 2.3566691875457764, 1.8513848781585693, 1.4849073886871338, 1.238548994064331, 1.0587878227233887, 0.9395737051963806, 0.854216456413269, 0.7715452909469604, 0.7056682705879211, 0.672644317150116, 0.6067858934402466, 0.568110466003418, 0.5330560207366943, 0.5242276787757874, 0.49907174706459045, 0.47923967242240906, 0.47320863604545593, 0.4427585303783417, 0.4344978630542755, 0.44035637378692627, 0.4350190758705139, 0.4235818684101105, 0.4127945005893707, 0.4099075496196747, 0.412273108959198, 0.4171954393386841, 0.4012157618999481, 0.39868608117103577, 0.39709562063217163, 0.39543190598487854, 0.39049032330513, 0.3918512761592865, 0.38811179995536804, 0.3858543634414673, 0.3884201645851135, 0.39064228534698486, 0.3827887177467346, 0.38353076577186584, 0.38961607217788696, 0.37437719106674194, 0.3753117322921753, 0.38009628653526306, 0.3725050389766693, 0.3717859089374542, 0.3727908730506897, 0.3717166781425476, 0.36805495619773865, 0.3624720871448517, 0.36997950077056885, 0.35915952920913696, 0.36012184619903564, 0.36336973309516907, 0.3591824769973755, 0.3591456115245819, 0.3638654947280884, 0.3613537549972534, 0.35007092356681824, 0.3489493131637573, 0.34901660680770874, 0.3586530089378357, 0.35002726316452026, 0.35014697909355164, 0.34434354305267334, 0.3431614637374878, 0.34351834654808044, 0.36238253116607666, 0.33829793334007263, 0.3400520980358124, 0.3391892910003662, 0.32718780636787415, 0.32817956805229187, 0.330653578042984, 0.3278956711292267, 0.3193955719470978, 0.3036842942237854, 0.2924674153327942, 0.28209003806114197, 0.26700568199157715, 0.26136550307273865, 0.2588547468185425, 0.25316742062568665, 0.24531269073486328, 0.24659964442253113, 0.2410072237253189, 0.23428794741630554, 0.23107443749904633, 0.23888172209262848, 0.22395628690719604, 0.2244555950164795, 0.22159820795059204, 0.2150876820087433, 0.21674005687236786, 0.21050047874450684, 0.20948751270771027, 0.20697665214538574, 0.19859446585178375, 0.19767434895038605, 0.19781576097011566, 0.1904044896364212, 0.18853969871997833, 0.1867588311433792, 0.18500125408172607, 0.1842736452817917, 0.18425148725509644, 0.1792297065258026, 0.17888543009757996, 0.17838451266288757, 0.17177753150463104, 0.1670132428407669, 0.16798003017902374, 0.16624689102172852, 0.16168925166130066, 0.1649663746356964, 0.1601039320230484, 0.16648565232753754, 0.15846388041973114, 0.1564222276210785, 0.15588171780109406, 0.15540336072444916, 0.1530013233423233, 0.15163777768611908, 0.15490823984146118, 0.15301844477653503, 0.15088702738285065, 0.14559286832809448, 0.1476404368877411, 0.14248953759670258, 0.14492367208003998, 0.14204008877277374, 0.14340144395828247, 0.14779366552829742, 0.14154081046581268, 0.1368165761232376, 0.1385061889886856, 0.13759861886501312, 0.13783010840415955, 0.13540853559970856, 0.1363632082939148, 0.13895726203918457, 0.13416284322738647, 0.14046494662761688, 0.13309746980667114, 0.1315196007490158, 0.13395780324935913, 0.13377322256565094, 0.13117310404777527, 0.13808785378932953, 0.13122756779193878, 0.13093921542167664, 0.13451184332370758, 0.13328354060649872, 0.12943607568740845, 0.13025665283203125, 0.1343366801738739, 0.12914413213729858, 0.1306942105293274, 0.1346575915813446, 0.13039188086986542, 0.12785431742668152, 0.12827107310295105, 0.13180041313171387, 0.12655238807201385, 0.13033083081245422, 0.1326644867658615, 0.1279565840959549, 0.129513680934906, 0.13083861768245697, 0.12675893306732178, 0.12842707335948944, 0.12710855901241302, 0.12512275576591492, 0.12616707384586334, 0.12841500341892242, 0.12868784368038177, 0.13106249272823334, 0.1280267834663391, 0.1285715401172638, 0.12494461983442307, 0.12741322815418243, 0.12396147847175598, 0.12993501126766205, 0.1260290890932083, 0.13227002322673798, 0.12644487619400024, 0.126841202378273, 0.1273299604654312, 0.12576459348201752, 0.12594535946846008, 0.12502342462539673, 0.1252247840166092, 0.12754647433757782, 0.12756416201591492, 0.12458307296037674, 0.12385445088148117, 0.12745416164398193, 0.12543818354606628, 0.12490449845790863, 0.12397225946187973, 0.123053640127182, 0.12548869848251343, 0.12263034284114838, 0.12329843640327454, 0.12588994204998016, 0.1250135451555252, 0.129267156124115, 0.12645621597766876, 0.12450896203517914, 0.12363186478614807, 0.1230771392583847, 0.12582220137119293, 0.127418652176857, 0.12304504960775375, 0.12580916285514832, 0.13115784525871277, 0.12181883305311203, 0.12244335561990738, 0.12677529454231262, 0.12686027586460114, 0.12642042338848114, 0.12384165823459625, 0.12327587604522705, 0.12209643423557281, 0.12514609098434448, 0.12826402485370636, 0.1227715015411377, 0.12183621525764465, 0.120908223092556, 0.11969628930091858, 0.12204471975564957, 0.12224699556827545, 0.12088266015052795, 0.12316449731588364, 0.12248742580413818, 0.11907580494880676, 0.12057031691074371, 0.12185808271169662, 0.11985378712415695, 0.12213463336229324, 0.11903239786624908, 0.12417636811733246, 0.12742814421653748, 0.12717300653457642, 0.1221311092376709, 0.1194138377904892, 0.12279718369245529, 0.12200736999511719, 0.1186022236943245, 0.12157736718654633, 0.11780554801225662, 0.12004309147596359, 0.12020362913608551, 0.12329481542110443, 0.11907010525465012, 0.11831290274858475, 0.11748720705509186, 0.12292545288801193, 0.11998042464256287, 0.11742998659610748, 0.12323090434074402, 0.11775631457567215, 0.12010651081800461, 0.11911041289567947, 0.11811690777540207, 0.11831492930650711, 0.12172757089138031, 0.12002367526292801, 0.11926301568746567, 0.11823569238185883, 0.1185133159160614, 0.11744584143161774, 0.11699530482292175, 0.11866921931505203, 0.11980923265218735, 0.11590646207332611, 0.11612823605537415, 0.11561542004346848, 0.11549703031778336, 0.11829447746276855, 0.11573898792266846, 0.11909670382738113, 0.11649183183908463, 0.11790761351585388, 0.11587835848331451, 0.1179470345377922, 0.1162973940372467, 0.11399979144334793, 0.11350098252296448, 0.11602696031332016, 0.11915887892246246, 0.11435124278068542, 0.11544520407915115, 0.11624567955732346, 0.11480601876974106, 0.11366599053144455, 0.12087639421224594, 0.11519937962293625, 0.12227988243103027, 0.11553078144788742, 0.1131230965256691, 0.11639472842216492, 0.11533606052398682, 0.11594963073730469, 0.11453977972269058, 0.11714932322502136, 0.1143975555896759, 0.11702445149421692, 0.1158372312784195, 0.11434471607208252, 0.11619488149881363, 0.11382853984832764, 0.11311120539903641, 0.11260390281677246, 0.11233851313591003, 0.11517204344272614, 0.11451455950737, 0.11450859904289246, 0.11450334638357162, 0.11694179475307465, 0.11415999382734299, 0.1149970144033432, 0.11251376569271088, 0.11542509496212006, 0.11778490990400314, 0.11238925904035568, 0.11451085656881332, 0.11460992693901062, 0.1117582842707634, 0.11276648938655853, 0.11344316601753235, 0.12201649695634842, 0.1150502860546112, 0.11438420414924622, 0.11393918097019196, 0.11510136723518372, 0.11356601119041443, 0.11926861852407455, 0.1147044226527214, 0.11536309123039246, 0.11269798874855042, 0.11346251517534256, 0.11612515896558762, 0.11182272434234619]"
0,[20],leaky_relu,adamax,<keras.src.losses.losses.MeanSquaredError object at 0x73a3d7d3a450>,3,"[0.13835886120796204, 0.14247888326644897, 0.14183713495731354, 0.14235170185565948, 0.13990068435668945, 0.14131766557693481, 0.15115749835968018, 0.13976123929023743, 0.13749803602695465, 0.1380036622285843, 0.13967831432819366, 0.13904306292533875, 0.13859325647354126, 0.13829305768013]","[148.97512817382812, 23.728466033935547, 7.3877387046813965, 6.370540142059326, 6.101091384887695, 5.947515487670898, 5.844442367553711, 5.787641525268555, 5.73179817199707, 5.6999125480651855, 5.676626682281494, 5.654817581176758, 5.636503219604492, 5.6238250732421875, 5.615811347961426, 5.608724594116211, 5.6126484870910645, 5.59636116027832, 5.591772079467773, 5.588839054107666, 5.585518836975098, 5.583921432495117, 5.585989475250244, 5.579739570617676, 5.591042518615723, 5.575897693634033, 5.577165603637695, 5.569159030914307, 5.5705060958862305, 5.573925018310547, 5.576992511749268, 5.562143325805664, 5.555627822875977, 5.561769008636475, 5.560881614685059, 5.562401294708252, 5.545472145080566, 5.54161262512207, 5.545125961303711, 5.52904748916626, 5.532710552215576, 5.515928268432617, 5.5141987800598145, 5.4882049560546875, 5.478975296020508, 5.456284999847412, 5.414156436920166, 5.385623931884766, 5.332151412963867, 5.287590980529785, 5.208234786987305, 5.131319046020508, 5.002518653869629, 4.842136383056641, 4.611523151397705, 4.180452823638916, 3.449589729309082, 2.640667676925659, 1.964062213897705, 1.4456075429916382, 1.113130807876587, 0.8837382197380066, 0.7217174172401428, 0.6422459483146667, 0.5579094290733337, 0.534682035446167, 0.5067742466926575, 0.4807552099227905, 0.46617719531059265, 0.4699898958206177, 0.4347192347049713, 0.4243369996547699, 0.42001745104789734, 0.41051220893859863, 0.4046754837036133, 0.3955167531967163, 0.3855193853378296, 0.3836505115032196, 0.3705841600894928, 0.3586817979812622, 0.3525524139404297, 0.34482038021087646, 0.34060531854629517, 0.3473570644855499, 0.3247728943824768, 0.31685835123062134, 0.3096177279949188, 0.30167219042778015, 0.297132670879364, 0.29751425981521606, 0.2849697470664978, 0.275820255279541, 0.27775540947914124, 0.2679004669189453, 0.2617615759372711, 0.26439669728279114, 0.2571544051170349, 0.24901993572711945, 0.24485567212104797, 0.23960034549236298, 0.23421700298786163, 0.2315739244222641, 0.22481553256511688, 0.2218681275844574, 0.21969124674797058, 0.2178993672132492, 0.210066020488739, 0.20797772705554962, 0.20134566724300385, 0.19727741181850433, 0.19762802124023438, 0.19064615666866302, 0.18662333488464355, 0.18336793780326843, 0.18155598640441895, 0.17855337262153625, 0.17616799473762512, 0.17246145009994507, 0.17319531738758087, 0.16704900562763214, 0.16745507717132568, 0.16333763301372528, 0.162845641374588, 0.1625048965215683, 0.15668030083179474, 0.15851347148418427, 0.15735769271850586, 0.1512465924024582, 0.15031935274600983, 0.15038594603538513, 0.15615838766098022, 0.14852400124073029, 0.14755623042583466, 0.14670763909816742, 0.14644302427768707, 0.1441909670829773, 0.14326825737953186, 0.14570951461791992, 0.1441664695739746, 0.14484411478042603, 0.1415971964597702, 0.14283517003059387, 0.14238376915454865, 0.14136676490306854, 0.14205986261367798, 0.1456373929977417, 0.1415141522884369, 0.14346575736999512, 0.141665518283844, 0.1483451873064041, 0.14299750328063965, 0.13827483355998993, 0.14003148674964905, 0.1385939121246338, 0.1459859013557434, 0.14336012303829193, 0.14246612787246704, 0.14361566305160522, 0.13761721551418304, 0.13798779249191284, 0.14084124565124512, 0.1370978206396103, 0.13779038190841675, 0.1400669366121292, 0.13697391748428345, 0.13835886120796204, 0.14247888326644897, 0.14183713495731354, 0.14235170185565948, 0.13990068435668945, 0.14131766557693481, 0.15115749835968018, 0.13976123929023743, 0.13749803602695465, 0.1380036622285843, 0.13967831432819366, 0.13904306292533875, 0.13859325647354126, 0.13829305768013, 0.1391068994998932]"
0,[20],leaky_relu,adamax,<keras.src.losses.losses.MeanSquaredError object at 0x73a3d7d3a450>,4,"[0.06072762981057167, 0.06537425518035889, 0.06355258822441101, 0.06194237247109413, 0.06177695095539093, 0.0639464408159256, 0.06240566074848175, 0.06274440139532089, 0.06258043646812439, 0.06323948502540588, 0.0631384551525116, 0.06063073128461838, 0.0615873783826828, 0.06150256097316742]","[147.08938598632812, 19.48475456237793, 6.820777893066406, 6.271834373474121, 6.032403945922852, 5.875894069671631, 5.778966426849365, 5.725768089294434, 5.683137893676758, 5.648221492767334, 5.6328887939453125, 5.606692314147949, 5.584315776824951, 5.56975793838501, 5.555495738983154, 5.535767078399658, 5.5194549560546875, 5.506908893585205, 5.480482578277588, 5.463164329528809, 5.434438705444336, 5.384774684906006, 5.345309734344482, 5.30410623550415, 5.221035480499268, 5.132253170013428, 5.0071258544921875, 4.844202041625977, 4.599824905395508, 4.276695251464844, 3.757065773010254, 3.074381113052368, 2.3641257286071777, 1.8068792819976807, 1.40125572681427, 1.1444839239120483, 0.9887800216674805, 0.8731734156608582, 0.7922965884208679, 0.7215325832366943, 0.6664289832115173, 0.6176154017448425, 0.5787279009819031, 0.5426443815231323, 0.5088391304016113, 0.48135077953338623, 0.46103212237358093, 0.45110034942626953, 0.4466716945171356, 0.43267834186553955, 0.4201340079307556, 0.4166101813316345, 0.4093158543109894, 0.4026748538017273, 0.39512553811073303, 0.3923397362232208, 0.3868635296821594, 0.3848654329776764, 0.38339921832084656, 0.38023802638053894, 0.382795512676239, 0.38544708490371704, 0.37983226776123047, 0.3851395845413208, 0.3817810118198395, 0.37712207436561584, 0.37539762258529663, 0.37349072098731995, 0.3739691376686096, 0.37304288148880005, 0.3769959807395935, 0.37507346272468567, 0.3730543553829193, 0.3747531473636627, 0.37969356775283813, 0.37257444858551025, 0.3790879547595978, 0.3737151622772217, 0.37457337975502014, 0.3715168535709381, 0.37328746914863586, 0.37544238567352295, 0.374552845954895, 0.37657901644706726, 0.3718789517879486, 0.3760870695114136, 0.3768201470375061, 0.37236830592155457, 0.3739098906517029, 0.3706775903701782, 0.3771243691444397, 0.37116560339927673, 0.37060728669166565, 0.37635350227355957, 0.37192824482917786, 0.3698784410953522, 0.3792591094970703, 0.3731759786605835, 0.37327393889427185, 0.372601717710495, 0.37049660086631775, 0.37038570642471313, 0.37247908115386963, 0.3707923889160156, 0.3685013949871063, 0.3727175295352936, 0.37682247161865234, 0.3719449043273926, 0.3719804883003235, 0.3650664687156677, 0.3680298328399658, 0.36678963899612427, 0.3699195683002472, 0.36499446630477905, 0.3725912272930145, 0.36527904868125916, 0.3668883442878723, 0.3680446445941925, 0.3754369914531708, 0.36077412962913513, 0.3637329936027527, 0.36152729392051697, 0.3613661229610443, 0.3687082529067993, 0.35839855670928955, 0.3605850636959076, 0.3534238040447235, 0.3568701446056366, 0.3552932143211365, 0.3501368761062622, 0.3504350483417511, 0.3466726839542389, 0.34508582949638367, 0.34602653980255127, 0.3431349992752075, 0.34058693051338196, 0.33729806542396545, 0.33714398741722107, 0.331459641456604, 0.33179232478141785, 0.3318263590335846, 0.3218938112258911, 0.31712961196899414, 0.31463757157325745, 0.31109508872032166, 0.3141882121562958, 0.3047163486480713, 0.2979954481124878, 0.29154670238494873, 0.2891661822795868, 0.28118839859962463, 0.2747894525527954, 0.2714320123195648, 0.26801633834838867, 0.2581270635128021, 0.25406259298324585, 0.2540072500705719, 0.24096165597438812, 0.23657768964767456, 0.22584660351276398, 0.22095179557800293, 0.21602250635623932, 0.2052973359823227, 0.19953717291355133, 0.18946020305156708, 0.18026910722255707, 0.17436999082565308, 0.16754640638828278, 0.16711322963237762, 0.15907332301139832, 0.15382210910320282, 0.14818204939365387, 0.14417152106761932, 0.14406538009643555, 0.13623970746994019, 0.13765433430671692, 0.12939779460430145, 0.12974166870117188, 0.1270865499973297, 0.13142400979995728, 0.11945144087076187, 0.11663076281547546, 0.11509304493665695, 0.1154775321483612, 0.11492827534675598, 0.11379357427358627, 0.11391624808311462, 0.11051879823207855, 0.11221538484096527, 0.11100960522890091, 0.1060514971613884, 0.1066993996500969, 0.10553527623414993, 0.11183866113424301, 0.10494416207075119, 0.10252981632947922, 0.10349299013614655, 0.10621695220470428, 0.10233256220817566, 0.10152888298034668, 0.10395745933055878, 0.10304134339094162, 0.10134679824113846, 0.10013652592897415, 0.10119025409221649, 0.09913302958011627, 0.10034150630235672, 0.10294237732887268, 0.09913389384746552, 0.09730497002601624, 0.09517202526330948, 0.09379538893699646, 0.09390866011381149, 0.09350761026144028, 0.0922316163778305, 0.0955306738615036, 0.09255818277597427, 0.0909857451915741, 0.0904795452952385, 0.09405085444450378, 0.0890410840511322, 0.09009771049022675, 0.08658694475889206, 0.08841649442911148, 0.08651427924633026, 0.0849316269159317, 0.08526425063610077, 0.08460631221532822, 0.08751203119754791, 0.08243712037801743, 0.08370298892259598, 0.0830613523721695, 0.08367658406496048, 0.08210046589374542, 0.08180137723684311, 0.07880017161369324, 0.08359961956739426, 0.07879804074764252, 0.07838766276836395, 0.07585610449314117, 0.07789988070726395, 0.07662452012300491, 0.0738554522395134, 0.0727657601237297, 0.07465633004903793, 0.07467556744813919, 0.07148072868585587, 0.07315714657306671, 0.07273432612419128, 0.07182518392801285, 0.07215288281440735, 0.07098063826560974, 0.07001698017120361, 0.06940891593694687, 0.07092800736427307, 0.07332195341587067, 0.07026775181293488, 0.06663600355386734, 0.07013516873121262, 0.06814569234848022, 0.06738796085119247, 0.06576012820005417, 0.0685034692287445, 0.06835966557264328, 0.0678778737783432, 0.0662413015961647, 0.06816975772380829, 0.06851431727409363, 0.06515739113092422, 0.06655260175466537, 0.06572267413139343, 0.06530345976352692, 0.0679365023970604, 0.06787724047899246, 0.06554362177848816, 0.06443313509225845, 0.06688148528337479, 0.06685608625411987, 0.06500470638275146, 0.06518500298261642, 0.06601572781801224, 0.06571369618177414, 0.06386664509773254, 0.06578224897384644, 0.06455036997795105, 0.0628911703824997, 0.06284830719232559, 0.06776431947946548, 0.06387823075056076, 0.06353717297315598, 0.0628034695982933, 0.06484702229499817, 0.06252989172935486, 0.06853923946619034, 0.06329014897346497, 0.06472165137529373, 0.06433586031198502, 0.062202658504247665, 0.06349372118711472, 0.06257590651512146, 0.06557361036539078, 0.06512369215488434, 0.06359818577766418, 0.062471210956573486, 0.06156409531831741, 0.06273725628852844, 0.06259841471910477, 0.06178397685289383, 0.06560291349887848, 0.06888851523399353, 0.0632847249507904, 0.06112837791442871, 0.06423924118280411, 0.0672646313905716, 0.06292209029197693, 0.06391475349664688, 0.06684400141239166, 0.062105562537908554, 0.06267014145851135, 0.060548048466444016, 0.06068349629640579, 0.06097368896007538, 0.06244391202926636, 0.05999092757701874, 0.06356850266456604, 0.06314024329185486, 0.06379056721925735, 0.06541448831558228, 0.0658259391784668, 0.06138508766889572, 0.05918450653553009, 0.06072762981057167, 0.06537425518035889, 0.06355258822441101, 0.06194237247109413, 0.06177695095539093, 0.0639464408159256, 0.06240566074848175, 0.06274440139532089, 0.06258043646812439, 0.06323948502540588, 0.0631384551525116, 0.06063073128461838, 0.0615873783826828, 0.06150256097316742, 0.06330348551273346]"
0,[20],leaky_relu,adamax,<keras.src.losses.losses.MeanSquaredError object at 0x73a3d7d3a450>,5,"[0.05890722572803497, 0.06231548264622688, 0.06165149435400963, 0.0581875704228878, 0.05879615992307663, 0.06011239066720009, 0.05925627425312996, 0.057906705886125565, 0.05914431810379028, 0.06232358515262604, 0.0628824234008789, 0.06025506928563118, 0.05982489883899689, 0.058471985161304474]","[141.9387664794922, 26.62866973876953, 8.010493278503418, 6.326690673828125, 6.045228481292725, 5.856600761413574, 5.758869171142578, 5.6861138343811035, 5.636293411254883, 5.606260299682617, 5.589380264282227, 5.566336154937744, 5.556236267089844, 5.554951190948486, 5.541555404663086, 5.539112567901611, 5.526797771453857, 5.522977828979492, 5.52919340133667, 5.513174533843994, 5.499722003936768, 5.492607593536377, 5.488893508911133, 5.475125789642334, 5.469458103179932, 5.470214366912842, 5.4322509765625, 5.407833099365234, 5.398803234100342, 5.354164123535156, 5.307519912719727, 5.249967575073242, 5.17496919631958, 5.088484287261963, 4.958381175994873, 4.797300815582275, 4.611114025115967, 4.369410037994385, 3.95749831199646, 3.349350929260254, 2.6066925525665283, 2.108705520629883, 1.6897711753845215, 1.389180302619934, 1.1894197463989258, 1.0098034143447876, 0.9006444215774536, 0.7621555328369141, 0.677581787109375, 0.5930532217025757, 0.5411286950111389, 0.48739296197891235, 0.5213168263435364, 0.4199686348438263, 0.40001246333122253, 0.39094144105911255, 0.37486332654953003, 0.3519667983055115, 0.3453530967235565, 0.3244665861129761, 0.3152567446231842, 0.31432750821113586, 0.2952844798564911, 0.28779280185699463, 0.34215348958969116, 0.26779770851135254, 0.26705044507980347, 0.255420982837677, 0.25160443782806396, 0.2502882480621338, 0.23452363908290863, 0.22559550404548645, 0.22186601161956787, 0.21475863456726074, 0.21110688149929047, 0.2083623856306076, 0.20026946067810059, 0.19586199522018433, 0.19490277767181396, 0.19843047857284546, 0.18284133076667786, 0.17946121096611023, 0.17864830791950226, 0.1747036576271057, 0.17178164422512054, 0.1668742299079895, 0.16353890299797058, 0.16391798853874207, 0.16024678945541382, 0.16234290599822998, 0.15497390925884247, 0.15335427224636078, 0.15439948439598083, 0.14911361038684845, 0.1461920440196991, 0.1452646255493164, 0.1435529738664627, 0.14425957202911377, 0.14289912581443787, 0.14211586117744446, 0.1429664045572281, 0.13940554857254028, 0.14489057660102844, 0.13901880383491516, 0.14616206288337708, 0.1416092813014984, 0.13819055259227753, 0.13535112142562866, 0.13622264564037323, 0.1358034312725067, 0.13629759848117828, 0.13623666763305664, 0.14169266819953918, 0.13374772667884827, 0.13892066478729248, 0.13055647909641266, 0.13363026082515717, 0.13937170803546906, 0.13162870705127716, 0.13197802007198334, 0.12876999378204346, 0.13145765662193298, 0.1282208263874054, 0.13633733987808228, 0.12698297202587128, 0.13722099363803864, 0.15281076729297638, 0.13237972557544708, 0.13059046864509583, 0.1655275523662567, 0.12957608699798584, 0.1285773664712906, 0.12811535596847534, 0.12964604794979095, 0.129481703042984, 0.12606194615364075, 0.12717293202877045, 0.12568096816539764, 0.12461934983730316, 0.12541039288043976, 0.1279100477695465, 0.12887978553771973, 0.1252349317073822, 0.13159853219985962, 0.12626516819000244, 0.12488607317209244, 0.12911202013492584, 0.14650118350982666, 0.12395058572292328, 0.1290351301431656, 0.1232483759522438, 0.12121207267045975, 0.12182280421257019, 0.12313371151685715, 0.1258365511894226, 0.1258634626865387, 0.15074528753757477, 0.12307233363389969, 0.12293750792741776, 0.12384667992591858, 0.12046220898628235, 0.12247416377067566, 0.12041974067687988, 0.11876567453145981, 0.12147898226976395, 0.1196235939860344, 0.11885271966457367, 0.12454552203416824, 0.1184864416718483, 0.11807244271039963, 0.12114384770393372, 0.1327425092458725, 0.11767926812171936, 0.1178993359208107, 0.11564436554908752, 0.11594612151384354, 0.11484681069850922, 0.11679891496896744, 0.12067452073097229, 0.11987806856632233, 0.11937316507101059, 0.116611547768116, 0.11516744643449783, 0.1193353608250618, 0.11729305237531662, 0.11607149988412857, 0.11282454431056976, 0.11225549131631851, 0.11543194204568863, 0.11280907690525055, 0.11274438351392746, 0.1151760146021843, 0.11483359336853027, 0.12137152254581451, 0.1113588958978653, 0.11050113290548325, 0.10983972251415253, 0.10933912545442581, 0.11229678243398666, 0.10938206315040588, 0.1075156182050705, 0.11040179431438446, 0.11365045607089996, 0.11120906472206116, 0.10693669319152832, 0.10803798586130142, 0.10668810456991196, 0.1103440672159195, 0.10758047550916672, 0.10811686515808105, 0.10471833497285843, 0.1042039692401886, 0.10519727319478989, 0.10596314072608948, 0.11280146986246109, 0.10585791617631912, 0.10170547664165497, 0.1023966446518898, 0.09976145625114441, 0.0995974913239479, 0.10113053768873215, 0.09984484314918518, 0.1011851355433464, 0.09890846908092499, 0.0984271839261055, 0.09878344088792801, 0.09635236859321594, 0.09811237454414368, 0.09693212062120438, 0.09636042267084122, 0.09626549482345581, 0.09801362454891205, 0.11291054636240005, 0.09938585013151169, 0.09561842679977417, 0.09942985326051712, 0.09463784098625183, 0.09303702414035797, 0.09625548869371414, 0.09390722960233688, 0.09290517121553421, 0.09329704195261002, 0.09097859263420105, 0.08854656666517258, 0.09525969624519348, 0.0955919474363327, 0.09293815493583679, 0.08880383521318436, 0.09054247289896011, 0.08770826458930969, 0.09446343034505844, 0.08471246808767319, 0.08612921833992004, 0.0869060531258583, 0.08491689711809158, 0.08470703661441803, 0.08872780948877335, 0.08954939991235733, 0.08531855791807175, 0.0827300101518631, 0.08474843204021454, 0.08111710101366043, 0.08277818560600281, 0.08746213465929031, 0.0804394781589508, 0.07933046668767929, 0.08005930483341217, 0.07850807905197144, 0.08738462626934052, 0.08304335176944733, 0.08898384869098663, 0.07961194962263107, 0.07924245297908783, 0.09076403826475143, 0.07903757691383362, 0.07813115417957306, 0.07868445664644241, 0.07760509848594666, 0.08523091673851013, 0.07406764477491379, 0.0753626599907875, 0.07498553395271301, 0.07482943683862686, 0.07342856377363205, 0.07318563759326935, 0.07539652287960052, 0.07504475861787796, 0.07176654040813446, 0.07715516537427902, 0.0713818147778511, 0.07062980532646179, 0.07003188878297806, 0.07296600937843323, 0.06889017671346664, 0.06923862546682358, 0.06895241141319275, 0.07150352746248245, 0.06932293623685837, 0.06892320513725281, 0.07020840048789978, 0.07039976865053177, 0.06950674951076508, 0.07333168387413025, 0.06735091656446457, 0.06633438169956207, 0.06649534404277802, 0.07141494005918503, 0.07731024920940399, 0.06795268505811691, 0.06923539191484451, 0.06593623757362366, 0.06625619530677795, 0.06821668893098831, 0.06839476525783539, 0.06818876415491104, 0.06480957567691803, 0.06394216418266296, 0.06765051186084747, 0.06817974895238876, 0.06442292779684067, 0.07007502019405365, 0.06837329268455505, 0.06570834666490555, 0.06373375654220581, 0.06495615094900131, 0.0681828036904335, 0.06768225878477097, 0.06675708293914795, 0.06883130222558975, 0.0651429295539856, 0.06581997871398926, 0.0627698004245758, 0.06523177772760391, 0.06872925162315369, 0.06539800018072128, 0.06621068716049194, 0.06463702768087387, 0.06740650534629822, 0.06624583154916763, 0.06465725600719452, 0.06300219893455505, 0.06304463744163513, 0.06166419759392738, 0.06297225505113602, 0.06636542081832886, 0.06290711462497711, 0.06911122053861618, 0.06359152495861053, 0.06230456382036209, 0.061522167176008224, 0.06154162436723709, 0.06136143207550049, 0.06402066349983215, 0.06415674090385437, 0.06267673522233963, 0.06164877861738205, 0.062056686729192734, 0.06174226105213165, 0.060421526432037354, 0.06090255081653595, 0.06467438489198685, 0.06284160912036896, 0.06447175145149231, 0.06156885623931885, 0.0641552060842514, 0.06005654111504555, 0.06120293587446213, 0.06238051876425743, 0.06104520335793495, 0.06302955001592636, 0.06215137988328934, 0.06371384859085083, 0.06356435269117355, 0.061198875308036804, 0.0614912323653698, 0.06025547534227371, 0.061686933040618896, 0.06037033349275589, 0.059834081679582596, 0.060909196734428406, 0.06054038554430008, 0.06020910292863846, 0.059982895851135254, 0.06501766294240952, 0.060544200241565704, 0.06126902624964714, 0.060367558151483536, 0.06229040399193764, 0.06139574572443962, 0.06220570579171181, 0.05913926661014557, 0.060691554099321365, 0.061522290110588074, 0.05910231173038483, 0.0593351311981678, 0.060277216136455536, 0.06342072039842606, 0.062060534954071045, 0.06977410614490509, 0.0673583447933197, 0.05918397009372711, 0.059992194175720215, 0.05943237245082855, 0.06020110100507736, 0.058625683188438416, 0.06098012253642082, 0.05749763548374176, 0.05890722572803497, 0.06231548264622688, 0.06165149435400963, 0.0581875704228878, 0.05879615992307663, 0.06011239066720009, 0.05925627425312996, 0.057906705886125565, 0.05914431810379028, 0.06232358515262604, 0.0628824234008789, 0.06025506928563118, 0.05982489883899689, 0.058471985161304474, 0.06224599853157997]"
0,[20],leaky_relu,adamax,<keras.src.losses.losses.MeanSquaredError object at 0x73a3d7d3a450>,6,"[0.10379266738891602, 0.1031574085354805, 0.10368916392326355, 0.10200652480125427, 0.10347981005907059, 0.10248193144798279, 0.10280699282884598, 0.10246028751134872, 0.10113448649644852, 0.10733325779438019, 0.10326682031154633, 0.10506908595561981, 0.10303321480751038, 0.10182900726795197]","[147.5030975341797, 21.19812774658203, 6.97689151763916, 6.341716289520264, 6.081050395965576, 5.91795015335083, 5.807162761688232, 5.736220836639404, 5.67943000793457, 5.644442081451416, 5.609614849090576, 5.589829921722412, 5.560842037200928, 5.540685176849365, 5.524290084838867, 5.512584209442139, 5.48796272277832, 5.466750144958496, 5.470063209533691, 5.429821968078613, 5.401148319244385, 5.374420166015625, 5.335498332977295, 5.3052473068237305, 5.243793964385986, 5.178196430206299, 5.089386940002441, 4.980156898498535, 4.853188514709473, 4.669789791107178, 4.429241180419922, 4.126949310302734, 3.7289140224456787, 3.2154006958007812, 2.671347141265869, 2.1257545948028564, 1.6560742855072021, 1.2860175371170044, 1.047316074371338, 0.8955705165863037, 0.7736866474151611, 0.690583348274231, 0.6426335573196411, 0.6022884845733643, 0.5646688938140869, 0.5380915403366089, 0.5171412229537964, 0.49986785650253296, 0.4875830113887787, 0.47533661127090454, 0.4657277464866638, 0.4542820155620575, 0.43690225481987, 0.4264887571334839, 0.4190186560153961, 0.4156809151172638, 0.4103923738002777, 0.40305572748184204, 0.3990313708782196, 0.39210113883018494, 0.3863525092601776, 0.38074493408203125, 0.3830755650997162, 0.3794143497943878, 0.37704765796661377, 0.3745453655719757, 0.374317467212677, 0.3712264597415924, 0.37088820338249207, 0.3713948130607605, 0.3687573969364166, 0.36586686968803406, 0.36696338653564453, 0.3674513101577759, 0.36440926790237427, 0.36615586280822754, 0.3624930679798126, 0.36153098940849304, 0.3651561141014099, 0.35867732763290405, 0.3583894968032837, 0.36206769943237305, 0.3557215929031372, 0.3596686124801636, 0.35966306924819946, 0.35229894518852234, 0.35114747285842896, 0.35167261958122253, 0.3468066453933716, 0.3468795418739319, 0.351287841796875, 0.3438718914985657, 0.3387123644351959, 0.34174031019210815, 0.3347567319869995, 0.3347701132297516, 0.3291241228580475, 0.32800185680389404, 0.3247480094432831, 0.3222871422767639, 0.314832866191864, 0.3110603988170624, 0.3077053725719452, 0.30397719144821167, 0.3010421395301819, 0.2935003638267517, 0.2926276624202728, 0.2850017249584198, 0.27911025285720825, 0.27936211228370667, 0.26918572187423706, 0.26780056953430176, 0.26178061962127686, 0.2616690397262573, 0.250487744808197, 0.2467050850391388, 0.24141138792037964, 0.2366088479757309, 0.2317235767841339, 0.2230534553527832, 0.2160346657037735, 0.21263931691646576, 0.20396631956100464, 0.19940128922462463, 0.19520798325538635, 0.19414472579956055, 0.1836349219083786, 0.18837498128414154, 0.17640990018844604, 0.1794484704732895, 0.17084987461566925, 0.16701309382915497, 0.16519512236118317, 0.15952467918395996, 0.15786780416965485, 0.15459519624710083, 0.15760451555252075, 0.15031355619430542, 0.1488855928182602, 0.14744210243225098, 0.14547643065452576, 0.14283692836761475, 0.1369091272354126, 0.13725964725017548, 0.13513094186782837, 0.1334509700536728, 0.1311512589454651, 0.1345217227935791, 0.1296132504940033, 0.12712475657463074, 0.1296735405921936, 0.12460041046142578, 0.12332122772932053, 0.12433108687400818, 0.1219724789261818, 0.12261763215065002, 0.1194646880030632, 0.12197048217058182, 0.12078416347503662, 0.11685185879468918, 0.11409519612789154, 0.11516143381595612, 0.11367368698120117, 0.11293689161539078, 0.11327715963125229, 0.11174530535936356, 0.11360737681388855, 0.11333774030208588, 0.1128634512424469, 0.11542969197034836, 0.11402024328708649, 0.10754938423633575, 0.10972864180803299, 0.11446519941091537, 0.11404161900281906, 0.11103124916553497, 0.10609248280525208, 0.10689204931259155, 0.10857396572828293, 0.10660283267498016, 0.1071353405714035, 0.10693489015102386, 0.11114079505205154, 0.11275625228881836, 0.10775874555110931, 0.10613569617271423, 0.10673397779464722, 0.1074921041727066, 0.10662722587585449, 0.10488010197877884, 0.1070321798324585, 0.11049086600542068, 0.10810477286577225, 0.10741757601499557, 0.1091843992471695, 0.10538080334663391, 0.10602840781211853, 0.10459913313388824, 0.10331419110298157, 0.10458346456289291, 0.10354544222354889, 0.10485170781612396, 0.10404454171657562, 0.1021374985575676, 0.10508052259683609, 0.10389931499958038, 0.10437819361686707, 0.10364481806755066, 0.10356972366571426, 0.10711728036403656, 0.10316222161054611, 0.1032542809844017, 0.10433915257453918, 0.10393989831209183, 0.1057543233036995, 0.10168462246656418, 0.10278794914484024, 0.10025206208229065, 0.10379266738891602, 0.1031574085354805, 0.10368916392326355, 0.10200652480125427, 0.10347981005907059, 0.10248193144798279, 0.10280699282884598, 0.10246028751134872, 0.10113448649644852, 0.10733325779438019, 0.10326682031154633, 0.10506908595561981, 0.10303321480751038, 0.10182900726795197, 0.10189667344093323]"
0,[20],leaky_relu,adamax,<keras.src.losses.losses.MeanSquaredError object at 0x73a3d7d3a450>,7,"[0.06414468586444855, 0.06572140753269196, 0.064015232026577, 0.06595643609762192, 0.06452446430921555, 0.06618285924196243, 0.0665682777762413, 0.06621387600898743, 0.06508289277553558, 0.0662282407283783, 0.06401493400335312, 0.06396899372339249, 0.0660168007016182, 0.06494443863630295]","[144.48033142089844, 15.393766403198242, 7.264161109924316, 6.559774398803711, 6.173919677734375, 5.937397480010986, 5.763548851013184, 5.659374713897705, 5.592934608459473, 5.52830696105957, 5.482360363006592, 5.444332599639893, 5.401716709136963, 5.357477188110352, 5.308360576629639, 5.248685836791992, 5.128642559051514, 4.962823867797852, 4.710470199584961, 4.362905025482178, 3.9332094192504883, 3.3715243339538574, 2.7429025173187256, 2.182025194168091, 1.7613375186920166, 1.4827537536621094, 1.2466657161712646, 1.105589747428894, 0.9873977303504944, 0.8879153728485107, 0.8167003989219666, 0.7463610172271729, 0.6913454532623291, 0.6432700157165527, 0.606534481048584, 0.5724166035652161, 0.5312972664833069, 0.4959002137184143, 0.46689578890800476, 0.44331422448158264, 0.42113378643989563, 0.4042104482650757, 0.3873000144958496, 0.3750239908695221, 0.3595312535762787, 0.34834206104278564, 0.33620503544807434, 0.330087274312973, 0.3188997507095337, 0.3084458112716675, 0.3012084364891052, 0.2968522608280182, 0.2867794632911682, 0.2792145311832428, 0.27365779876708984, 0.2680099308490753, 0.2657564878463745, 0.25564637780189514, 0.25017249584198, 0.24368180334568024, 0.2408086508512497, 0.23478007316589355, 0.23043686151504517, 0.22582776844501495, 0.21960695087909698, 0.21961399912834167, 0.21255122125148773, 0.20825636386871338, 0.20366327464580536, 0.1976226568222046, 0.19713781774044037, 0.19035285711288452, 0.18383663892745972, 0.1798887997865677, 0.17723298072814941, 0.17555829882621765, 0.16923482716083527, 0.16930681467056274, 0.16366225481033325, 0.1611330360174179, 0.158706396818161, 0.15573276579380035, 0.15694746375083923, 0.1510729342699051, 0.14695459604263306, 0.15524622797966003, 0.14482976496219635, 0.1444081962108612, 0.14406318962574005, 0.14136050641536713, 0.14327430725097656, 0.14330337941646576, 0.137849822640419, 0.13776998221874237, 0.1372436285018921, 0.13376978039741516, 0.1312633752822876, 0.1334945112466812, 0.13722150027751923, 0.1310226321220398, 0.12931042909622192, 0.13025015592575073, 0.1267843395471573, 0.1304352879524231, 0.12881594896316528, 0.1262529492378235, 0.13351765275001526, 0.12419603765010834, 0.12297768145799637, 0.12220463156700134, 0.12371386587619781, 0.12289790064096451, 0.12021377682685852, 0.12184664607048035, 0.1198403537273407, 0.11680585891008377, 0.11580811440944672, 0.11355500668287277, 0.1135367825627327, 0.11634626984596252, 0.1126517727971077, 0.11343244463205338, 0.11081487685441971, 0.10864387452602386, 0.1094852164387703, 0.10901572555303574, 0.10881323367357254, 0.10751849412918091, 0.10502307862043381, 0.11483900994062424, 0.10337701439857483, 0.10243003815412521, 0.10380306839942932, 0.10267828404903412, 0.09929171204566956, 0.09941331297159195, 0.10213348269462585, 0.09638991951942444, 0.09824787080287933, 0.09670484066009521, 0.09760966897010803, 0.0935569703578949, 0.09596016258001328, 0.09301788359880447, 0.09350094944238663, 0.09347401559352875, 0.09574711322784424, 0.08946217596530914, 0.08884069323539734, 0.09104698151350021, 0.08559635281562805, 0.08782252669334412, 0.0876721665263176, 0.08925870060920715, 0.08379729092121124, 0.08411619067192078, 0.08016853779554367, 0.08447036147117615, 0.07777847349643707, 0.08235965669155121, 0.07854772359132767, 0.08236132562160492, 0.07887229323387146, 0.07729114592075348, 0.08078095316886902, 0.07838339358568192, 0.07693791389465332, 0.07459764927625656, 0.07302368432283401, 0.0727783590555191, 0.07598283141851425, 0.07530906796455383, 0.06980131566524506, 0.07093802094459534, 0.07351335883140564, 0.07266023755073547, 0.06931963562965393, 0.06912124156951904, 0.06903669983148575, 0.06774818897247314, 0.06828843057155609, 0.06914062798023224, 0.06797323375940323, 0.06931474059820175, 0.06860283017158508, 0.0656297355890274, 0.06895662844181061, 0.06568705290555954, 0.06554620712995529, 0.06825731694698334, 0.06559707969427109, 0.06613115966320038, 0.07017716020345688, 0.06928501278162003, 0.0658036321401596, 0.06493586301803589, 0.06909632682800293, 0.06331617385149002, 0.06414468586444855, 0.06572140753269196, 0.064015232026577, 0.06595643609762192, 0.06452446430921555, 0.06618285924196243, 0.0665682777762413, 0.06621387600898743, 0.06508289277553558, 0.0662282407283783, 0.06401493400335312, 0.06396899372339249, 0.0660168007016182, 0.06494443863630295, 0.06385673582553864]"
0,[50],leaky_relu,adam,<keras.src.losses.losses.MeanSquaredError object at 0x73a3d7d3a450>,1,"[5.580844879150391, 5.603542327880859, 5.653233528137207, 5.626570701599121, 5.586582660675049, 5.59168815612793, 5.590632915496826, 5.589630603790283, 5.595727920532227, 5.621805191040039, 5.610730171203613, 5.58021879196167, 5.601988792419434, 5.595840930938721]","[50.78041458129883, 7.076449394226074, 5.811345100402832, 5.6573944091796875, 5.637018203735352, 5.618408203125, 5.617197036743164, 5.670226097106934, 5.61316442489624, 5.615398406982422, 5.625445365905762, 5.611170291900635, 5.630341053009033, 5.601635932922363, 5.5992326736450195, 5.6242852210998535, 5.5992431640625, 5.631662845611572, 5.613773345947266, 5.592733383178711, 5.596128463745117, 5.610947132110596, 5.5867919921875, 5.585256576538086, 5.6488237380981445, 5.587888240814209, 5.617669582366943, 5.587052345275879, 5.59076452255249, 5.602479934692383, 5.578153133392334, 5.602268695831299, 5.584387302398682, 5.58318567276001, 5.580384254455566, 5.596794128417969, 5.581762790679932, 5.573783874511719, 5.580844879150391, 5.603542327880859, 5.653233528137207, 5.626570701599121, 5.586582660675049, 5.59168815612793, 5.590632915496826, 5.589630603790283, 5.595727920532227, 5.621805191040039, 5.610730171203613, 5.58021879196167, 5.601988792419434, 5.595840930938721, 5.613097190856934]"
0,[50],leaky_relu,adam,<keras.src.losses.losses.MeanSquaredError object at 0x73a3d7d3a450>,2,"[0.12495607882738113, 0.11904987692832947, 0.12464205175638199, 0.14240442216396332, 0.12270840257406235, 0.12401819229125977, 0.11891034245491028, 0.116822749376297, 0.11838020384311676, 0.12133843451738358, 0.12088947743177414, 0.1442212164402008, 0.11688661575317383, 0.11895934492349625]","[15.310067176818848, 6.33709192276001, 5.842410564422607, 5.6950812339782715, 5.657064914703369, 5.596956729888916, 5.568785667419434, 5.53856086730957, 5.494653701782227, 5.397796630859375, 5.114573955535889, 4.344821929931641, 2.757636070251465, 1.7151635885238647, 1.285569429397583, 1.0686248540878296, 0.9110884070396423, 0.7612210512161255, 0.6673953533172607, 0.5829675793647766, 0.5296270847320557, 0.4922541081905365, 0.4575101435184479, 0.44010841846466064, 0.41899386048316956, 0.4038947522640228, 0.3905687630176544, 0.38018178939819336, 0.3723188638687134, 0.4074716567993164, 0.3551678955554962, 0.3427366614341736, 0.3370906114578247, 0.33530980348587036, 0.3303403854370117, 0.3224174678325653, 0.32453349232673645, 0.3246816098690033, 0.31673887372016907, 0.3043588697910309, 0.3012620210647583, 0.2995089888572693, 0.29541903734207153, 0.29463592171669006, 0.28916603326797485, 0.28054824471473694, 0.27251461148262024, 0.2955314517021179, 0.26973313093185425, 0.2593291103839874, 0.2556801438331604, 0.25204014778137207, 0.24416181445121765, 0.24032793939113617, 0.25977829098701477, 0.23218093812465668, 0.23229466378688812, 0.22705554962158203, 0.22886116802692413, 0.21744070947170258, 0.22882011532783508, 0.21424059569835663, 0.2173837274312973, 0.21278876066207886, 0.20405152440071106, 0.20108063519001007, 0.20002883672714233, 0.19192102551460266, 0.18959079682826996, 0.18950486183166504, 0.19454637169837952, 0.18589240312576294, 0.18030142784118652, 0.18119986355304718, 0.1767459660768509, 0.1736433506011963, 0.17857420444488525, 0.18428796529769897, 0.17325718700885773, 0.1792866289615631, 0.17239399254322052, 0.16677644848823547, 0.1629457175731659, 0.16109561920166016, 0.16426865756511688, 0.16672804951667786, 0.16305756568908691, 0.16270902752876282, 0.15377478301525116, 0.1527244746685028, 0.15021812915802002, 0.1490887552499771, 0.16134370863437653, 0.15053527057170868, 0.14408789575099945, 0.15904821455478668, 0.1538924127817154, 0.1388595998287201, 0.1406344473361969, 0.1377548724412918, 0.14011098444461823, 0.14047232270240784, 0.14342382550239563, 0.17356331646442413, 0.16438080370426178, 0.1394895315170288, 0.13222181797027588, 0.13278691470623016, 0.15703924000263214, 0.13565021753311157, 0.1302686631679535, 0.1352667212486267, 0.12873324751853943, 0.14846253395080566, 0.12798765301704407, 0.13554157316684723, 0.13395127654075623, 0.13200880587100983, 0.13294026255607605, 0.13539884984493256, 0.12583428621292114, 0.12991119921207428, 0.12886331975460052, 0.1250181645154953, 0.1292184740304947, 0.13775019347667694, 0.12611308693885803, 0.13393384218215942, 0.17631249129772186, 0.14762815833091736, 0.1264534741640091, 0.12490591406822205, 0.12485616654157639, 0.12692297995090485, 0.1243574470281601, 0.12879811227321625, 0.12302001565694809, 0.17287248373031616, 0.1696978211402893, 0.15921926498413086, 0.1225055605173111, 0.11852364987134933, 0.12694667279720306, 0.12378815561532974, 0.12170127779245377, 0.12774327397346497, 0.11938092112541199, 0.12569966912269592, 0.12981991469860077, 0.12191370129585266, 0.12191329896450043, 0.11691394448280334, 0.13996505737304688, 0.12829385697841644, 0.16156160831451416, 0.12050069868564606, 0.1166573092341423, 0.12495607882738113, 0.11904987692832947, 0.12464205175638199, 0.14240442216396332, 0.12270840257406235, 0.12401819229125977, 0.11891034245491028, 0.116822749376297, 0.11838020384311676, 0.12133843451738358, 0.12088947743177414, 0.1442212164402008, 0.11688661575317383, 0.11895934492349625, 0.12290409207344055]"
0,[50],leaky_relu,adam,<keras.src.losses.losses.MeanSquaredError object at 0x73a3d7d3a450>,3,"[0.05299478769302368, 0.051206812262535095, 0.05185193940997124, 0.05716996639966965, 0.05625234171748161, 0.058292243629693985, 0.05138009414076805, 0.050905149430036545, 0.05402965098619461, 0.05583030730485916, 0.05443986877799034, 0.050921481102705, 0.052486710250377655, 0.05352187156677246]","[20.399564743041992, 6.335329532623291, 5.798415184020996, 5.709702014923096, 5.615814685821533, 5.608089447021484, 5.585339069366455, 5.505391597747803, 5.364650249481201, 5.028790473937988, 3.933403968811035, 1.9048165082931519, 1.0616223812103271, 0.6966350674629211, 0.5240514278411865, 0.44209298491477966, 0.4138554334640503, 0.35611507296562195, 0.33148297667503357, 0.3198244869709015, 0.2940719425678253, 0.28751203417778015, 0.2778402864933014, 0.25134146213531494, 0.2607784867286682, 0.23194476962089539, 0.2169206738471985, 0.20542509853839874, 0.19731804728507996, 0.18936854600906372, 0.19848816096782684, 0.1809658259153366, 0.17125055193901062, 0.16610945761203766, 0.16120199859142303, 0.15624265372753143, 0.16186094284057617, 0.15456266701221466, 0.1516122817993164, 0.1517932265996933, 0.1606699824333191, 0.14903616905212402, 0.14758731424808502, 0.14907987415790558, 0.13965646922588348, 0.14561578631401062, 0.14167520403862, 0.13856881856918335, 0.13575465977191925, 0.13363245129585266, 0.13663378357887268, 0.16027189791202545, 0.13888496160507202, 0.13525037467479706, 0.1342342495918274, 0.1332622915506363, 0.13747690618038177, 0.13478878140449524, 0.13280175626277924, 0.14324674010276794, 0.15479223430156708, 0.1327439695596695, 0.12739843130111694, 0.142019584774971, 0.13222014904022217, 0.128850519657135, 0.12780620157718658, 0.13396894931793213, 0.12894441187381744, 0.12628377974033356, 0.1262861043214798, 0.13061034679412842, 0.12358396500349045, 0.12722903490066528, 0.1255066990852356, 0.12583814561367035, 0.12314704060554504, 0.12048407644033432, 0.12908969819545746, 0.12770727276802063, 0.1237584725022316, 0.12934266030788422, 0.13788656890392303, 0.12494519352912903, 0.12889732420444489, 0.14169150590896606, 0.12572824954986572, 0.1264163851737976, 0.12053196877241135, 0.13280020654201508, 0.12419618666172028, 0.11837515234947205, 0.12215779721736908, 0.1180931031703949, 0.11981242150068283, 0.12101486325263977, 0.15108400583267212, 0.13841350376605988, 0.12810136377811432, 0.1226671114563942, 0.11272997409105301, 0.11070270091295242, 0.12247206270694733, 0.13764826953411102, 0.1285199522972107, 0.1096271350979805, 0.11117148399353027, 0.10911986231803894, 0.12025785446166992, 0.11551986634731293, 0.10928311944007874, 0.11262170225381851, 0.12990440428256989, 0.1136939525604248, 0.10808258503675461, 0.18915876746177673, 0.12476553022861481, 0.11198091506958008, 0.11409422755241394, 0.12684398889541626, 0.10175888985395432, 0.11866039782762527, 0.10706350207328796, 0.10628096014261246, 0.10563574731349945, 0.10157320648431778, 0.10323945432901382, 0.09555905312299728, 0.09584036469459534, 0.09967828541994095, 0.10424861311912537, 0.1049000695347786, 0.09763599932193756, 0.10774720460176468, 0.11906366795301437, 0.09705880284309387, 0.09544035792350769, 0.10076044499874115, 0.08946982771158218, 0.08645684272050858, 0.07684952020645142, 0.08347873389720917, 0.08018273860216141, 0.09108120203018188, 0.07720866054296494, 0.07355831563472748, 0.07483751326799393, 0.0638299211859703, 0.06094350293278694, 0.06561223417520523, 0.08472096174955368, 0.07531286031007767, 0.058537557721138, 0.060589246451854706, 0.07220610976219177, 0.10954104363918304, 0.19331228733062744, 0.08702659606933594, 0.05284525826573372, 0.05084105208516121, 0.05299478769302368, 0.051206812262535095, 0.05185193940997124, 0.05716996639966965, 0.05625234171748161, 0.058292243629693985, 0.05138009414076805, 0.050905149430036545, 0.05402965098619461, 0.05583030730485916, 0.05443986877799034, 0.050921481102705, 0.052486710250377655, 0.05352187156677246, 0.05126325413584709]"
0,[50],leaky_relu,adam,<keras.src.losses.losses.MeanSquaredError object at 0x73a3d7d3a450>,4,"[0.04600893706083298, 0.0541280135512352, 0.07189273834228516, 0.04293414577841759, 0.04335848614573479, 0.04403321444988251, 0.04692161828279495, 0.061511583626270294, 0.052389249205589294, 0.046972617506980896, 0.04506383836269379, 0.04196111857891083, 0.05766458809375763, 0.045223671942949295]","[25.91537094116211, 6.545208930969238, 5.802974700927734, 5.647720813751221, 5.585479259490967, 5.511435508728027, 5.423892498016357, 5.29653787612915, 5.036142349243164, 4.394995212554932, 3.053637981414795, 1.6124060153961182, 1.0699055194854736, 0.8803684711456299, 0.7279692888259888, 0.6219379305839539, 0.5365068912506104, 0.4615263342857361, 0.409314900636673, 0.36443427205085754, 0.32244035601615906, 0.2984119951725006, 0.2764992117881775, 0.2616303861141205, 0.26116880774497986, 0.24734613299369812, 0.22090548276901245, 0.2094353437423706, 0.20779947936534882, 0.19182538986206055, 0.1924164891242981, 0.18830011785030365, 0.17928069829940796, 0.1795271635055542, 0.1780635267496109, 0.18513236939907074, 0.17348235845565796, 0.16870169341564178, 0.1658732295036316, 0.1650318056344986, 0.16257232427597046, 0.15881596505641937, 0.16491392254829407, 0.16216589510440826, 0.15790323913097382, 0.15606752038002014, 0.1672908216714859, 0.15091058611869812, 0.15442198514938354, 0.151546448469162, 0.15851269662380219, 0.15274180471897125, 0.14502964913845062, 0.15117444097995758, 0.15066367387771606, 0.14237934350967407, 0.14529432356357574, 0.15645967423915863, 0.14068327844142914, 0.1459628790616989, 0.1455560177564621, 0.1422051340341568, 0.15090343356132507, 0.14491039514541626, 0.13633497059345245, 0.14218290150165558, 0.14537940919399261, 0.13801966607570648, 0.13492734730243683, 0.13737115263938904, 0.1389041543006897, 0.135576069355011, 0.1713542342185974, 0.13932450115680695, 0.1325267255306244, 0.18503576517105103, 0.13615339994430542, 0.13374699652194977, 0.13893704116344452, 0.14966577291488647, 0.131383016705513, 0.13685625791549683, 0.13516797125339508, 0.13389259576797485, 0.13593614101409912, 0.12874726951122284, 0.137607604265213, 0.13719162344932556, 0.14414052665233612, 0.15025027096271515, 0.13432101905345917, 0.15445154905319214, 0.12981781363487244, 0.13553674519062042, 0.1288219690322876, 0.12647530436515808, 0.13189643621444702, 0.16837885975837708, 0.17586861550807953, 0.14136430621147156, 0.1248425766825676, 0.12474995106458664, 0.1336117833852768, 0.136577308177948, 0.14683645963668823, 0.13083532452583313, 0.1227719783782959, 0.12339627742767334, 0.1273680031299591, 0.12160429358482361, 0.12145993113517761, 0.12121433764696121, 0.13182026147842407, 0.13363265991210938, 0.1391625851392746, 0.11590548604726791, 0.11847856640815735, 0.1184864342212677, 0.11641374230384827, 0.12161387503147125, 0.11273106187582016, 0.11401166021823883, 0.13918232917785645, 0.10740411281585693, 0.10714401304721832, 0.11012043058872223, 0.11931496113538742, 0.11330003291368484, 0.11446833610534668, 0.10605984181165695, 0.1345619112253189, 0.1010662317276001, 0.09936608374118805, 0.10102780908346176, 0.10123231261968613, 0.10497888922691345, 0.13361117243766785, 0.1023060753941536, 0.09324539452791214, 0.09957943856716156, 0.15361595153808594, 0.0931859165430069, 0.09563936293125153, 0.08394338190555573, 0.09837868809700012, 0.08840695768594742, 0.07969149947166443, 0.08231370151042938, 0.08289644122123718, 0.07655022293329239, 0.07954210788011551, 0.07223279029130936, 0.10079005360603333, 0.11295092105865479, 0.07353834807872772, 0.06800750643014908, 0.06371969729661942, 0.0693180188536644, 0.08818963170051575, 0.0708034336566925, 0.06297945976257324, 0.06722548604011536, 0.05556046962738037, 0.05617877468466759, 0.056159839034080505, 0.0630808025598526, 0.06327272951602936, 0.08184348046779633, 0.062366824597120285, 0.05469244718551636, 0.06112508475780487, 0.05958639085292816, 0.06241981312632561, 0.06618766486644745, 0.04760054126381874, 0.04822290688753128, 0.11652229726314545, 0.05195583775639534, 0.05465235188603401, 0.047153595834970474, 0.04658011719584465, 0.04981372877955437, 0.04466021806001663, 0.04208745062351227, 0.04302458465099335, 0.04561038315296173, 0.052698537707328796, 0.1460869312286377, 0.042784158140420914, 0.049114663153886795, 0.042753592133522034, 0.04069921746850014, 0.04600893706083298, 0.0541280135512352, 0.07189273834228516, 0.04293414577841759, 0.04335848614573479, 0.04403321444988251, 0.04692161828279495, 0.061511583626270294, 0.052389249205589294, 0.046972617506980896, 0.04506383836269379, 0.04196111857891083, 0.05766458809375763, 0.045223671942949295, 0.044568777084350586]"
0,[50],leaky_relu,adam,<keras.src.losses.losses.MeanSquaredError object at 0x73a3d7d3a450>,5,"[0.06609539687633514, 0.07040510326623917, 0.0628533810377121, 0.06627511978149414, 0.0647047758102417, 0.07713744789361954, 0.06612462550401688, 0.06938672065734863, 0.06680774688720703, 0.07003801316022873, 0.0667123794555664, 0.07712060958147049, 0.06890152394771576, 0.06156352534890175]","[16.120119094848633, 6.2191948890686035, 5.750504970550537, 5.638463497161865, 5.599104404449463, 5.586339950561523, 5.591180324554443, 5.583492279052734, 5.551341533660889, 5.545962810516357, 5.538373947143555, 5.40896463394165, 4.9781012535095215, 3.5134708881378174, 1.6007635593414307, 1.0901392698287964, 0.8423821926116943, 0.7102803587913513, 0.6056864261627197, 0.5522283911705017, 0.5008031725883484, 0.45162805914878845, 0.42951473593711853, 0.4120320677757263, 0.3922070264816284, 0.3780722916126251, 0.3810458779335022, 0.352226585149765, 0.3460986614227295, 0.3411804437637329, 0.32763010263442993, 0.3253380060195923, 0.32156902551651, 0.3141863942146301, 0.30587032437324524, 0.3042669892311096, 0.28357014060020447, 0.2825784981250763, 0.27348729968070984, 0.265288770198822, 0.25375211238861084, 0.24758675694465637, 0.24337516725063324, 0.24706114828586578, 0.24806329607963562, 0.2343536764383316, 0.2229098230600357, 0.21624530851840973, 0.2180277705192566, 0.20567645132541656, 0.20153242349624634, 0.2053217738866806, 0.19124943017959595, 0.18856748938560486, 0.1838805377483368, 0.1740233302116394, 0.1764122098684311, 0.171493798494339, 0.1674698144197464, 0.16526129841804504, 0.16453737020492554, 0.1628333479166031, 0.1639091819524765, 0.16140516102313995, 0.15931160748004913, 0.16901534795761108, 0.15223939716815948, 0.15228545665740967, 0.15849964320659637, 0.14613857865333557, 0.15168987214565277, 0.14497575163841248, 0.14340275526046753, 0.1507294476032257, 0.1425556093454361, 0.14143256843090057, 0.1470867544412613, 0.1564807891845703, 0.13857391476631165, 0.13870158791542053, 0.14394524693489075, 0.1399725377559662, 0.13851171731948853, 0.14098647236824036, 0.13470715284347534, 0.1339760571718216, 0.147841677069664, 0.13252490758895874, 0.13597148656845093, 0.12935295701026917, 0.12488266080617905, 0.13256239891052246, 0.1281578093767166, 0.12427499890327454, 0.12972921133041382, 0.1573977917432785, 0.12351015955209732, 0.12024721503257751, 0.11676209419965744, 0.11747196316719055, 0.12070606648921967, 0.12374988198280334, 0.11291877180337906, 0.11491203308105469, 0.11755045503377914, 0.12030719220638275, 0.10691258311271667, 0.11526470631361008, 0.1143089160323143, 0.10383186489343643, 0.10098376870155334, 0.11361175030469894, 0.11236141622066498, 0.10045086592435837, 0.10288575291633606, 0.0950760543346405, 0.09581106901168823, 0.09683224558830261, 0.11452464014291763, 0.09063684940338135, 0.0953821986913681, 0.09384948015213013, 0.09029261767864227, 0.09214001148939133, 0.08802706748247147, 0.09412937611341476, 0.08490321040153503, 0.09023436903953552, 0.10979995876550674, 0.08809033036231995, 0.08462294936180115, 0.08575467020273209, 0.09082028269767761, 0.08325979113578796, 0.07729097455739975, 0.08038245141506195, 0.07687600702047348, 0.07521876692771912, 0.07462027668952942, 0.08713153004646301, 0.0798896923661232, 0.07611461728811264, 0.07672290503978729, 0.07500427216291428, 0.07629063725471497, 0.0743723139166832, 0.07786455750465393, 0.08301183581352234, 0.07960133999586105, 0.07053673267364502, 0.08860304951667786, 0.07583555579185486, 0.09027206897735596, 0.0812053382396698, 0.07162752002477646, 0.08118704706430435, 0.07048430293798447, 0.07782033085823059, 0.06720798462629318, 0.07489639520645142, 0.08029231429100037, 0.0734509602189064, 0.06738127022981644, 0.07216528803110123, 0.08211870491504669, 0.06706668436527252, 0.07278618961572647, 0.0667811930179596, 0.07185180485248566, 0.07996731251478195, 0.07947274297475815, 0.08668933808803558, 0.08920803666114807, 0.09578978270292282, 0.06680385023355484, 0.06264521926641464, 0.061443645507097244, 0.061399009078741074, 0.07517349720001221, 0.06649305671453476, 0.06319069862365723, 0.07123711705207825, 0.07170379161834717, 0.06624098867177963, 0.06322446465492249, 0.06605027616024017, 0.06612607836723328, 0.062231406569480896, 0.05961079150438309, 0.06609539687633514, 0.07040510326623917, 0.0628533810377121, 0.06627511978149414, 0.0647047758102417, 0.07713744789361954, 0.06612462550401688, 0.06938672065734863, 0.06680774688720703, 0.07003801316022873, 0.0667123794555664, 0.07712060958147049, 0.06890152394771576, 0.06156352534890175, 0.06273720413446426]"
0,[50],leaky_relu,adam,<keras.src.losses.losses.MeanSquaredError object at 0x73a3d7d3a450>,6,"[0.054102275520563126, 0.058189019560813904, 0.050268784165382385, 0.050475768744945526, 0.05130136385560036, 0.054643791168928146, 0.05015463009476662, 0.05816999450325966, 0.054003529250621796, 0.05399779975414276, 0.052414458245038986, 0.051852308213710785, 0.08788938820362091, 0.06288682669401169]","[14.464595794677734, 6.241421699523926, 5.6506028175354, 5.482729434967041, 5.319632530212402, 4.9092936515808105, 3.871535301208496, 2.1272599697113037, 1.248648762702942, 0.9026554822921753, 0.6951531171798706, 0.5876309275627136, 0.49666187167167664, 0.44349047541618347, 0.39298051595687866, 0.36789849400520325, 0.33349740505218506, 0.3142603635787964, 0.29887881875038147, 0.28735601902008057, 0.2650955617427826, 0.24993112683296204, 0.24001042544841766, 0.2385881245136261, 0.21588078141212463, 0.20575590431690216, 0.202168270945549, 0.19400985538959503, 0.1864214986562729, 0.1842520833015442, 0.18962830305099487, 0.17702384293079376, 0.1715138852596283, 0.1728701889514923, 0.166423499584198, 0.16305047273635864, 0.15962547063827515, 0.16229775547981262, 0.15693038702011108, 0.15915042161941528, 0.15615321695804596, 0.16693633794784546, 0.14952951669692993, 0.15051668882369995, 0.15377360582351685, 0.1488213837146759, 0.14549048244953156, 0.14790862798690796, 0.14577682316303253, 0.152671217918396, 0.14680494368076324, 0.14806903898715973, 0.14565178751945496, 0.17469115555286407, 0.146081805229187, 0.14712131023406982, 0.14302128553390503, 0.14426763355731964, 0.1404484510421753, 0.13929063081741333, 0.14678174257278442, 0.14342474937438965, 0.14040428400039673, 0.13643036782741547, 0.14674514532089233, 0.14233356714248657, 0.15740934014320374, 0.13923810422420502, 0.1338854432106018, 0.13737279176712036, 0.15099839866161346, 0.13870984315872192, 0.13792383670806885, 0.13525119423866272, 0.12997671961784363, 0.12842589616775513, 0.12911264598369598, 0.13633379340171814, 0.13885241746902466, 0.1243794783949852, 0.1307259202003479, 0.13042522966861725, 0.1228499785065651, 0.12434632331132889, 0.14857833087444305, 0.11853739619255066, 0.12533746659755707, 0.11325784772634506, 0.11501070857048035, 0.11046961694955826, 0.10249852389097214, 0.12281098961830139, 0.08931250870227814, 0.08308729529380798, 0.08656900376081467, 0.08336655050516129, 0.08232101052999496, 0.07739304006099701, 0.07979783415794373, 0.0762191191315651, 0.07613560557365417, 0.08402407914400101, 0.08047839254140854, 0.07841065526008606, 0.10313227772712708, 0.08099240064620972, 0.06616995483636856, 0.07746179401874542, 0.07757899910211563, 0.07101386040449142, 0.07614853978157043, 0.06745900213718414, 0.0659632682800293, 0.073160320520401, 0.08500189334154129, 0.07364962995052338, 0.07507559657096863, 0.06540972739458084, 0.06667176634073257, 0.07202627509832382, 0.07029297947883606, 0.06430166959762573, 0.06971357762813568, 0.07233767211437225, 0.08626191318035126, 0.06739126890897751, 0.06635221838951111, 0.06745412945747375, 0.0641031414270401, 0.06757029891014099, 0.0703423023223877, 0.07301302999258041, 0.0661689043045044, 0.06906144320964813, 0.07137076556682587, 0.06438877433538437, 0.0836971178650856, 0.06732405722141266, 0.06382548809051514, 0.06706269830465317, 0.06468447297811508, 0.06391957402229309, 0.06378702819347382, 0.09453277289867401, 0.06846711039543152, 0.06300459057092667, 0.06633035093545914, 0.06626103073358536, 0.08194046467542648, 0.07389664649963379, 0.07272379845380783, 0.05926930159330368, 0.08908705413341522, 0.06539640575647354, 0.0631054937839508, 0.07603670656681061, 0.05878477543592453, 0.06384927034378052, 0.06133292242884636, 0.06127375364303589, 0.07186589390039444, 0.061087802052497864, 0.058631137013435364, 0.06173308566212654, 0.059943489730358124, 0.061531975865364075, 0.057763226330280304, 0.06375030428171158, 0.06297177821397781, 0.059775471687316895, 0.06545950472354889, 0.05869384482502937, 0.05958423390984535, 0.0887354239821434, 0.059793975204229355, 0.06625185161828995, 0.05645452439785004, 0.0744633600115776, 0.0775081217288971, 0.061465878039598465, 0.06447933614253998, 0.05646440014243126, 0.05499501898884773, 0.05582074448466301, 0.05704339221119881, 0.06341193616390228, 0.05415075644850731, 0.1254378706216812, 0.05924864485859871, 0.054433196783065796, 0.054159779101610184, 0.06456270813941956, 0.06486791372299194, 0.0640992820262909, 0.06560967862606049, 0.05680029094219208, 0.059842679649591446, 0.052883490920066833, 0.06215415522456169, 0.06392879039049149, 0.05283825099468231, 0.05318646505475044, 0.05499956011772156, 0.06933129578828812, 0.0513598695397377, 0.05605540797114372, 0.05663343146443367, 0.05691937729716301, 0.06037561222910881, 0.059941615909338, 0.1398414522409439, 0.05738374963402748, 0.04890695959329605, 0.054102275520563126, 0.058189019560813904, 0.050268784165382385, 0.050475768744945526, 0.05130136385560036, 0.054643791168928146, 0.05015463009476662, 0.05816999450325966, 0.054003529250621796, 0.05399779975414276, 0.052414458245038986, 0.051852308213710785, 0.08788938820362091, 0.06288682669401169, 0.06853732466697693]"
0,[50],leaky_relu,adam,<keras.src.losses.losses.MeanSquaredError object at 0x73a3d7d3a450>,7,"[0.046347830444574356, 0.04653095081448555, 0.045091062784194946, 0.04368121549487114, 0.05141069367527962, 0.04392882063984871, 0.043578069657087326, 0.04918297007679939, 0.04423189163208008, 0.04208742082118988, 0.04417184367775917, 0.043879617005586624, 0.07322666049003601, 0.04622020944952965]","[13.223539352416992, 6.276703834533691, 5.839962482452393, 5.709371089935303, 5.687098979949951, 5.641073226928711, 5.564006328582764, 5.53247594833374, 5.514634132385254, 5.377750873565674, 5.028896331787109, 3.331676721572876, 0.985925018787384, 0.5484185218811035, 0.41083890199661255, 0.3744381368160248, 0.358540803194046, 0.34530866146087646, 0.32193130254745483, 0.30212604999542236, 0.2879340350627899, 0.2725352644920349, 0.2625017762184143, 0.2512376010417938, 0.2281830608844757, 0.21773779392242432, 0.20614905655384064, 0.19722381234169006, 0.18888790905475616, 0.18312036991119385, 0.17367982864379883, 0.16792063415050507, 0.16203917562961578, 0.15897327661514282, 0.15450695157051086, 0.15187782049179077, 0.1504969596862793, 0.15106160938739777, 0.14956854283809662, 0.1521841138601303, 0.14424175024032593, 0.14310073852539062, 0.1444004774093628, 0.14273601770401, 0.14173680543899536, 0.14207720756530762, 0.1454814374446869, 0.13801464438438416, 0.14033637940883636, 0.13672442734241486, 0.13733524084091187, 0.14152395725250244, 0.13964229822158813, 0.14095167815685272, 0.13927024602890015, 0.13544560968875885, 0.13037267327308655, 0.13964371383190155, 0.1350753903388977, 0.13096469640731812, 0.13059702515602112, 0.13166004419326782, 0.14238499104976654, 0.12843233346939087, 0.12905599176883698, 0.13179215788841248, 0.13421893119812012, 0.12640778720378876, 0.14030548930168152, 0.12244551628828049, 0.1297953724861145, 0.12446638196706772, 0.14298804104328156, 0.12591415643692017, 0.13252316415309906, 0.12743185460567474, 0.12534962594509125, 0.12377022206783295, 0.1303482949733734, 0.12312528491020203, 0.12391290068626404, 0.1229206845164299, 0.12489043176174164, 0.12696543335914612, 0.11860541254281998, 0.12122699618339539, 0.16847127676010132, 0.11429659277200699, 0.11810258030891418, 0.11695978045463562, 0.11726030707359314, 0.11300720274448395, 0.11472252011299133, 0.11737257987260818, 0.11454171687364578, 0.10947111994028091, 0.11373767256736755, 0.10933063179254532, 0.11360365897417068, 0.14368802309036255, 0.11380025744438171, 0.1074489951133728, 0.10057396441698074, 0.11603482812643051, 0.10185936093330383, 0.10778670012950897, 0.12874870002269745, 0.10192128270864487, 0.14866863191127777, 0.10466054081916809, 0.09891121834516525, 0.09311336278915405, 0.08841847628355026, 0.09074438363313675, 0.12919418513774872, 0.10111082345247269, 0.08762221038341522, 0.09130807965993881, 0.08857471495866776, 0.09375933557748795, 0.1038036122918129, 0.08706695586442947, 0.07731597870588303, 0.07591185718774796, 0.07397057861089706, 0.07719731330871582, 0.07683194428682327, 0.07641468942165375, 0.06893320381641388, 0.07370980083942413, 0.07384317368268967, 0.06860705465078354, 0.06572258472442627, 0.059896402060985565, 0.067280113697052, 0.09222491830587387, 0.05392008274793625, 0.05576789379119873, 0.059520404785871506, 0.062275007367134094, 0.05353980138897896, 0.05667271837592125, 0.05411689355969429, 0.06924723088741302, 0.09738228470087051, 0.05045773833990097, 0.05321946740150452, 0.054457422345876694, 0.0502142496407032, 0.08110056817531586, 0.05837767571210861, 0.055092889815568924, 0.04939313232898712, 0.04539380222558975, 0.049499060958623886, 0.042899053543806076, 0.05837172269821167, 0.07246068865060806, 0.04336339980363846, 0.05229544639587402, 0.04242999106645584, 0.07638717442750931, 0.044094670563936234, 0.049390122294425964, 0.051126379519701004, 0.05801713466644287, 0.039786167442798615, 0.046347830444574356, 0.04653095081448555, 0.045091062784194946, 0.04368121549487114, 0.05141069367527962, 0.04392882063984871, 0.043578069657087326, 0.04918297007679939, 0.04423189163208008, 0.04208742082118988, 0.04417184367775917, 0.043879617005586624, 0.07322666049003601, 0.04622020944952965, 0.04398170858621597]"
0,[50],leaky_relu,nadam,<keras.src.losses.losses.MeanSquaredError object at 0x73a3d7d3a450>,1,"[5.580121994018555, 5.611998558044434, 5.593475341796875, 5.594232559204102, 5.59277868270874, 5.59373140335083, 5.580878257751465, 5.586644649505615, 5.63366174697876, 5.606600284576416, 5.607514381408691, 5.60588264465332, 5.639439105987549, 5.592217922210693]","[35.8390998840332, 6.5272297859191895, 5.817172527313232, 5.673163414001465, 5.658120155334473, 5.640203475952148, 5.630856037139893, 5.659071922302246, 5.622720718383789, 5.661511421203613, 5.62452507019043, 5.61691427230835, 5.608433723449707, 5.622586727142334, 5.601518154144287, 5.626813888549805, 5.6090521812438965, 5.596505165100098, 5.59312629699707, 5.604798793792725, 5.6055684089660645, 5.6131486892700195, 5.600911617279053, 5.597661972045898, 5.590246677398682, 5.604823589324951, 5.604439735412598, 5.586812496185303, 5.5803704261779785, 5.581355571746826, 5.591903209686279, 5.61506986618042, 5.579436302185059, 5.580121994018555, 5.611998558044434, 5.593475341796875, 5.594232559204102, 5.59277868270874, 5.59373140335083, 5.580878257751465, 5.586644649505615, 5.63366174697876, 5.606600284576416, 5.607514381408691, 5.60588264465332, 5.639439105987549, 5.592217922210693, 5.585502624511719]"
0,[50],leaky_relu,nadam,<keras.src.losses.losses.MeanSquaredError object at 0x73a3d7d3a450>,2,"[0.14596512913703918, 0.16438345611095428, 0.18236367404460907, 0.14321739971637726, 0.15750867128372192, 0.3583763539791107, 0.14232461154460907, 0.1272914707660675, 0.14789925515651703, 0.2571801245212555, 0.17348989844322205, 0.1312159150838852, 0.1363113671541214, 0.27773234248161316]","[8.681524276733398, 5.843253135681152, 5.649003982543945, 5.603608131408691, 5.545010089874268, 5.476202011108398, 5.309980869293213, 4.864402770996094, 3.91800856590271, 2.140888214111328, 1.1442090272903442, 0.7997768521308899, 0.6348521709442139, 0.50797039270401, 0.45706427097320557, 0.37925589084625244, 0.3513302803039551, 0.3111737072467804, 0.3106032907962799, 0.2635534107685089, 0.2763485014438629, 0.24174541234970093, 0.23135274648666382, 0.45013147592544556, 0.21085231006145477, 0.20773860812187195, 0.1963294893503189, 0.3526088297367096, 0.19662708044052124, 0.18082721531391144, 0.20572590827941895, 0.19243063032627106, 0.1811167150735855, 0.24432414770126343, 0.1606561541557312, 0.1584848016500473, 0.20971666276454926, 0.18458493053913116, 0.1509612649679184, 0.17455965280532837, 0.16769155859947205, 0.14770053327083588, 0.24388331174850464, 0.1558685004711151, 0.1521744579076767, 0.1960214078426361, 0.14764396846294403, 0.14415431022644043, 0.1471967101097107, 0.15632739663124084, 0.3090934753417969, 0.14248937368392944, 0.14029613137245178, 0.14486044645309448, 0.43344053626060486, 0.14509795606136322, 0.13883911073207855, 0.18765383958816528, 0.2365260124206543, 0.1399388313293457, 0.1548074334859848, 0.19026720523834229, 0.1765737384557724, 0.16100850701332092, 0.1700686514377594, 0.15476065874099731, 0.15376496315002441, 0.21463775634765625, 0.15486471354961395, 0.16354598104953766, 0.15200509130954742, 0.13591673970222473, 0.1884162425994873, 0.184280127286911, 0.14437438547611237, 0.14357632398605347, 0.3073146343231201, 0.18139879405498505, 0.14087077975273132, 0.13498921692371368, 0.20289230346679688, 0.18014733493328094, 0.13833226263523102, 0.18393738567829132, 0.13553380966186523, 0.1391124129295349, 0.14102035760879517, 0.306925892829895, 0.15613943338394165, 0.18275634944438934, 0.13825258612632751, 0.13323093950748444, 0.4542609453201294, 0.1340625137090683, 0.13686053454875946, 0.13937395811080933, 0.20889753103256226, 0.15435467660427094, 0.13583627343177795, 0.24887388944625854, 0.13581350445747375, 0.1286705881357193, 0.20235580205917358, 0.1569259613752365, 0.13440197706222534, 0.1365336775779724, 0.14874395728111267, 0.18525797128677368, 0.15671120584011078, 0.12962354719638824, 0.13240601122379303, 0.16842111945152283, 0.17643240094184875, 0.12667739391326904, 0.14596512913703918, 0.16438345611095428, 0.18236367404460907, 0.14321739971637726, 0.15750867128372192, 0.3583763539791107, 0.14232461154460907, 0.1272914707660675, 0.14789925515651703, 0.2571801245212555, 0.17348989844322205, 0.1312159150838852, 0.1363113671541214, 0.27773234248161316, 0.14445561170578003]"
0,[50],leaky_relu,nadam,<keras.src.losses.losses.MeanSquaredError object at 0x73a3d7d3a450>,3,"[0.1878286451101303, 0.16513985395431519, 0.14104753732681274, 0.15767250955104828, 0.24580438435077667, 0.1536831259727478, 0.14710839092731476, 0.14213834702968597, 0.13976356387138367, 0.15211515128612518, 0.24774819612503052, 0.1434026062488556, 0.14898231625556946, 0.17410646378993988]","[8.956917762756348, 5.8478569984436035, 5.721590042114258, 5.654104232788086, 5.632950305938721, 5.602077960968018, 5.66771936416626, 5.5685343742370605, 5.576610565185547, 5.541060924530029, 5.505579471588135, 5.468669414520264, 5.336127281188965, 5.086808204650879, 4.46203088760376, 3.050334930419922, 1.4394164085388184, 0.8450648188591003, 0.6499623656272888, 0.5395596027374268, 0.4773308336734772, 0.42406851053237915, 0.4280143976211548, 0.35215383768081665, 0.3210664391517639, 0.3080810606479645, 0.28003990650177, 0.2617218792438507, 0.24348752200603485, 0.23083072900772095, 0.22175036370754242, 0.21077004075050354, 0.19795233011245728, 0.18261149525642395, 0.17813906073570251, 0.19485443830490112, 0.16355326771736145, 0.16490782797336578, 0.1752736121416092, 0.17689543962478638, 0.15897637605667114, 0.1489124298095703, 0.16358359158039093, 0.14720231294631958, 0.14571988582611084, 0.2045310139656067, 0.1637507528066635, 0.17628687620162964, 0.14579987525939941, 0.24947452545166016, 0.16199655830860138, 0.14634829759597778, 0.1494259536266327, 0.19097788631916046, 0.1669829785823822, 0.14119046926498413, 0.141693115234375, 0.18532460927963257, 0.14358694851398468, 0.14531013369560242, 0.14117366075515747, 0.26044750213623047, 0.147446870803833, 0.14540140330791473, 0.14187754690647125, 0.1948581337928772, 0.14114399254322052, 0.1417432725429535, 0.3017030656337738, 0.18037760257720947, 0.13830998539924622, 0.1878286451101303, 0.16513985395431519, 0.14104753732681274, 0.15767250955104828, 0.24580438435077667, 0.1536831259727478, 0.14710839092731476, 0.14213834702968597, 0.13976356387138367, 0.15211515128612518, 0.24774819612503052, 0.1434026062488556, 0.14898231625556946, 0.17410646378993988, 0.14300233125686646]"
0,[50],leaky_relu,nadam,<keras.src.losses.losses.MeanSquaredError object at 0x73a3d7d3a450>,4,"[0.1678066849708557, 0.06420529633760452, 0.08400660008192062, 0.13001003861427307, 0.08320463448762894, 0.05756023898720741, 0.0635986328125, 0.1574724316596985, 0.06143839657306671, 0.05770162120461464, 0.08091293275356293, 0.09121468663215637, 0.06963256001472473, 0.06602927297353745]","[14.780232429504395, 5.889042854309082, 5.674631118774414, 5.539852619171143, 5.469350814819336, 5.347942352294922, 5.01905632019043, 3.8122177124023438, 1.737431526184082, 0.9187572002410889, 0.7637847065925598, 0.550548255443573, 0.5634605884552002, 0.3951405882835388, 0.3509925603866577, 0.33515632152557373, 0.3136287331581116, 0.36354097723960876, 0.2847423553466797, 0.2631785571575165, 0.28678032755851746, 0.2548407316207886, 0.25965580344200134, 0.32877489924430847, 0.22077584266662598, 0.2190341204404831, 0.24388626217842102, 0.20323579013347626, 0.2234121710062027, 0.20422980189323425, 0.19483384490013123, 0.18497633934020996, 0.25183165073394775, 0.17368446290493011, 0.1660391092300415, 0.1806950569152832, 0.27169913053512573, 0.1975983828306198, 0.1673995852470398, 0.19193145632743835, 0.1742473691701889, 0.16344693303108215, 0.15228581428527832, 0.27615886926651, 0.16079191863536835, 0.15044227242469788, 0.346229612827301, 0.14134976267814636, 0.16339489817619324, 0.14312273263931274, 0.2509503960609436, 0.14023396372795105, 0.13412992656230927, 0.19693435728549957, 0.17755047976970673, 0.13687334954738617, 0.16912728548049927, 0.18698662519454956, 0.13628751039505005, 0.15104304254055023, 0.2818160355091095, 0.12705227732658386, 0.20438136160373688, 0.1698969602584839, 0.13888408243656158, 0.12984485924243927, 0.1995273381471634, 0.1626092791557312, 0.14276432991027832, 0.12495650351047516, 0.12442389130592346, 0.5043258666992188, 0.13005511462688446, 0.12236107885837555, 0.1423884630203247, 0.16424530744552612, 0.17723166942596436, 0.1301622986793518, 0.11853781342506409, 0.1909325122833252, 0.19703570008277893, 0.11740227788686752, 0.13889853656291962, 0.15014898777008057, 0.25796499848365784, 0.1168152391910553, 0.12276101112365723, 0.1145019382238388, 0.1507197469472885, 0.19971352815628052, 0.12413321435451508, 0.11437300592660904, 0.11651567369699478, 0.23090839385986328, 0.1378789097070694, 0.11987262219190598, 0.11423341184854507, 0.2338075339794159, 0.18645595014095306, 0.11488404870033264, 0.11023855209350586, 0.11429081857204437, 0.1506572812795639, 0.13328619301319122, 0.11213026940822601, 0.13590885698795319, 0.12314566224813461, 0.21021169424057007, 0.12865392863750458, 0.11586585640907288, 0.10896892100572586, 0.1781909167766571, 0.11208942532539368, 0.10478948801755905, 0.11404832452535629, 0.17820310592651367, 0.12347479909658432, 0.10713633894920349, 0.12412027269601822, 0.10920242220163345, 0.10422586649656296, 0.10116565972566605, 0.1420343965291977, 0.14294515550136566, 0.09610103070735931, 0.13156938552856445, 0.1623140424489975, 0.09772630780935287, 0.09105470776557922, 0.1461569219827652, 0.09625910222530365, 0.15878266096115112, 0.08932246267795563, 0.11631851643323898, 0.08934513479471207, 0.15691877901554108, 0.08483806252479553, 0.09133826941251755, 0.14342497289180756, 0.07846507430076599, 0.07884350419044495, 0.1316811442375183, 0.21645420789718628, 0.07029688358306885, 0.07565847039222717, 0.07287528365850449, 0.19416728615760803, 0.08520311862230301, 0.06802681088447571, 0.07762939482927322, 0.3301714062690735, 0.0939657986164093, 0.08884984999895096, 0.061207838356494904, 0.06621243804693222, 0.3496798574924469, 0.06289917230606079, 0.06722644716501236, 0.07032288610935211, 0.1857786327600479, 0.08001936972141266, 0.0663628801703453, 0.06404587626457214, 0.220717191696167, 0.062424641102552414, 0.06037072464823723, 0.06256695091724396, 0.12780645489692688, 0.09779463708400726, 0.10293541103601456, 0.10303034633398056, 0.09039554744958878, 0.125909224152565, 0.10631480813026428, 0.1009361743927002, 0.07117334753274918, 0.08584414422512054, 0.24854058027267456, 0.10009362548589706, 0.1206594854593277, 0.056781742721796036, 0.1678066849708557, 0.06420529633760452, 0.08400660008192062, 0.13001003861427307, 0.08320463448762894, 0.05756023898720741, 0.0635986328125, 0.1574724316596985, 0.06143839657306671, 0.05770162120461464, 0.08091293275356293, 0.09121468663215637, 0.06963256001472473, 0.06602927297353745, 0.1767382174730301]"
0,[50],leaky_relu,nadam,<keras.src.losses.losses.MeanSquaredError object at 0x73a3d7d3a450>,5,"[0.08291706442832947, 0.09288200736045837, 0.1299964338541031, 0.08740437775850296, 0.15896578133106232, 0.06953159719705582, 0.07076353579759598, 0.0965161919593811, 0.1054372563958168, 0.075934499502182, 0.09180571883916855, 0.14305616915225983, 0.08838475495576859, 0.11370575428009033]","[18.059181213378906, 5.887023448944092, 5.664921283721924, 5.5375189781188965, 5.404241561889648, 5.0167694091796875, 3.6726510524749756, 1.4633398056030273, 0.8491178750991821, 0.6389352083206177, 0.5190721750259399, 0.4544438123703003, 0.3860102891921997, 0.39881348609924316, 0.3306351602077484, 0.3180432915687561, 0.31036579608917236, 0.2783849537372589, 0.2642766833305359, 0.28516775369644165, 0.24433843791484833, 0.2402106672525406, 0.2797766923904419, 0.22792614996433258, 0.22243070602416992, 0.2824993431568146, 0.20793849229812622, 0.1961800903081894, 0.2889742851257324, 0.19400614500045776, 0.19398826360702515, 0.3254454731941223, 0.1760873794555664, 0.19564376771450043, 0.19791510701179504, 0.194504976272583, 0.17005501687526703, 0.16539525985717773, 0.28489047288894653, 0.15639948844909668, 0.153127521276474, 0.17379455268383026, 0.22980891168117523, 0.15699556469917297, 0.15486356616020203, 0.1525225043296814, 0.162471741437912, 0.16658154129981995, 0.17239601910114288, 0.1497357189655304, 0.23673653602600098, 0.1529466062784195, 0.14805534482002258, 0.16371981799602509, 0.27291005849838257, 0.15624931454658508, 0.1462532877922058, 0.23558232188224792, 0.16010263562202454, 0.14097589254379272, 0.25797367095947266, 0.2815706729888916, 0.1405329406261444, 0.13637857139110565, 0.13609406352043152, 0.28707727789878845, 0.15357041358947754, 0.13255751132965088, 0.13534416258335114, 0.13309411704540253, 0.20473894476890564, 0.1272815465927124, 0.1275457739830017, 0.1732991337776184, 0.24832852184772491, 0.12763014435768127, 0.1286177933216095, 0.15363986790180206, 0.24442237615585327, 0.1357390582561493, 0.1281333565711975, 0.34200799465179443, 0.11531659215688705, 0.11410108208656311, 0.12181668728590012, 0.20745281875133514, 0.1335417479276657, 0.10878153145313263, 0.11163715273141861, 0.37922585010528564, 0.10401800274848938, 0.13512827455997467, 0.12660811841487885, 0.22345882654190063, 0.5607045292854309, 0.09485242515802383, 0.10531194508075714, 0.32688435912132263, 0.10273487120866776, 0.08617271482944489, 0.13642941415309906, 0.1751174032688141, 0.08494216948747635, 0.38268792629241943, 0.09397651255130768, 0.32227933406829834, 0.07751092314720154, 0.07603369653224945, 0.07275299727916718, 0.1668228954076767, 0.0692891925573349, 0.08291706442832947, 0.09288200736045837, 0.1299964338541031, 0.08740437775850296, 0.15896578133106232, 0.06953159719705582, 0.07076353579759598, 0.0965161919593811, 0.1054372563958168, 0.075934499502182, 0.09180571883916855, 0.14305616915225983, 0.08838475495576859, 0.11370575428009033, 0.07385876774787903]"
0,[50],leaky_relu,nadam,<keras.src.losses.losses.MeanSquaredError object at 0x73a3d7d3a450>,6,"[0.17393213510513306, 0.13020320236682892, 0.12131240963935852, 0.1296478807926178, 0.12537142634391785, 0.1899358630180359, 0.17300032079219818, 0.11722759157419205, 0.12335780262947083, 0.15367963910102844, 0.19442810118198395, 0.12196865677833557, 0.12428118288516998, 0.1633118838071823]","[9.561355590820312, 5.931943416595459, 5.6604437828063965, 5.545751094818115, 5.485536575317383, 5.436994552612305, 5.224153518676758, 4.814486980438232, 3.7194433212280273, 2.0502548217773438, 1.1497305631637573, 0.7607762813568115, 0.6551425457000732, 0.6189818978309631, 0.5019453763961792, 0.4699125289916992, 0.5284885168075562, 0.43344932794570923, 0.35826730728149414, 0.5000251531600952, 0.31811967492103577, 0.31419092416763306, 0.2781539857387543, 0.2571641206741333, 0.3327878415584564, 0.21915918588638306, 0.22847864031791687, 0.21868957579135895, 0.18434283137321472, 0.32919958233833313, 0.17125791311264038, 0.17251960933208466, 0.19651001691818237, 0.26414233446121216, 0.172860249876976, 0.15522901713848114, 0.2501622438430786, 0.16578690707683563, 0.14931493997573853, 0.1583942025899887, 0.40203583240509033, 0.148589625954628, 0.15406867861747742, 0.175216943025589, 0.1538626253604889, 0.15430058538913727, 0.16491448879241943, 0.16689014434814453, 0.16815726459026337, 0.3038574755191803, 0.14942380785942078, 0.15293124318122864, 0.14415575563907623, 0.19483940303325653, 0.1390313357114792, 0.16153164207935333, 0.14350886642932892, 0.17434142529964447, 0.34701335430145264, 0.14268963038921356, 0.14014098048210144, 0.13270828127861023, 0.13799868524074554, 0.4839414358139038, 0.13295060396194458, 0.1353711485862732, 0.12931570410728455, 0.14923858642578125, 0.13649334013462067, 0.31447941064834595, 0.13919055461883545, 0.14302140474319458, 0.18701182305812836, 0.14881126582622528, 0.1302548199892044, 0.2747676968574524, 0.2678673565387726, 0.13306975364685059, 0.15548916161060333, 0.15147407352924347, 0.12238535284996033, 0.13141675293445587, 0.1531744748353958, 0.27144792675971985, 0.12026776373386383, 0.11792799085378647, 0.1168549582362175, 0.17393213510513306, 0.13020320236682892, 0.12131240963935852, 0.1296478807926178, 0.12537142634391785, 0.1899358630180359, 0.17300032079219818, 0.11722759157419205, 0.12335780262947083, 0.15367963910102844, 0.19442810118198395, 0.12196865677833557, 0.12428118288516998, 0.1633118838071823, 0.1354479193687439]"
0,[50],leaky_relu,nadam,<keras.src.losses.losses.MeanSquaredError object at 0x73a3d7d3a450>,7,"[0.05265470966696739, 0.05375777557492256, 0.0896063819527626, 0.22669056057929993, 0.05891770124435425, 0.0557282380759716, 0.055988509207963943, 0.2510809898376465, 0.05396734178066254, 0.053077202290296555, 0.0863153338432312, 0.09820962697267532, 0.05166799947619438, 0.051612939685583115]","[16.88255500793457, 5.920834541320801, 5.654323101043701, 5.605752944946289, 5.598910808563232, 5.531949996948242, 5.3768086433410645, 5.120646953582764, 4.288508892059326, 2.3822851181030273, 1.263822317123413, 0.8768170475959778, 0.7255263924598694, 0.5153552293777466, 0.4095376431941986, 0.4556289315223694, 0.291881263256073, 0.2718842029571533, 0.2574416697025299, 0.28053101897239685, 0.22393059730529785, 0.2109028697013855, 0.19854740798473358, 0.19512534141540527, 0.19888082146644592, 0.16540448367595673, 0.1646701693534851, 0.18135708570480347, 0.17956092953681946, 0.1454867571592331, 0.16509398818016052, 0.15436837077140808, 0.13707907497882843, 0.13283954560756683, 0.13419649004936218, 0.15447582304477692, 0.13512974977493286, 0.1271243840456009, 0.14085011184215546, 0.15953204035758972, 0.14593291282653809, 0.12508748471736908, 0.1213332936167717, 0.15359050035476685, 0.11163757741451263, 0.11603093147277832, 0.18130740523338318, 0.11294407397508621, 0.10345813632011414, 0.09753885865211487, 0.2524513602256775, 0.0939159095287323, 0.10407982766628265, 0.11097218841314316, 0.1648152470588684, 0.08069699257612228, 0.08212199807167053, 0.09936262667179108, 0.09961505234241486, 0.07309924811124802, 0.07744100689888, 0.12422879785299301, 0.07936608791351318, 0.06335105001926422, 0.06435263901948929, 0.07159741222858429, 0.22277797758579254, 0.07158254086971283, 0.06319783627986908, 0.06711500138044357, 0.07599794864654541, 0.10497692227363586, 0.06278598308563232, 0.0649951621890068, 0.08540613204240799, 0.07038076221942902, 0.06863050162792206, 0.1297963559627533, 0.06417426466941833, 0.06385230273008347, 0.058446720242500305, 0.27755868434906006, 0.0514332614839077, 0.05265470966696739, 0.05375777557492256, 0.0896063819527626, 0.22669056057929993, 0.05891770124435425, 0.0557282380759716, 0.055988509207963943, 0.2510809898376465, 0.05396734178066254, 0.053077202290296555, 0.0863153338432312, 0.09820962697267532, 0.05166799947619438, 0.051612939685583115, 0.15080468356609344]"
0,[50],leaky_relu,adamw,<keras.src.losses.losses.MeanSquaredError object at 0x73a3d7d3a450>,1,"[5.586140155792236, 5.599208354949951, 5.584224224090576, 5.584606170654297, 5.625133991241455, 5.6748223304748535, 5.595648765563965, 5.595351219177246, 5.637004852294922, 5.650578498840332, 5.614412307739258, 5.5803937911987305, 5.5716400146484375, 5.5821075439453125]","[38.39006805419922, 6.490743637084961, 5.6915283203125, 5.622817516326904, 5.630311965942383, 5.630066394805908, 5.648562908172607, 5.615685939788818, 5.606945514678955, 5.64252233505249, 5.605747699737549, 5.603135585784912, 5.597841262817383, 5.594606876373291, 5.615512371063232, 5.6005859375, 5.596447467803955, 5.606123447418213, 5.58213996887207, 5.591160297393799, 5.600682735443115, 5.588315010070801, 5.613542556762695, 5.593837261199951, 5.59865140914917, 5.696800231933594, 5.6006340980529785, 5.585416793823242, 5.58268404006958, 5.580347061157227, 5.60768461227417, 5.571661949157715, 5.5794525146484375, 5.58787727355957, 5.688116073608398, 5.59119987487793, 5.588369369506836, 5.583022594451904, 5.581347465515137, 5.613633155822754, 5.572446346282959, 5.571147441864014, 5.586140155792236, 5.599208354949951, 5.584224224090576, 5.584606170654297, 5.625133991241455, 5.6748223304748535, 5.595648765563965, 5.595351219177246, 5.637004852294922, 5.650578498840332, 5.614412307739258, 5.5803937911987305, 5.5716400146484375, 5.5821075439453125, 5.614618301391602]"
0,[50],leaky_relu,adamw,<keras.src.losses.losses.MeanSquaredError object at 0x73a3d7d3a450>,2,"[0.12109896540641785, 0.11682181805372238, 0.11738034337759018, 0.11972662806510925, 0.12557585537433624, 0.11590777337551117, 0.11806552857160568, 0.11690366268157959, 0.14374209940433502, 0.11554679274559021, 0.11464753746986389, 0.11660090833902359, 0.12836630642414093, 0.12502329051494598]","[24.63381004333496, 6.590256214141846, 5.972456455230713, 5.796014785766602, 5.7016425132751465, 5.681815147399902, 5.633432388305664, 5.597742080688477, 5.578956604003906, 5.5746989250183105, 5.536951065063477, 5.331460475921631, 4.437212944030762, 1.8722989559173584, 1.0799285173416138, 0.8356156945228577, 0.7174238562583923, 0.673126220703125, 0.569411039352417, 0.5251162648200989, 0.4819733202457428, 0.4481438398361206, 0.4044080972671509, 0.3798754811286926, 0.3522641956806183, 0.33528396487236023, 0.31532716751098633, 0.2966660261154175, 0.2903687655925751, 0.2760462164878845, 0.269501268863678, 0.2573215663433075, 0.2510615885257721, 0.24853181838989258, 0.23140133917331696, 0.22792646288871765, 0.21655124425888062, 0.23676817119121552, 0.21754415333271027, 0.20200307667255402, 0.1960771083831787, 0.19605882465839386, 0.1956733614206314, 0.1847476363182068, 0.18171095848083496, 0.179639995098114, 0.17073948681354523, 0.17747114598751068, 0.17401307821273804, 0.16515237092971802, 0.1660117655992508, 0.16459837555885315, 0.17139965295791626, 0.1596498042345047, 0.15410305559635162, 0.1590203493833542, 0.16234749555587769, 0.15429583191871643, 0.1512944996356964, 0.14680062234401703, 0.1463126540184021, 0.15924209356307983, 0.14561660587787628, 0.14163582026958466, 0.14074817299842834, 0.141446053981781, 0.14394575357437134, 0.14806632697582245, 0.15561622381210327, 0.14380256831645966, 0.13179489970207214, 0.13669797778129578, 0.1457623839378357, 0.15207260847091675, 0.12900099158287048, 0.1784178614616394, 0.13255058228969574, 0.13103152811527252, 0.14009150862693787, 0.12652258574962616, 0.1273394674062729, 0.1255303919315338, 0.12481316924095154, 0.14330263435840607, 0.13740260899066925, 0.13423201441764832, 0.12407716363668442, 0.12545226514339447, 0.1315789818763733, 0.14315156638622284, 0.12445434927940369, 0.12653538584709167, 0.12429258227348328, 0.12387389689683914, 0.13443118333816528, 0.1247025579214096, 0.12706266343593597, 0.13642531633377075, 0.12108644098043442, 0.1286463737487793, 0.12351223826408386, 0.13047657907009125, 0.1218000128865242, 0.13868147134780884, 0.12334021180868149, 0.12402525544166565, 0.12621165812015533, 0.1233866736292839, 0.14155864715576172, 0.12484187632799149, 0.20332849025726318, 0.12111694365739822, 0.12207313627004623, 0.11875905096530914, 0.13133685290813446, 0.12151903659105301, 0.13400278985500336, 0.12788774073123932, 0.13127151131629944, 0.1209893748164177, 0.13187389075756073, 0.12075349688529968, 0.13201211392879486, 0.11766886711120605, 0.12256930768489838, 0.12328779697418213, 0.121574267745018, 0.12877292931079865, 0.11420677602291107, 0.1251550018787384, 0.1267474740743637, 0.11913666129112244, 0.12000809609889984, 0.12061084806919098, 0.1308366358280182, 0.1431310623884201, 0.12048665434122086, 0.11328331381082535, 0.1340884268283844, 0.15862946212291718, 0.12068227678537369, 0.1159660816192627, 0.11859238147735596, 0.11892417073249817, 0.12271229177713394, 0.11539251357316971, 0.11908198893070221, 0.12837716937065125, 0.11391157656908035, 0.12264715135097504, 0.11583279073238373, 0.11210981011390686, 0.12109896540641785, 0.11682181805372238, 0.11738034337759018, 0.11972662806510925, 0.12557585537433624, 0.11590777337551117, 0.11806552857160568, 0.11690366268157959, 0.14374209940433502, 0.11554679274559021, 0.11464753746986389, 0.11660090833902359, 0.12836630642414093, 0.12502329051494598, 0.13184854388237]"
0,[50],leaky_relu,adamw,<keras.src.losses.losses.MeanSquaredError object at 0x73a3d7d3a450>,3,"[0.1766047179698944, 0.14078687131404877, 0.1394445151090622, 0.13715635240077972, 0.14570212364196777, 0.18791891634464264, 0.161943718791008, 0.13848480582237244, 0.1489844173192978, 0.14462944865226746, 0.15175922214984894, 0.1435650736093521, 0.1361602395772934, 0.14113938808441162]","[27.511919021606445, 6.424193859100342, 5.6954731941223145, 5.580545425415039, 5.521385192871094, 5.46404504776001, 5.297674179077148, 4.818366050720215, 3.547745943069458, 1.8895206451416016, 1.2147685289382935, 0.9070600867271423, 0.7273513674736023, 0.5670402646064758, 0.47456297278404236, 0.3893919587135315, 0.3247620761394501, 0.2663711607456207, 0.23946364223957062, 0.2182774841785431, 0.19884872436523438, 0.19096596539020538, 0.17573529481887817, 0.1691071093082428, 0.16638138890266418, 0.16610436141490936, 0.16656821966171265, 0.15867292881011963, 0.1567445993423462, 0.1590060442686081, 0.18586035072803497, 0.16246652603149414, 0.15112744271755219, 0.150570347905159, 0.14798666536808014, 0.16686837375164032, 0.1464105099439621, 0.15616342425346375, 0.1598387360572815, 0.15075278282165527, 0.1483427882194519, 0.14328259229660034, 0.14653098583221436, 0.15839450061321259, 0.15048180520534515, 0.14929816126823425, 0.1539699137210846, 0.14760862290859222, 0.14194464683532715, 0.14655081927776337, 0.14072194695472717, 0.15272241830825806, 0.14810992777347565, 0.1399371176958084, 0.14492109417915344, 0.1527124047279358, 0.14290907979011536, 0.18076059222221375, 0.1396721750497818, 0.13642311096191406, 0.14633625745773315, 0.13583339750766754, 0.1766047179698944, 0.14078687131404877, 0.1394445151090622, 0.13715635240077972, 0.14570212364196777, 0.18791891634464264, 0.161943718791008, 0.13848480582237244, 0.1489844173192978, 0.14462944865226746, 0.15175922214984894, 0.1435650736093521, 0.1361602395772934, 0.14113938808441162, 0.1487404704093933]"
0,[50],leaky_relu,adamw,<keras.src.losses.losses.MeanSquaredError object at 0x73a3d7d3a450>,4,"[0.07039739191532135, 0.07619096338748932, 0.07100076973438263, 0.08253654092550278, 0.07593221217393875, 0.0714447945356369, 0.06398946046829224, 0.08320062607526779, 0.09675166010856628, 0.07893291860818863, 0.06666847318410873, 0.06373772770166397, 0.062022142112255096, 0.06789161264896393]","[16.86949920654297, 6.263887405395508, 5.729957580566406, 5.516418933868408, 5.169322490692139, 4.414676189422607, 2.7480881214141846, 1.4849801063537598, 1.0406150817871094, 0.8533706665039062, 0.71246337890625, 0.6226904392242432, 0.5493019819259644, 0.4963821768760681, 0.4499727487564087, 0.4199584722518921, 0.3832067847251892, 0.3447425663471222, 0.3266826868057251, 0.3089087903499603, 0.29450300335884094, 0.28106868267059326, 0.2716568410396576, 0.25712916254997253, 0.24485987424850464, 0.23445484042167664, 0.22780472040176392, 0.2230202853679657, 0.21252761781215668, 0.21562257409095764, 0.20900161564350128, 0.2040552794933319, 0.20095562934875488, 0.18804572522640228, 0.18448160588741302, 0.18718451261520386, 0.17502325773239136, 0.1749107539653778, 0.16554972529411316, 0.16314922273159027, 0.1610282063484192, 0.1629522442817688, 0.15830707550048828, 0.16521267592906952, 0.15921391546726227, 0.15885907411575317, 0.1613265573978424, 0.16001082956790924, 0.15676681697368622, 0.15037377178668976, 0.14341388642787933, 0.15821409225463867, 0.15237146615982056, 0.14447423815727234, 0.15085265040397644, 0.14750447869300842, 0.15343992412090302, 0.14021223783493042, 0.1420215517282486, 0.153502956032753, 0.140445739030838, 0.1512218862771988, 0.14480680227279663, 0.14098653197288513, 0.13541211187839508, 0.13635748624801636, 0.13750848174095154, 0.13612371683120728, 0.13376665115356445, 0.14377917349338531, 0.12708453834056854, 0.12958914041519165, 0.13532668352127075, 0.12886260449886322, 0.12661801278591156, 0.13137954473495483, 0.12806488573551178, 0.12960471212863922, 0.12308666110038757, 0.12571245431900024, 0.1298188865184784, 0.12670904397964478, 0.12622076272964478, 0.13178038597106934, 0.13578933477401733, 0.11842211335897446, 0.12275833636522293, 0.1254902482032776, 0.1225057989358902, 0.11445609480142593, 0.12073964625597, 0.11515789479017258, 0.13123029470443726, 0.11657137423753738, 0.11014088988304138, 0.1140202134847641, 0.10519809275865555, 0.12800708413124084, 0.11551517993211746, 0.10654078423976898, 0.10148825496435165, 0.10565067082643509, 0.10677317529916763, 0.09936413168907166, 0.10468780994415283, 0.09650693088769913, 0.0935823917388916, 0.09464700520038605, 0.12133625894784927, 0.10000933706760406, 0.09354611486196518, 0.09304401278495789, 0.08953027427196503, 0.0881638154387474, 0.09789565205574036, 0.09002938121557236, 0.0816735178232193, 0.08342090249061584, 0.08319336920976639, 0.09182433038949966, 0.08419696241617203, 0.08024972677230835, 0.08129781484603882, 0.07437548041343689, 0.10424566268920898, 0.09646517783403397, 0.07318928092718124, 0.0738573968410492, 0.07283417880535126, 0.07781120389699936, 0.08484625071287155, 0.07294455915689468, 0.06960953772068024, 0.07125016301870346, 0.06606369465589523, 0.07029804587364197, 0.06736589968204498, 0.07565614581108093, 0.07758166640996933, 0.0761767104268074, 0.06713918596506119, 0.08516369014978409, 0.08007774502038956, 0.07824447005987167, 0.06550556421279907, 0.0728648230433464, 0.08068706840276718, 0.09757060557603836, 0.07280627638101578, 0.07030299305915833, 0.07181526720523834, 0.060948193073272705, 0.07039739191532135, 0.07619096338748932, 0.07100076973438263, 0.08253654092550278, 0.07593221217393875, 0.0714447945356369, 0.06398946046829224, 0.08320062607526779, 0.09675166010856628, 0.07893291860818863, 0.06666847318410873, 0.06373772770166397, 0.062022142112255096, 0.06789161264896393, 0.06604007631540298]"
0,[50],leaky_relu,adamw,<keras.src.losses.losses.MeanSquaredError object at 0x73a3d7d3a450>,5,"[0.041552674025297165, 0.03824475780129433, 0.03589298576116562, 0.04443177953362465, 0.04611092060804367, 0.040073052048683167, 0.04760149121284485, 0.0377434603869915, 0.03902893885970116, 0.041059307754039764, 0.03799881413578987, 0.037696968764066696, 0.04397838935256004, 0.0405794195830822]","[17.640296936035156, 6.202803134918213, 5.652934551239014, 5.3623223304748535, 4.872629165649414, 3.578547477722168, 1.620644450187683, 1.0310629606246948, 0.748046875, 0.561072587966919, 0.4515831768512726, 0.3724057972431183, 0.33767420053482056, 0.303392618894577, 0.28101813793182373, 0.27008888125419617, 0.25340327620506287, 0.2501126527786255, 0.23423555493354797, 0.2232196033000946, 0.21588213741779327, 0.2081713080406189, 0.1993885189294815, 0.1908656507730484, 0.18556740880012512, 0.18125581741333008, 0.1753726601600647, 0.1691386103630066, 0.16509942710399628, 0.1624746471643448, 0.1580154448747635, 0.15753602981567383, 0.1533944308757782, 0.15194478631019592, 0.14693909883499146, 0.1487036496400833, 0.14206944406032562, 0.14059960842132568, 0.14036712050437927, 0.1405528336763382, 0.13875307142734528, 0.13785165548324585, 0.13854895532131195, 0.13563090562820435, 0.13550454378128052, 0.1339872181415558, 0.1278574913740158, 0.12983271479606628, 0.12575356662273407, 0.12707805633544922, 0.12497536092996597, 0.1373966932296753, 0.12419342994689941, 0.12259019911289215, 0.1249374970793724, 0.12152593582868576, 0.12535935640335083, 0.11734863370656967, 0.11666680872440338, 0.11354061961174011, 0.11537778377532959, 0.12034048140048981, 0.1276615858078003, 0.1105954572558403, 0.1111782118678093, 0.12032683938741684, 0.10630470514297485, 0.10408961772918701, 0.10266323387622833, 0.10812120884656906, 0.10733380913734436, 0.10743994265794754, 0.10248187184333801, 0.09826725721359253, 0.09577550739049911, 0.09501980990171432, 0.09889314323663712, 0.08952616900205612, 0.09253472834825516, 0.08705474436283112, 0.08444367349147797, 0.08356225490570068, 0.08570055663585663, 0.09293842315673828, 0.08066096901893616, 0.07157256454229355, 0.0769655779004097, 0.07591228932142258, 0.06671009957790375, 0.06391030550003052, 0.06052163615822792, 0.06148161366581917, 0.06713876128196716, 0.06033217906951904, 0.05643200874328613, 0.05783240497112274, 0.0596127063035965, 0.05164776369929314, 0.05535948649048805, 0.05804651975631714, 0.058323562145233154, 0.0565439909696579, 0.051010917872190475, 0.05276462435722351, 0.049328770488500595, 0.049524419009685516, 0.04671342298388481, 0.04754040017724037, 0.049810539931058884, 0.05196838453412056, 0.05411693453788757, 0.04567476734519005, 0.04853903874754906, 0.05374791845679283, 0.05097679793834686, 0.05535963922739029, 0.04824115335941315, 0.04544245824217796, 0.04645740985870361, 0.049090005457401276, 0.045853499323129654, 0.04790036380290985, 0.0504550002515316, 0.04781201854348183, 0.05999321490526199, 0.050982486456632614, 0.05090242251753807, 0.04470066726207733, 0.07183340191841125, 0.04381173849105835, 0.05136248841881752, 0.04249408468604088, 0.04362655431032181, 0.0570647269487381, 0.04680432751774788, 0.04711243882775307, 0.04690561071038246, 0.04470746964216232, 0.04562360420823097, 0.07277203351259232, 0.04166463762521744, 0.044772904366254807, 0.047897819429636, 0.052407171577215195, 0.047732990235090256, 0.046060070395469666, 0.04171827808022499, 0.04356086999177933, 0.04955064505338669, 0.04617026820778847, 0.04559957608580589, 0.05797360837459564, 0.04303479939699173, 0.041547276079654694, 0.06359662115573883, 0.050523094832897186, 0.04048515483736992, 0.053009070456027985, 0.04446897655725479, 0.041282571852207184, 0.048124417662620544, 0.0451398640871048, 0.04357109218835831, 0.06403345614671707, 0.04629663750529289, 0.04095505177974701, 0.041303396224975586, 0.04378627985715866, 0.04134088009595871, 0.03778701275587082, 0.06502877175807953, 0.043094586580991745, 0.03899865597486496, 0.04038534685969353, 0.041839003562927246, 0.05594448745250702, 0.0472823865711689, 0.03865537792444229, 0.04160226881504059, 0.04433464631438255, 0.03687218576669693, 0.04242578521370888, 0.038162678480148315, 0.05169405788183212, 0.05011868476867676, 0.03695907071232796, 0.03956199809908867, 0.03770318999886513, 0.04583171755075455, 0.04511840268969536, 0.04495786130428314, 0.06050442159175873, 0.03973248228430748, 0.03813156113028526, 0.03638973459601402, 0.0378500260412693, 0.0350537933409214, 0.041552674025297165, 0.03824475780129433, 0.03589298576116562, 0.04443177953362465, 0.04611092060804367, 0.040073052048683167, 0.04760149121284485, 0.0377434603869915, 0.03902893885970116, 0.041059307754039764, 0.03799881413578987, 0.037696968764066696, 0.04397838935256004, 0.0405794195830822, 0.036944229155778885]"
0,[50],leaky_relu,adamw,<keras.src.losses.losses.MeanSquaredError object at 0x73a3d7d3a450>,6,"[0.033766478300094604, 0.048035189509391785, 0.03792726993560791, 0.03168852999806404, 0.03219243511557579, 0.03097822330892086, 0.031249675899744034, 0.0364653505384922, 0.04064616560935974, 0.031438276171684265, 0.03222714364528656, 0.029602501541376114, 0.029253562912344933, 0.028537405654788017]","[16.179452896118164, 6.196934223175049, 5.703190326690674, 5.545161724090576, 5.420412063598633, 5.214664936065674, 4.7946696281433105, 3.8228988647460938, 2.331753969192505, 1.4661376476287842, 1.0533829927444458, 0.789714515209198, 0.6290016770362854, 0.5121269822120667, 0.4431893527507782, 0.366364061832428, 0.3165402114391327, 0.2784970998764038, 0.2528001666069031, 0.23917944729328156, 0.22313731908798218, 0.21292898058891296, 0.19692370295524597, 0.1888488531112671, 0.18259146809577942, 0.17651823163032532, 0.16846634447574615, 0.16409160196781158, 0.15976974368095398, 0.15585720539093018, 0.1559181809425354, 0.152121901512146, 0.15101759135723114, 0.1491367369890213, 0.14543507993221283, 0.14351589977741241, 0.13993191719055176, 0.14155647158622742, 0.14277982711791992, 0.13767720758914948, 0.1357232928276062, 0.13528881967067719, 0.13560861349105835, 0.13223347067832947, 0.13604412972927094, 0.12821809947490692, 0.12899048626422882, 0.1291627287864685, 0.1259954273700714, 0.1258862018585205, 0.1246357262134552, 0.12695536017417908, 0.12461844831705093, 0.12667258083820343, 0.11981366574764252, 0.11929835379123688, 0.12430310249328613, 0.12176886200904846, 0.11922784894704819, 0.11779139935970306, 0.11460394412279129, 0.11475986987352371, 0.12582756578922272, 0.12331965565681458, 0.11312983930110931, 0.12053092569112778, 0.11035312712192535, 0.11199881136417389, 0.10979302227497101, 0.10940003395080566, 0.11015982180833817, 0.10930800437927246, 0.10848996788263321, 0.14163242280483246, 0.1050146222114563, 0.10723141580820084, 0.10560136288404465, 0.10004536807537079, 0.10580797493457794, 0.10327944159507751, 0.09678592532873154, 0.09881702065467834, 0.09350565820932388, 0.10846616327762604, 0.11547303199768066, 0.09078428149223328, 0.08831048011779785, 0.09030550718307495, 0.13294003903865814, 0.10018312931060791, 0.08207371085882187, 0.08495255559682846, 0.0806688740849495, 0.08191072940826416, 0.07492346316576004, 0.07393039762973785, 0.08185885846614838, 0.08090540766716003, 0.0887327790260315, 0.11226068437099457, 0.06962737441062927, 0.06776052713394165, 0.11037714034318924, 0.06804981082677841, 0.06571858376264572, 0.06758631765842438, 0.07081320881843567, 0.06786037236452103, 0.06186447665095329, 0.07104142755270004, 0.07167387753725052, 0.09683141112327576, 0.060887303203344345, 0.06448770314455032, 0.08125488460063934, 0.07370100170373917, 0.059034571051597595, 0.05516435205936432, 0.05555559694766998, 0.0656452476978302, 0.057574670761823654, 0.05458902195096016, 0.07511629909276962, 0.06107397750020027, 0.068705715239048, 0.07651973515748978, 0.06625723093748093, 0.062201738357543945, 0.06285235285758972, 0.0513797253370285, 0.049635570496320724, 0.051182959228754044, 0.05862732231616974, 0.06287399679422379, 0.05984477326273918, 0.05544884875416756, 0.05048510432243347, 0.07929646968841553, 0.07289531826972961, 0.0493633970618248, 0.06131197512149811, 0.05241577699780464, 0.05208567902445793, 0.07006944715976715, 0.05318436399102211, 0.05069165676832199, 0.0573439784348011, 0.05436146259307861, 0.04888073727488518, 0.04661482200026512, 0.05586377903819084, 0.04616085812449455, 0.04578416049480438, 0.1116473376750946, 0.04469708353281021, 0.07697930932044983, 0.11242367327213287, 0.04693514481186867, 0.07069080322980881, 0.08708736300468445, 0.04244087263941765, 0.057586055248975754, 0.04613710939884186, 0.04355449974536896, 0.04856572672724724, 0.050118349492549896, 0.04920162260532379, 0.043841805309057236, 0.04676012322306633, 0.05789782106876373, 0.04048900678753853, 0.046571407467126846, 0.041851527988910675, 0.046312086284160614, 0.06500104069709778, 0.04929498955607414, 0.055253177881240845, 0.04086032137274742, 0.03863713517785072, 0.04163134843111038, 0.048625972121953964, 0.04176214709877968, 0.03871600702404976, 0.04530562460422516, 0.04258158430457115, 0.040839895606040955, 0.03857215866446495, 0.038491085171699524, 0.037946250289678574, 0.038991671055555344, 0.04806504771113396, 0.0474085658788681, 0.03671998530626297, 0.043282005935907364, 0.06804755330085754, 0.0395844429731369, 0.040130797773599625, 0.03569559380412102, 0.03417991101741791, 0.037281181663274765, 0.042215391993522644, 0.03752557933330536, 0.036632660776376724, 0.04482739418745041, 0.03566652536392212, 0.03466671705245972, 0.0462445504963398, 0.033492766320705414, 0.03481315076351166, 0.03728584200143814, 0.034451019018888474, 0.03469104319810867, 0.032357532531023026, 0.03452358394861221, 0.0370124876499176, 0.05760375037789345, 0.043998703360557556, 0.043819744139909744, 0.0374753437936306, 0.03855127841234207, 0.03720974922180176, 0.035044148564338684, 0.041936349123716354, 0.044205185025930405, 0.03638225793838501, 0.04153665900230408, 0.03164679557085037, 0.0353684276342392, 0.03130922093987465, 0.05249921977519989, 0.03209664672613144, 0.07526262104511261, 0.03753122687339783, 0.0331006720662117, 0.037490665912628174, 0.03201490640640259, 0.03519441559910774, 0.03341228887438774, 0.03605560213327408, 0.04008103162050247, 0.033092014491558075, 0.04328624904155731, 0.029202798381447792, 0.03281718119978905, 0.032762832939624786, 0.031848229467868805, 0.03431005775928497, 0.05084885656833649, 0.030175991356372833, 0.03160390257835388, 0.03752473369240761, 0.030944522470235825, 0.03059273585677147, 0.027995672076940536, 0.03504668176174164, 0.0401562862098217, 0.07872969657182693, 0.028889669105410576, 0.03003605455160141, 0.02990548498928547, 0.030070658773183823, 0.030480405315756798, 0.027471302077174187, 0.033766478300094604, 0.048035189509391785, 0.03792726993560791, 0.03168852999806404, 0.03219243511557579, 0.03097822330892086, 0.031249675899744034, 0.0364653505384922, 0.04064616560935974, 0.031438276171684265, 0.03222714364528656, 0.029602501541376114, 0.029253562912344933, 0.028537405654788017, 0.029864350333809853]"
0,[50],leaky_relu,adamw,<keras.src.losses.losses.MeanSquaredError object at 0x73a3d7d3a450>,7,"[0.04291529580950737, 0.0344422310590744, 0.050361268222332, 0.07124380022287369, 0.04430101811885834, 0.033230554312467575, 0.03429306671023369, 0.03430311381816864, 0.04647187888622284, 0.03959975019097328, 0.03679036721587181, 0.030863318592309952, 0.035139426589012146, 0.03990093991160393]","[18.08867073059082, 6.161912441253662, 5.744486331939697, 5.552470684051514, 5.449717044830322, 5.2852630615234375, 4.925195693969727, 3.4953203201293945, 1.6289798021316528, 1.024681806564331, 0.7672872543334961, 0.597669780254364, 0.5009282827377319, 0.4076155424118042, 0.35280951857566833, 0.31681570410728455, 0.2877441644668579, 0.2598675489425659, 0.23748189210891724, 0.22957243025302887, 0.21968583762645721, 0.21483579277992249, 0.19233930110931396, 0.18529213964939117, 0.17916719615459442, 0.17360715568065643, 0.18270300328731537, 0.1645473688840866, 0.16084907948970795, 0.16959148645401, 0.15689951181411743, 0.15415197610855103, 0.1700342744588852, 0.15252575278282166, 0.15121829509735107, 0.21100163459777832, 0.14887621998786926, 0.15272434055805206, 0.14516356587409973, 0.1420171558856964, 0.1427437663078308, 0.1404900699853897, 0.14770331978797913, 0.14155054092407227, 0.14621633291244507, 0.1419927328824997, 0.14039267599582672, 0.1388993263244629, 0.1418275535106659, 0.14604926109313965, 0.13158096373081207, 0.13086968660354614, 0.1370115578174591, 0.1463305950164795, 0.13803541660308838, 0.13245314359664917, 0.1268436759710312, 0.13074690103530884, 0.12385234236717224, 0.12580785155296326, 0.13962861895561218, 0.15640820562839508, 0.12375959753990173, 0.12824511528015137, 0.12801972031593323, 0.12040814757347107, 0.13017502427101135, 0.12747740745544434, 0.1250445544719696, 0.13367336988449097, 0.12034530192613602, 0.11824728548526764, 0.16559046506881714, 0.11920621991157532, 0.12131689488887787, 0.11585487425327301, 0.11407791078090668, 0.11381852626800537, 0.10934841632843018, 0.10852645337581635, 0.11355040967464447, 0.11818002164363861, 0.10896575450897217, 0.10240395367145538, 0.09974358230829239, 0.09510920941829681, 0.10287726670503616, 0.09580305218696594, 0.09727870672941208, 0.09374790638685226, 0.09827074408531189, 0.08003661036491394, 0.08286692202091217, 0.10230931639671326, 0.10791674256324768, 0.07517870515584946, 0.07278427481651306, 0.06642359495162964, 0.07122204452753067, 0.06486472487449646, 0.06041930615901947, 0.06700386852025986, 0.06221026927232742, 0.06755939871072769, 0.06679482012987137, 0.08967040479183197, 0.0615994855761528, 0.08778161555528641, 0.07046018540859222, 0.08834698796272278, 0.05639394745230675, 0.05755864083766937, 0.05982634052634239, 0.058334026485681534, 0.051777467131614685, 0.06287618726491928, 0.059695322066545486, 0.05144457146525383, 0.054347410798072815, 0.05631743371486664, 0.0542529933154583, 0.059808313846588135, 0.07630038261413574, 0.054069288074970245, 0.050385747104883194, 0.0654815211892128, 0.06639692187309265, 0.05650515854358673, 0.05395705997943878, 0.07612057775259018, 0.06580392271280289, 0.05529945716261864, 0.0692402794957161, 0.05652255564928055, 0.051546256989240646, 0.04859767481684685, 0.049059461802244186, 0.0492447204887867, 0.06634680181741714, 0.047960441559553146, 0.046071529388427734, 0.051539912819862366, 0.0702090859413147, 0.06252465397119522, 0.04583977907896042, 0.05127191171050072, 0.06073002144694328, 0.04559745267033577, 0.05840780958533287, 0.05131435766816139, 0.06191764771938324, 0.06216701492667198, 0.04348677024245262, 0.043642327189445496, 0.05584032088518143, 0.08030860126018524, 0.04370540753006935, 0.05076385289430618, 0.046076759696006775, 0.06229829788208008, 0.049033477902412415, 0.06369657814502716, 0.0411318838596344, 0.046549562364816666, 0.049350108951330185, 0.04050159454345703, 0.04856429994106293, 0.049428317695856094, 0.05578288063406944, 0.04719514772295952, 0.04375968500971794, 0.04460401087999344, 0.04012671113014221, 0.04313196241855621, 0.06117554381489754, 0.11817056685686111, 0.04924497753381729, 0.049843207001686096, 0.043847255408763885, 0.04036515951156616, 0.04834001511335373, 0.042404551059007645, 0.0505591481924057, 0.04849370941519737, 0.04171212762594223, 0.04079567268490791, 0.03935727849602699, 0.04287727177143097, 0.046633269637823105, 0.04780089855194092, 0.054002683609724045, 0.06107673421502113, 0.042304787784814835, 0.04221022501587868, 0.0401763916015625, 0.04559208080172539, 0.04517747461795807, 0.0574752502143383, 0.03611045330762863, 0.036129649728536606, 0.036468878388404846, 0.05187290161848068, 0.07815255224704742, 0.0399806946516037, 0.03684639185667038, 0.04207479581236839, 0.04659348726272583, 0.03591415286064148, 0.04038248956203461, 0.03728698939085007, 0.09527838230133057, 0.041472628712654114, 0.03537726029753685, 0.035595279186964035, 0.05085664987564087, 0.03205236420035362, 0.041459713131189346, 0.04966694861650467, 0.03325299918651581, 0.034225575625896454, 0.03903914615511894, 0.032812222838401794, 0.04116440191864967, 0.03498423099517822, 0.04157872125506401, 0.0343780592083931, 0.03583534061908722, 0.029687007889151573, 0.04291529580950737, 0.0344422310590744, 0.050361268222332, 0.07124380022287369, 0.04430101811885834, 0.033230554312467575, 0.03429306671023369, 0.03430311381816864, 0.04647187888622284, 0.03959975019097328, 0.03679036721587181, 0.030863318592309952, 0.035139426589012146, 0.03990093991160393, 0.03444935381412506]"
0,[50],leaky_relu,adamax,<keras.src.losses.losses.MeanSquaredError object at 0x73a3d7d3a450>,1,"[5.59592866897583, 5.58408260345459, 5.574715614318848, 5.595775127410889, 5.593138217926025, 5.576785564422607, 5.57407283782959, 5.602334976196289, 5.573217391967773, 5.600718021392822, 5.58381462097168, 5.592230796813965, 5.57755184173584, 5.600980281829834]","[149.2064208984375, 14.71720027923584, 6.734786033630371, 6.110677719116211, 5.914682388305664, 5.78510046005249, 5.737209796905518, 5.691339492797852, 5.668408393859863, 5.659006595611572, 5.632874488830566, 5.621171474456787, 5.61685848236084, 5.6210737228393555, 5.612290382385254, 5.61577033996582, 5.614917755126953, 5.60886812210083, 5.608258247375488, 5.60891580581665, 5.611846923828125, 5.617040634155273, 5.607757568359375, 5.606921195983887, 5.609727382659912, 5.611586570739746, 5.611371994018555, 5.599628925323486, 5.604984760284424, 5.59684419631958, 5.608109474182129, 5.597684860229492, 5.596472263336182, 5.592289447784424, 5.61513090133667, 5.603067874908447, 5.593514442443848, 5.590221881866455, 5.603210926055908, 5.605210304260254, 5.592877388000488, 5.587543964385986, 5.590786457061768, 5.605964660644531, 5.598809242248535, 5.5828375816345215, 5.58558464050293, 5.5839152336120605, 5.593552589416504, 5.593796730041504, 5.614346027374268, 5.586511611938477, 5.606312274932861, 5.60213041305542, 5.588708877563477, 5.580905437469482, 5.582764625549316, 5.577441692352295, 5.581860542297363, 5.591512680053711, 5.588770866394043, 5.604755878448486, 5.578493118286133, 5.607822895050049, 5.571932315826416, 5.59592866897583, 5.58408260345459, 5.574715614318848, 5.595775127410889, 5.593138217926025, 5.576785564422607, 5.57407283782959, 5.602334976196289, 5.573217391967773, 5.600718021392822, 5.58381462097168, 5.592230796813965, 5.57755184173584, 5.600980281829834, 5.60079288482666]"
0,[50],leaky_relu,adamax,<keras.src.losses.losses.MeanSquaredError object at 0x73a3d7d3a450>,2,"[0.13013678789138794, 0.13046610355377197, 0.12721680104732513, 0.12622344493865967, 0.13167685270309448, 0.12743565440177917, 0.12782473862171173, 0.1266424059867859, 0.12727734446525574, 0.12720948457717896, 0.12905079126358032, 0.1254088431596756, 0.1313188672065735, 0.1269901692867279]","[75.63214874267578, 7.83561897277832, 6.392242431640625, 6.088949680328369, 5.905287742614746, 5.78302001953125, 5.700589656829834, 5.663938999176025, 5.624110698699951, 5.61336088180542, 5.579931259155273, 5.569489479064941, 5.581418991088867, 5.550575256347656, 5.533971309661865, 5.5374274253845215, 5.510152339935303, 5.478042125701904, 5.44206428527832, 5.404851913452148, 5.314483165740967, 5.223005294799805, 5.0604963302612305, 4.792168617248535, 4.402462482452393, 3.876866579055786, 3.1983554363250732, 2.518043041229248, 2.0224761962890625, 1.6929394006729126, 1.454788327217102, 1.270301342010498, 1.1218929290771484, 1.009265422821045, 0.8930805921554565, 0.8074644804000854, 0.7311672568321228, 0.6777692437171936, 0.6286836862564087, 0.5937417149543762, 0.5485181212425232, 0.5212180614471436, 0.48586124181747437, 0.44662919640541077, 0.4235662519931793, 0.4062460660934448, 0.38291534781455994, 0.3687819838523865, 0.35873159766197205, 0.3660120368003845, 0.3393162488937378, 0.3441912829875946, 0.3225573003292084, 0.30687758326530457, 0.2933046519756317, 0.2863171398639679, 0.27585193514823914, 0.2716088891029358, 0.26348093152046204, 0.2540215849876404, 0.25226157903671265, 0.24382172524929047, 0.23819807171821594, 0.23469874262809753, 0.23030985891819, 0.2308652400970459, 0.22310689091682434, 0.2127433717250824, 0.20618383586406708, 0.20410288870334625, 0.19989646971225739, 0.19357658922672272, 0.19792652130126953, 0.1866224855184555, 0.1855539083480835, 0.18443988263607025, 0.17942839860916138, 0.17237240076065063, 0.17120814323425293, 0.1732732206583023, 0.1641751527786255, 0.16494117677211761, 0.16181513667106628, 0.1627832055091858, 0.15956524014472961, 0.15504536032676697, 0.15189512073993683, 0.14994904398918152, 0.14744576811790466, 0.1473625898361206, 0.147344172000885, 0.14779840409755707, 0.1454797387123108, 0.14476969838142395, 0.14200261235237122, 0.1390289068222046, 0.14199015498161316, 0.14028359949588776, 0.14353668689727783, 0.1372888684272766, 0.13597582280635834, 0.1370944082736969, 0.13253603875637054, 0.1340743899345398, 0.13186311721801758, 0.1330249309539795, 0.13707518577575684, 0.13048380613327026, 0.13237109780311584, 0.13095054030418396, 0.13186603784561157, 0.13585877418518066, 0.13511885702610016, 0.13045313954353333, 0.1347714215517044, 0.13033583760261536, 0.12967245280742645, 0.1315789818763733, 0.12895038723945618, 0.1345432847738266, 0.13275118172168732, 0.13452763855457306, 0.1294553279876709, 0.12713804841041565, 0.13067355751991272, 0.13268861174583435, 0.1299341768026352, 0.13383972644805908, 0.12998837232589722, 0.12948566675186157, 0.13275837898254395, 0.13140276074409485, 0.12841153144836426, 0.13386628031730652, 0.13315431773662567, 0.12878593802452087, 0.12929058074951172, 0.1264299601316452, 0.12922272086143494, 0.1337890475988388, 0.12773795425891876, 0.13024376332759857, 0.12481524050235748, 0.13013678789138794, 0.13046610355377197, 0.12721680104732513, 0.12622344493865967, 0.13167685270309448, 0.12743565440177917, 0.12782473862171173, 0.1266424059867859, 0.12727734446525574, 0.12720948457717896, 0.12905079126358032, 0.1254088431596756, 0.1313188672065735, 0.1269901692867279, 0.12688274681568146]"
0,[50],leaky_relu,adamax,<keras.src.losses.losses.MeanSquaredError object at 0x73a3d7d3a450>,3,"[0.04194621741771698, 0.04018358886241913, 0.04027077183127403, 0.039372190833091736, 0.03912416100502014, 0.04043854773044586, 0.039608947932720184, 0.041409701108932495, 0.04149638116359711, 0.041125714778900146, 0.040548212826251984, 0.03860284388065338, 0.041372332721948624, 0.04028398171067238]","[66.88518524169922, 7.687015056610107, 6.537321090698242, 6.168999671936035, 5.951632022857666, 5.830232620239258, 5.724809646606445, 5.687536239624023, 5.635902404785156, 5.597362041473389, 5.573476791381836, 5.556764602661133, 5.54232120513916, 5.529669761657715, 5.4986186027526855, 5.454977512359619, 5.38769006729126, 5.273045063018799, 5.084954738616943, 4.806874752044678, 4.343652725219727, 3.6509573459625244, 2.7459821701049805, 1.9419381618499756, 1.4901663064956665, 1.233561396598816, 1.0826820135116577, 0.9696550369262695, 0.8722978830337524, 0.7889978885650635, 0.7225393056869507, 0.6681116223335266, 0.6111748814582825, 0.5722849369049072, 0.5357874631881714, 0.5014336705207825, 0.47823312878608704, 0.4548431634902954, 0.4327163100242615, 0.41153424978256226, 0.3841499388217926, 0.3655298948287964, 0.3489169776439667, 0.33212193846702576, 0.32229962944984436, 0.31392666697502136, 0.3037203252315521, 0.2945442795753479, 0.28242185711860657, 0.2707771062850952, 0.26474273204803467, 0.2574111223220825, 0.2535516023635864, 0.24622882902622223, 0.24149444699287415, 0.23452435433864594, 0.23027348518371582, 0.22437827289104462, 0.2185405045747757, 0.21497374773025513, 0.20906320214271545, 0.20282898843288422, 0.1979324221611023, 0.19452756643295288, 0.1911138892173767, 0.18681317567825317, 0.1829790323972702, 0.1801343560218811, 0.17782312631607056, 0.17258639633655548, 0.17017363011837006, 0.16654592752456665, 0.16439208388328552, 0.1598609983921051, 0.1611175686120987, 0.15925003588199615, 0.1546066552400589, 0.1519199162721634, 0.15229199826717377, 0.1490914225578308, 0.14960108697414398, 0.14683662354946136, 0.1446228325366974, 0.14492376148700714, 0.14667707681655884, 0.14129795134067535, 0.1408362239599228, 0.1402437835931778, 0.14018572866916656, 0.13650406897068024, 0.13770462572574615, 0.13671305775642395, 0.13539330661296844, 0.13392694294452667, 0.1340348869562149, 0.129856675863266, 0.13034245371818542, 0.13039939105510712, 0.13060849905014038, 0.13328713178634644, 0.1302366852760315, 0.13197317719459534, 0.1285734325647354, 0.13237830996513367, 0.1247016042470932, 0.12876495718955994, 0.1267402172088623, 0.12506169080734253, 0.12398511916399002, 0.12382259964942932, 0.12629586458206177, 0.12264558672904968, 0.12240500003099442, 0.12435315549373627, 0.12458530813455582, 0.12299823760986328, 0.12630200386047363, 0.12294889986515045, 0.1267663985490799, 0.12492619454860687, 0.12408380955457687, 0.11945661902427673, 0.11983717978000641, 0.1230737641453743, 0.1320992261171341, 0.12361041456460953, 0.12323220819234848, 0.13568459451198578, 0.11903020739555359, 0.12035688757896423, 0.11775097250938416, 0.12268956750631332, 0.12243185937404633, 0.12021662294864655, 0.12178696691989899, 0.11881123483181, 0.1225738525390625, 0.11972557008266449, 0.11960252374410629, 0.11649489402770996, 0.12134463340044022, 0.11963197588920593, 0.11540348082780838, 0.11781355738639832, 0.11871753633022308, 0.12175066024065018, 0.12431783229112625, 0.11954335123300552, 0.12212785333395004, 0.11636050790548325, 0.11664477735757828, 0.11677411943674088, 0.11494321376085281, 0.11590968072414398, 0.12052345275878906, 0.11490689218044281, 0.12106284499168396, 0.11197732388973236, 0.11849302798509598, 0.11495979875326157, 0.11945561319589615, 0.11215618997812271, 0.11397811770439148, 0.11451210081577301, 0.11010979861021042, 0.11871479451656342, 0.1118290051817894, 0.10986999422311783, 0.11060518026351929, 0.10962614417076111, 0.11032349616289139, 0.11179336160421371, 0.11319036036729813, 0.11393658071756363, 0.11457640677690506, 0.10933880507946014, 0.11192747950553894, 0.10791470110416412, 0.11085626482963562, 0.10698916763067245, 0.10712429881095886, 0.10593663156032562, 0.11467382311820984, 0.10848543792963028, 0.1072218120098114, 0.10413865000009537, 0.10391909629106522, 0.10345666855573654, 0.10184118151664734, 0.10537432134151459, 0.10067343711853027, 0.09956756979227066, 0.10226504504680634, 0.1013837456703186, 0.09686214476823807, 0.09886020421981812, 0.10652976483106613, 0.10014259070158005, 0.09646453708410263, 0.09320280700922012, 0.09539759904146194, 0.09951458871364594, 0.09599706530570984, 0.09245222061872482, 0.09227653592824936, 0.09284069389104843, 0.08908193558454514, 0.09014962613582611, 0.09139063954353333, 0.0877251923084259, 0.09141317009925842, 0.08720866590738297, 0.09056253731250763, 0.0864611491560936, 0.08318556100130081, 0.08251037448644638, 0.08448321372270584, 0.08116326481103897, 0.07874885201454163, 0.08255394548177719, 0.07734661549329758, 0.07651934772729874, 0.07625114172697067, 0.07727651298046112, 0.07487308233976364, 0.0722813829779625, 0.07400567084550858, 0.06981592625379562, 0.0686790943145752, 0.06713218986988068, 0.06945978850126266, 0.06518011540174484, 0.06375691294670105, 0.06195542588829994, 0.0619683712720871, 0.06134888902306557, 0.05937972292304039, 0.06048544868826866, 0.05846920236945152, 0.05515969917178154, 0.05666868016123772, 0.06060519441962242, 0.05370967090129852, 0.0553022064268589, 0.05312078446149826, 0.05520976334810257, 0.05271866172552109, 0.05308997631072998, 0.05099304020404816, 0.050403986126184464, 0.05510161817073822, 0.04780067875981331, 0.04893035069108009, 0.046296119689941406, 0.04878060147166252, 0.04840603470802307, 0.045647993683815, 0.0468069463968277, 0.04569188132882118, 0.04427199065685272, 0.04673753306269646, 0.04273023083806038, 0.041493501514196396, 0.04774729534983635, 0.04369715228676796, 0.043777260929346085, 0.04158157482743263, 0.044039227068424225, 0.041762735694646835, 0.040587108582258224, 0.04006310924887657, 0.04151943325996399, 0.04510550945997238, 0.039342112839221954, 0.04404100403189659, 0.03847852721810341, 0.04194621741771698, 0.04018358886241913, 0.04027077183127403, 0.039372190833091736, 0.03912416100502014, 0.04043854773044586, 0.039608947932720184, 0.041409701108932495, 0.04149638116359711, 0.041125714778900146, 0.040548212826251984, 0.03860284388065338, 0.041372332721948624, 0.04028398171067238, 0.04066368564963341]"
0,[50],leaky_relu,adamax,<keras.src.losses.losses.MeanSquaredError object at 0x73a3d7d3a450>,4,"[0.03456193953752518, 0.04161640629172325, 0.03517936170101166, 0.034444816410541534, 0.03432571142911911, 0.03611253574490547, 0.03951851278543472, 0.034709591418504715, 0.035064902156591415, 0.037223149091005325, 0.03975128382444382, 0.03416348993778229, 0.034180302172899246, 0.038471855223178864]","[55.23378372192383, 7.223193645477295, 6.168615341186523, 5.920126914978027, 5.76505184173584, 5.696455001831055, 5.629662990570068, 5.638393878936768, 5.58653450012207, 5.567179203033447, 5.563263893127441, 5.548482894897461, 5.537008285522461, 5.52774715423584, 5.502862930297852, 5.508511066436768, 5.449172019958496, 5.42331600189209, 5.347847938537598, 5.284730911254883, 5.130790710449219, 4.976454734802246, 4.7089104652404785, 4.310451030731201, 3.7540385723114014, 3.0307891368865967, 2.2900359630584717, 1.7461912631988525, 1.3880506753921509, 1.1798062324523926, 1.0291396379470825, 0.8984098434448242, 0.7993301749229431, 0.7173092365264893, 0.651580274105072, 0.5960909128189087, 0.551672101020813, 0.5139071941375732, 0.47273826599121094, 0.44325339794158936, 0.4238499402999878, 0.39868760108947754, 0.37759673595428467, 0.36171042919158936, 0.34853535890579224, 0.3364388048648834, 0.33013567328453064, 0.32326894998550415, 0.31851184368133545, 0.3200278878211975, 0.3047919273376465, 0.30394574999809265, 0.29739755392074585, 0.29401513934135437, 0.28992021083831787, 0.2824742794036865, 0.280627578496933, 0.2736266553401947, 0.2717635929584503, 0.26735618710517883, 0.26532524824142456, 0.2564554214477539, 0.2514552175998688, 0.2485208511352539, 0.24732454121112823, 0.23970596492290497, 0.23501332104206085, 0.23305922746658325, 0.23001156747341156, 0.2266540229320526, 0.22071154415607452, 0.22022317349910736, 0.21317976713180542, 0.211443692445755, 0.20582039654254913, 0.20985230803489685, 0.20389288663864136, 0.19972623884677887, 0.1964368224143982, 0.19550761580467224, 0.185525044798851, 0.1806667447090149, 0.18012049794197083, 0.1756386160850525, 0.17550836503505707, 0.17088156938552856, 0.1732490360736847, 0.16446566581726074, 0.16201598942279816, 0.1609775424003601, 0.1634131520986557, 0.1557876467704773, 0.15774624049663544, 0.15306200087070465, 0.15071699023246765, 0.1510002613067627, 0.1500062495470047, 0.15243400633335114, 0.15114270150661469, 0.14327341318130493, 0.15007758140563965, 0.14549066126346588, 0.14009106159210205, 0.14348745346069336, 0.13902175426483154, 0.13958410918712616, 0.1378130316734314, 0.13327758014202118, 0.13284724950790405, 0.13667413592338562, 0.13182294368743896, 0.12949718534946442, 0.13049715757369995, 0.12865431606769562, 0.12871265411376953, 0.12760299444198608, 0.12674079835414886, 0.13582228124141693, 0.12825433909893036, 0.12431483715772629, 0.12106074392795563, 0.12395771592855453, 0.12352292984724045, 0.11919278651475906, 0.11541461944580078, 0.11595682054758072, 0.11968289315700531, 0.11621642112731934, 0.11790461093187332, 0.11344966292381287, 0.1154925525188446, 0.11226090788841248, 0.11023721098899841, 0.10810922831296921, 0.10794172435998917, 0.1118980124592781, 0.10691972076892853, 0.10438508540391922, 0.10627854615449905, 0.10314372181892395, 0.10341974347829819, 0.1017838791012764, 0.10107444226741791, 0.09794766455888748, 0.09532278031110764, 0.09562290459871292, 0.09628764539957047, 0.09186360239982605, 0.09595082700252533, 0.09545744210481644, 0.09469881653785706, 0.09123799204826355, 0.08626854419708252, 0.0876566544175148, 0.08536545932292938, 0.08426506072282791, 0.08465632796287537, 0.0841183140873909, 0.08354999870061874, 0.08170189708471298, 0.0829290971159935, 0.07457921653985977, 0.078022301197052, 0.0867738276720047, 0.07491454482078552, 0.07215157896280289, 0.07627027481794357, 0.07878060638904572, 0.06938695907592773, 0.07253970205783844, 0.0694945752620697, 0.06769603490829468, 0.06510496884584427, 0.06652096658945084, 0.07309849560260773, 0.06876707077026367, 0.06405963003635406, 0.0640023872256279, 0.0608094148337841, 0.06251238286495209, 0.06267169117927551, 0.05945950746536255, 0.05822661146521568, 0.05689068138599396, 0.05839766561985016, 0.05816743150353432, 0.05709733068943024, 0.0523628368973732, 0.05047793686389923, 0.05571217089891434, 0.0516313835978508, 0.05116187781095505, 0.050101783126592636, 0.05006175488233566, 0.04960779845714569, 0.04495012015104294, 0.04833155870437622, 0.048058271408081055, 0.04711730778217316, 0.04401222988963127, 0.051456429064273834, 0.04313196241855621, 0.04077443853020668, 0.04286985844373703, 0.04139991104602814, 0.040514156222343445, 0.042219940572977066, 0.041498344391584396, 0.040861256420612335, 0.0402236171066761, 0.042223792523145676, 0.04324277862906456, 0.040694475173950195, 0.042861126363277435, 0.03865597024559975, 0.03771263733506203, 0.0377802737057209, 0.03864583000540733, 0.03704167902469635, 0.03810765966773033, 0.036095719784498215, 0.0479716956615448, 0.040370289236307144, 0.038045451045036316, 0.038564283400774, 0.04812644049525261, 0.03520043194293976, 0.037508685141801834, 0.03836026042699814, 0.03813689574599266, 0.03776364028453827, 0.048020441085100174, 0.04117826372385025, 0.038390640169382095, 0.036272309720516205, 0.034240949898958206, 0.03428075462579727, 0.03730833902955055, 0.03353990986943245, 0.03456193953752518, 0.04161640629172325, 0.03517936170101166, 0.034444816410541534, 0.03432571142911911, 0.03611253574490547, 0.03951851278543472, 0.034709591418504715, 0.035064902156591415, 0.037223149091005325, 0.03975128382444382, 0.03416348993778229, 0.034180302172899246, 0.038471855223178864, 0.04213494434952736]"
0,[50],leaky_relu,adamax,<keras.src.losses.losses.MeanSquaredError object at 0x73a3d7d3a450>,5,"[0.051939111202955246, 0.04452177509665489, 0.03941154107451439, 0.03827155381441116, 0.040164489299058914, 0.039000365883111954, 0.03945939242839813, 0.03999510779976845, 0.037189826369285583, 0.041932206600904465, 0.043039996176958084, 0.039422206580638885, 0.04313114285469055, 0.04327814280986786]","[72.6333999633789, 7.366157531738281, 6.279121398925781, 5.971909046173096, 5.799637317657471, 5.679939270019531, 5.597814083099365, 5.510826110839844, 5.429660797119141, 5.354801177978516, 5.228277206420898, 5.097870826721191, 4.889744281768799, 4.615836143493652, 4.181933403015137, 3.5005064010620117, 2.6909258365631104, 2.0689029693603516, 1.6808626651763916, 1.445168137550354, 1.261680006980896, 1.1172500848770142, 1.0163391828536987, 0.9131489992141724, 0.8626634478569031, 0.7747937440872192, 0.711387038230896, 0.6680205464363098, 0.6284639835357666, 0.5990272164344788, 0.563054084777832, 0.5378972291946411, 0.507964015007019, 0.478394091129303, 0.46369144320487976, 0.44511714577674866, 0.44966644048690796, 0.4618503153324127, 0.4012008011341095, 0.4054742157459259, 0.373883455991745, 0.38104501366615295, 0.3505299389362335, 0.3519723117351532, 0.3412407636642456, 0.34126514196395874, 0.33002033829689026, 0.3311844766139984, 0.32018935680389404, 0.329376220703125, 0.30982592701911926, 0.3034725785255432, 0.31657153367996216, 0.300398051738739, 0.3086528182029724, 0.303655743598938, 0.29420360922813416, 0.28617215156555176, 0.27425065636634827, 0.26847347617149353, 0.2667008638381958, 0.2560824751853943, 0.2603110074996948, 0.2669561207294464, 0.2442426085472107, 0.24346283078193665, 0.23583513498306274, 0.24082691967487335, 0.22838595509529114, 0.22391793131828308, 0.2196168601512909, 0.20635800063610077, 0.20184066891670227, 0.19621960818767548, 0.1955077201128006, 0.18685299158096313, 0.18005797266960144, 0.17828281223773956, 0.17212334275245667, 0.1673458069562912, 0.16954511404037476, 0.16142906248569489, 0.1564117968082428, 0.1514061838388443, 0.15619690716266632, 0.14735110104084015, 0.14450284838676453, 0.15081262588500977, 0.1384442150592804, 0.13869816064834595, 0.13775624334812164, 0.13133786618709564, 0.13483303785324097, 0.12597481906414032, 0.1280527561903, 0.12459968030452728, 0.13237883150577545, 0.13114100694656372, 0.12526805698871613, 0.12271837145090103, 0.13131573796272278, 0.12284854799509048, 0.1176702156662941, 0.11580077558755875, 0.11518280953168869, 0.11333005875349045, 0.11571794003248215, 0.11414575576782227, 0.11654749512672424, 0.1169004738330841, 0.115545354783535, 0.10934314131736755, 0.11149948090314865, 0.11232124269008636, 0.11181773245334625, 0.10664121806621552, 0.10392528027296066, 0.10816390812397003, 0.10595622658729553, 0.10953620076179504, 0.10392418503761292, 0.09967000037431717, 0.10170838236808777, 0.10003789514303207, 0.10508808493614197, 0.12095686048269272, 0.09847968816757202, 0.10406103730201721, 0.10050555318593979, 0.10539521276950836, 0.09814152121543884, 0.09504684060811996, 0.09522752463817596, 0.09586441516876221, 0.09455229341983795, 0.09592904150485992, 0.09780984371900558, 0.0982179194688797, 0.095858134329319, 0.09203841537237167, 0.09476150572299957, 0.10342788696289062, 0.0899355560541153, 0.09055639058351517, 0.08785485476255417, 0.08833909779787064, 0.08569232374429703, 0.08701365441083908, 0.09059945493936539, 0.09938649088144302, 0.0880727618932724, 0.08977749943733215, 0.08908440917730331, 0.08802160620689392, 0.09511853754520416, 0.08680236339569092, 0.08550245314836502, 0.08093172311782837, 0.08163703233003616, 0.0819711908698082, 0.0812089592218399, 0.08579455316066742, 0.07892970740795135, 0.08219216763973236, 0.08479806035757065, 0.07717592269182205, 0.07692664861679077, 0.07781362533569336, 0.07556915283203125, 0.07832847535610199, 0.07291365414857864, 0.0717792809009552, 0.07989008724689484, 0.06948681175708771, 0.07590486109256744, 0.07459999620914459, 0.07656510919332504, 0.06891530007123947, 0.08115570992231369, 0.0674871951341629, 0.066535085439682, 0.0644473135471344, 0.06567990034818649, 0.0641021579504013, 0.06327934563159943, 0.06653466075658798, 0.06361036002635956, 0.06550344824790955, 0.06245242804288864, 0.0636802613735199, 0.061054203659296036, 0.0613783523440361, 0.056633081287145615, 0.06064240634441376, 0.06125819683074951, 0.06016938388347626, 0.05711289867758751, 0.0590985007584095, 0.05891725793480873, 0.06033439189195633, 0.05644102394580841, 0.05659400671720505, 0.05897049605846405, 0.05864206328988075, 0.05466623976826668, 0.051976874470710754, 0.052326228469610214, 0.0530533604323864, 0.05052441731095314, 0.05155539512634277, 0.05269855633378029, 0.05832356959581375, 0.05519654229283333, 0.054495275020599365, 0.04924451932311058, 0.04943377524614334, 0.050286248326301575, 0.05194273591041565, 0.055634755641222, 0.0493038147687912, 0.049446187913417816, 0.050355587154626846, 0.055542685091495514, 0.05043807998299599, 0.048943083733320236, 0.06188230961561203, 0.04474594071507454, 0.04722980409860611, 0.044585369527339935, 0.045900408178567886, 0.04270805045962334, 0.043609868735075, 0.044940780848264694, 0.04476623237133026, 0.0451817624270916, 0.046118445694446564, 0.04587020352482796, 0.04393180087208748, 0.04207891970872879, 0.0443914532661438, 0.043256811797618866, 0.043128225952386856, 0.039881180971860886, 0.04341546818614006, 0.05027727410197258, 0.0398569256067276, 0.045005228370428085, 0.04362691566348076, 0.04599028453230858, 0.0432838536798954, 0.04150323569774628, 0.04436632618308067, 0.05476808920502663, 0.03844046592712402, 0.039817605167627335, 0.03874997794628143, 0.041096098721027374, 0.04096857085824013, 0.039667483419179916, 0.041898999363183975, 0.04128437489271164, 0.03699478879570961, 0.051939111202955246, 0.04452177509665489, 0.03941154107451439, 0.03827155381441116, 0.040164489299058914, 0.039000365883111954, 0.03945939242839813, 0.03999510779976845, 0.037189826369285583, 0.041932206600904465, 0.043039996176958084, 0.039422206580638885, 0.04313114285469055, 0.04327814280986786, 0.04747584089636803]"
0,[50],leaky_relu,adamax,<keras.src.losses.losses.MeanSquaredError object at 0x73a3d7d3a450>,6,"[0.059927139431238174, 0.058737535029649734, 0.05934228003025055, 0.06093890219926834, 0.059004928916692734, 0.05917343124747276, 0.06239303573966026, 0.0632457360625267, 0.06244923174381256, 0.06253066658973694, 0.061964988708496094, 0.05825304985046387, 0.05879255011677742, 0.05954743176698685]","[44.18071746826172, 7.014200210571289, 6.0608134269714355, 5.789310932159424, 5.696160316467285, 5.642029762268066, 5.61616849899292, 5.604974746704102, 5.587738990783691, 5.575894832611084, 5.573453426361084, 5.5677361488342285, 5.5724358558654785, 5.568384647369385, 5.5583930015563965, 5.557303428649902, 5.554957866668701, 5.536750316619873, 5.541721820831299, 5.522854804992676, 5.53135871887207, 5.492373943328857, 5.481863975524902, 5.451325416564941, 5.424906253814697, 5.387622356414795, 5.370445728302002, 5.28867769241333, 5.202535629272461, 5.081928730010986, 4.9167327880859375, 4.636274814605713, 4.035168647766113, 3.142268180847168, 2.221599578857422, 1.5457450151443481, 1.1479603052139282, 0.9585757851600647, 0.8242815732955933, 0.7219142913818359, 0.6309464573860168, 0.5633492469787598, 0.5191205143928528, 0.4796161651611328, 0.44780075550079346, 0.4287506341934204, 0.41158318519592285, 0.39743396639823914, 0.38578277826309204, 0.3747820258140564, 0.3644627332687378, 0.35954728722572327, 0.35181066393852234, 0.3471311330795288, 0.3442040979862213, 0.3436640799045563, 0.33452361822128296, 0.32746756076812744, 0.3266211152076721, 0.3165695369243622, 0.3099361062049866, 0.30410873889923096, 0.2976207733154297, 0.29497602581977844, 0.28368547558784485, 0.27905774116516113, 0.2726811170578003, 0.2667430639266968, 0.2541254758834839, 0.2554878890514374, 0.24696418642997742, 0.2405157834291458, 0.23622867465019226, 0.22818133234977722, 0.22943374514579773, 0.21856603026390076, 0.21470104157924652, 0.21048127114772797, 0.20202699303627014, 0.19936949014663696, 0.19534021615982056, 0.19030052423477173, 0.1850341409444809, 0.180569589138031, 0.179080069065094, 0.176500141620636, 0.17056448757648468, 0.166636124253273, 0.17160151898860931, 0.16320818662643433, 0.1560773253440857, 0.16306129097938538, 0.1589512974023819, 0.1485769897699356, 0.1500653326511383, 0.14903144538402557, 0.14422181248664856, 0.14216715097427368, 0.14230136573314667, 0.14047272503376007, 0.14138270914554596, 0.13899949193000793, 0.1364416480064392, 0.13492830097675323, 0.13436177372932434, 0.14016982913017273, 0.13154567778110504, 0.13944029808044434, 0.1294969916343689, 0.12708164751529694, 0.12885266542434692, 0.12630242109298706, 0.12968340516090393, 0.1267959326505661, 0.12842684984207153, 0.12309928983449936, 0.12340033054351807, 0.12244290858507156, 0.1243765652179718, 0.1257534921169281, 0.12395710498094559, 0.1193801537156105, 0.12188765406608582, 0.11871177703142166, 0.11740679293870926, 0.11942599713802338, 0.11679336428642273, 0.12221799790859222, 0.11778977513313293, 0.12042665481567383, 0.11642193794250488, 0.11243496835231781, 0.1153559535741806, 0.11467422544956207, 0.11354199051856995, 0.118392214179039, 0.11505325883626938, 0.11764730513095856, 0.11081075668334961, 0.11129183322191238, 0.11043243855237961, 0.11331859230995178, 0.10962808132171631, 0.10808482021093369, 0.10658581554889679, 0.10749698430299759, 0.10712733864784241, 0.11236907541751862, 0.1058213859796524, 0.10791376233100891, 0.110605388879776, 0.1062348484992981, 0.10745856910943985, 0.10577427595853806, 0.10642785578966141, 0.10605517774820328, 0.10717722773551941, 0.10361359268426895, 0.10201509296894073, 0.10216115415096283, 0.10336881875991821, 0.0978684201836586, 0.10073268413543701, 0.10297708958387375, 0.09978703409433365, 0.10044480115175247, 0.09984567016363144, 0.1003509908914566, 0.09842300415039062, 0.09623903036117554, 0.09774725139141083, 0.0941401794552803, 0.0925150215625763, 0.09840226173400879, 0.0986073687672615, 0.09159474074840546, 0.09448804706335068, 0.09056591987609863, 0.08834480494260788, 0.09088262170553207, 0.08766606450080872, 0.09503432363271713, 0.08508381247520447, 0.08488316088914871, 0.08444726467132568, 0.08525869250297546, 0.08223176002502441, 0.0808817520737648, 0.08122514188289642, 0.08448562026023865, 0.08360640704631805, 0.08106236904859543, 0.07956358790397644, 0.07802929729223251, 0.08046236634254456, 0.07509645819664001, 0.07345631718635559, 0.0752120241522789, 0.07798230648040771, 0.07483897358179092, 0.07254564762115479, 0.07247044146060944, 0.07309174537658691, 0.06960516422986984, 0.07188694179058075, 0.0661897212266922, 0.06896371394395828, 0.06671345978975296, 0.06798091530799866, 0.07188471406698227, 0.071343794465065, 0.06722066551446915, 0.06647475808858871, 0.0677296593785286, 0.0657670870423317, 0.06610729545354843, 0.061654455959796906, 0.06412288546562195, 0.06267306953668594, 0.06282404065132141, 0.06200093775987625, 0.06283348053693771, 0.06268610805273056, 0.06277449429035187, 0.07342803478240967, 0.06158636137843132, 0.06419298052787781, 0.06249653548002243, 0.06108243763446808, 0.06074332445859909, 0.06769941002130508, 0.05795297399163246, 0.059927139431238174, 0.058737535029649734, 0.05934228003025055, 0.06093890219926834, 0.059004928916692734, 0.05917343124747276, 0.06239303573966026, 0.0632457360625267, 0.06244923174381256, 0.06253066658973694, 0.061964988708496094, 0.05825304985046387, 0.05879255011677742, 0.05954743176698685, 0.060261063277721405]"
0,[50],leaky_relu,adamax,<keras.src.losses.losses.MeanSquaredError object at 0x73a3d7d3a450>,7,"[0.0411166176199913, 0.03882298246026039, 0.03987585008144379, 0.04161469638347626, 0.039710693061351776, 0.03842822089791298, 0.03975745663046837, 0.04071904718875885, 0.04185253009200096, 0.03881058469414711, 0.03875907510519028, 0.039977140724658966, 0.04408556967973709, 0.0420142263174057]","[67.13835906982422, 7.874301433563232, 6.478952407836914, 6.140444278717041, 5.93660306930542, 5.808666706085205, 5.705185890197754, 5.644387722015381, 5.596024513244629, 5.572603225708008, 5.532808780670166, 5.494195938110352, 5.46862268447876, 5.421289920806885, 5.371485233306885, 5.313640117645264, 5.233231544494629, 5.114392280578613, 4.934110641479492, 4.688477993011475, 4.2625861167907715, 3.5868594646453857, 2.715040922164917, 1.9829210042953491, 1.5470212697982788, 1.212697982788086, 1.0195400714874268, 0.8811584711074829, 0.7866146564483643, 0.7172305583953857, 0.639855146408081, 0.594610333442688, 0.5423568487167358, 0.51199871301651, 0.4808617830276489, 0.45135533809661865, 0.4296870827674866, 0.41282451152801514, 0.38911569118499756, 0.3883914053440094, 0.40354496240615845, 0.35580331087112427, 0.35390418767929077, 0.33933404088020325, 0.328580766916275, 0.3282712697982788, 0.3175857961177826, 0.3050229549407959, 0.3024113178253174, 0.2892378270626068, 0.2829218804836273, 0.2798217535018921, 0.285380482673645, 0.2750336825847626, 0.26206472516059875, 0.25188636779785156, 0.2523331046104431, 0.23727519810199738, 0.23206578195095062, 0.226876363158226, 0.22395998239517212, 0.22151406109333038, 0.21406500041484833, 0.2063780128955841, 0.20832356810569763, 0.19842533767223358, 0.1935110092163086, 0.18856634199619293, 0.1897413283586502, 0.18390674889087677, 0.18072141706943512, 0.17664700746536255, 0.18872632086277008, 0.1713155210018158, 0.17646916210651398, 0.17228013277053833, 0.17123985290527344, 0.16610752046108246, 0.16150914132595062, 0.15788206458091736, 0.16238926351070404, 0.15651072561740875, 0.16203643381595612, 0.16198642551898956, 0.15503519773483276, 0.1513076275587082, 0.15485632419586182, 0.14791986346244812, 0.1494697481393814, 0.15020936727523804, 0.1477523148059845, 0.15130320191383362, 0.14862275123596191, 0.14636793732643127, 0.15222954750061035, 0.14841997623443604, 0.15128310024738312, 0.14160214364528656, 0.14479263126850128, 0.14378708600997925, 0.14422713220119476, 0.14192074537277222, 0.13999412953853607, 0.13957078754901886, 0.13702638447284698, 0.13894924521446228, 0.14210297167301178, 0.14602649211883545, 0.13773615658283234, 0.13678346574306488, 0.13976021111011505, 0.13485679030418396, 0.13845647871494293, 0.1358117014169693, 0.1397329419851303, 0.13426068425178528, 0.13399872183799744, 0.1339895874261856, 0.13367697596549988, 0.13249480724334717, 0.13148026168346405, 0.13280479609966278, 0.14147867262363434, 0.13597455620765686, 0.13157805800437927, 0.13030916452407837, 0.1292763352394104, 0.13565292954444885, 0.1324717104434967, 0.13179746270179749, 0.13016217947006226, 0.1260659098625183, 0.13016046583652496, 0.12664423882961273, 0.12383565306663513, 0.1297818124294281, 0.13681016862392426, 0.12474342435598373, 0.12268008291721344, 0.12511855363845825, 0.11878044158220291, 0.12161634862422943, 0.12222954630851746, 0.12108535319566727, 0.11651144921779633, 0.11780256778001785, 0.12276327610015869, 0.11551793664693832, 0.11502129584550858, 0.11652031540870667, 0.11701013147830963, 0.11185970902442932, 0.11522868275642395, 0.11376651376485825, 0.11424294859170914, 0.12293215841054916, 0.10679105669260025, 0.1082664206624031, 0.10581403225660324, 0.1048855111002922, 0.10175327956676483, 0.10353129357099533, 0.09811350703239441, 0.09893186390399933, 0.09515295177698135, 0.09833982586860657, 0.09549377113580704, 0.09527909010648727, 0.09492606669664383, 0.08954504132270813, 0.0893864631652832, 0.08575709164142609, 0.08741499483585358, 0.0820276290178299, 0.08083626627922058, 0.08769089728593826, 0.07736603170633316, 0.076120525598526, 0.07561367005109787, 0.07616417855024338, 0.07500750571489334, 0.07574020326137543, 0.07282071560621262, 0.06884343922138214, 0.06736155599355698, 0.07754221558570862, 0.06761205941438675, 0.07001794874668121, 0.06212539225816727, 0.06528741866350174, 0.06405524164438248, 0.06254523247480392, 0.06136607378721237, 0.06087974086403847, 0.057313382625579834, 0.058697037398815155, 0.062040433287620544, 0.05841994285583496, 0.06517718732357025, 0.05885331332683563, 0.05548145994544029, 0.05433414876461029, 0.0587909072637558, 0.056691426783800125, 0.05383870005607605, 0.05762309581041336, 0.05281028151512146, 0.05293092504143715, 0.05255143716931343, 0.05249488353729248, 0.05296187475323677, 0.05388177931308746, 0.05677404627203941, 0.05100467428565025, 0.04849468544125557, 0.048606183379888535, 0.04936612397432327, 0.04962410032749176, 0.047756120562553406, 0.049473837018013, 0.05465196818113327, 0.048901382833719254, 0.04762456566095352, 0.04575026407837868, 0.04696570709347725, 0.048107247799634933, 0.04731352999806404, 0.04749364033341408, 0.04540858045220375, 0.04820923134684563, 0.04742645472288132, 0.04584444314241409, 0.04573797807097435, 0.04996712505817413, 0.04824716970324516, 0.04555806890130043, 0.04647716134786606, 0.04492839425802231, 0.04925679415464401, 0.04487700015306473, 0.047489166259765625, 0.04582668095827103, 0.04689867049455643, 0.04768820479512215, 0.04782203957438469, 0.04452379047870636, 0.04494228586554527, 0.04609279707074165, 0.04378805309534073, 0.044209808111190796, 0.04433988779783249, 0.042728982865810394, 0.0464557521045208, 0.04251199960708618, 0.04710814356803894, 0.04438348487019539, 0.043182123452425, 0.04230564460158348, 0.04449827969074249, 0.04263021796941757, 0.04325401037931442, 0.0431891568005085, 0.04353658854961395, 0.04409947618842125, 0.04513222724199295, 0.04317482188344002, 0.04761562496423721, 0.043785229325294495, 0.040759164839982986, 0.042357999831438065, 0.04073043540120125, 0.058082323521375656, 0.04091804102063179, 0.04237109050154686, 0.03920729085803032, 0.0464150570333004, 0.04432939738035202, 0.039882611483335495, 0.04100192338228226, 0.04064565524458885, 0.04326377436518669, 0.04279516637325287, 0.042343899607658386, 0.041353002190589905, 0.04192616045475006, 0.04196600615978241, 0.039935726672410965, 0.04304294288158417, 0.04158443212509155, 0.038724385201931, 0.04023700952529907, 0.04022142291069031, 0.04182400181889534, 0.041182201355695724, 0.040714941918849945, 0.04360208287835121, 0.03958036005496979, 0.040783029049634933, 0.03808103874325752, 0.0411166176199913, 0.03882298246026039, 0.03987585008144379, 0.04161469638347626, 0.039710693061351776, 0.03842822089791298, 0.03975745663046837, 0.04071904718875885, 0.04185253009200096, 0.03881058469414711, 0.03875907510519028, 0.039977140724658966, 0.04408556967973709, 0.0420142263174057, 0.03880033269524574]"
0,[100],leaky_relu,adam,<keras.src.losses.losses.MeanSquaredError object at 0x73a3d7d3a450>,1,"[5.581765651702881, 5.604361534118652, 5.5902791023254395, 5.673421382904053, 5.611917495727539, 5.592667579650879, 5.669140338897705, 5.585189342498779, 5.581801414489746, 5.578030586242676, 5.579092025756836, 5.575056076049805, 5.577400207519531, 5.5972723960876465]","[10.48788833618164, 6.189504623413086, 5.655368328094482, 5.683651447296143, 5.613930702209473, 5.6329731941223145, 5.602528095245361, 5.620720386505127, 5.689432621002197, 5.5935235023498535, 5.592895984649658, 5.593453407287598, 5.664675712585449, 5.593214988708496, 5.626267433166504, 5.586240768432617, 5.598775863647461, 5.587308883666992, 5.589763164520264, 5.583792209625244, 5.5815300941467285, 5.629177570343018, 5.573519229888916, 5.581765651702881, 5.604361534118652, 5.5902791023254395, 5.673421382904053, 5.611917495727539, 5.592667579650879, 5.669140338897705, 5.585189342498779, 5.581801414489746, 5.578030586242676, 5.579092025756836, 5.575056076049805, 5.577400207519531, 5.5972723960876465, 5.583225727081299]"
0,[100],leaky_relu,adam,<keras.src.losses.losses.MeanSquaredError object at 0x73a3d7d3a450>,2,"[0.11482902616262436, 0.12354687601327896, 0.12259212881326675, 0.11388520151376724, 0.12714722752571106, 0.11599273234605789, 0.1171417087316513, 0.1736285239458084, 0.12625902891159058, 0.11382557451725006, 0.12162192910909653, 0.11905816197395325, 0.11287559568881989, 0.11339158564805984]","[10.52038860321045, 6.00634765625, 5.621165752410889, 5.514346122741699, 5.363547325134277, 4.9593048095703125, 3.4464292526245117, 1.7633004188537598, 1.0418096780776978, 0.7330333590507507, 0.5669275522232056, 0.4617413282394409, 0.3981410562992096, 0.35218971967697144, 0.31859448552131653, 0.29409655928611755, 0.274258017539978, 0.25805845856666565, 0.25198298692703247, 0.24341456592082977, 0.23294919729232788, 0.2167443037033081, 0.20569011569023132, 0.19722914695739746, 0.1933140754699707, 0.18559657037258148, 0.18413656949996948, 0.1765023171901703, 0.17210741341114044, 0.16593724489212036, 0.16819484531879425, 0.16594071686267853, 0.16412506997585297, 0.15505141019821167, 0.14953520894050598, 0.14674001932144165, 0.15082401037216187, 0.15445901453495026, 0.14513380825519562, 0.17732641100883484, 0.1416250765323639, 0.14825616776943207, 0.13599558174610138, 0.1913510411977768, 0.1438131034374237, 0.1392918974161148, 0.1350293755531311, 0.12935380637645721, 0.14814016222953796, 0.13710223138332367, 0.1371455192565918, 0.12823854386806488, 0.12956486642360687, 0.14193731546401978, 0.14485882222652435, 0.1264420747756958, 0.1230364665389061, 0.1270010769367218, 0.12117690593004227, 0.12793488800525665, 0.12266871333122253, 0.1238299086689949, 0.12609818577766418, 0.11817329376935959, 0.11980732530355453, 0.13073481619358063, 0.13062797486782074, 0.1902589201927185, 0.12674114108085632, 0.11854713410139084, 0.11586456745862961, 0.12570272386074066, 0.12106222659349442, 0.12315741926431656, 0.12152053415775299, 0.12663903832435608, 0.12599684298038483, 0.12973684072494507, 0.1101057380437851, 0.11482902616262436, 0.12354687601327896, 0.12259212881326675, 0.11388520151376724, 0.12714722752571106, 0.11599273234605789, 0.1171417087316513, 0.1736285239458084, 0.12625902891159058, 0.11382557451725006, 0.12162192910909653, 0.11905816197395325, 0.11287559568881989, 0.11339158564805984, 0.11020207405090332]"
0,[100],leaky_relu,adam,<keras.src.losses.losses.MeanSquaredError object at 0x73a3d7d3a450>,3,"[0.06174645945429802, 0.05177931487560272, 0.04698490723967552, 0.04543076828122139, 0.04865913838148117, 0.048393651843070984, 0.07544837892055511, 0.052190348505973816, 0.05125778168439865, 0.05001549422740936, 0.04753128066658974, 0.048504285514354706, 0.062242355197668076, 0.05440974235534668]","[10.836345672607422, 5.844001770019531, 5.605044841766357, 5.483551979064941, 5.230157852172852, 4.12546443939209, 1.497092843055725, 0.7891235947608948, 0.5831516981124878, 0.4536019563674927, 0.35575321316719055, 0.2864726781845093, 0.2439516931772232, 0.22966323792934418, 0.21496182680130005, 0.19735711812973022, 0.18187865614891052, 0.183133065700531, 0.17280010879039764, 0.16501975059509277, 0.16304068267345428, 0.16281992197036743, 0.15447714924812317, 0.15664911270141602, 0.15325403213500977, 0.15335378050804138, 0.16577106714248657, 0.15615025162696838, 0.16754037141799927, 0.1484469771385193, 0.1559530794620514, 0.15158793330192566, 0.15487082302570343, 0.15091674029827118, 0.14467962086200714, 0.30446380376815796, 0.15034101903438568, 0.14579525589942932, 0.13597096502780914, 0.1436500996351242, 0.14243659377098083, 0.14282111823558807, 0.16134989261627197, 0.15049594640731812, 0.14168591797351837, 0.13188540935516357, 0.15715929865837097, 0.15020149946212769, 0.12862899899482727, 0.12893196940422058, 0.1357783079147339, 0.1238112598657608, 0.13057111203670502, 0.13175134360790253, 0.2059052735567093, 0.12990589439868927, 0.12425962835550308, 0.12915875017642975, 0.13400258123874664, 0.12854956090450287, 0.1216593086719513, 0.12752681970596313, 0.13999037444591522, 0.12323421984910965, 0.1387215554714203, 0.12032786011695862, 0.12154170870780945, 0.13642001152038574, 0.1403336077928543, 0.11783427745103836, 0.1195356547832489, 0.12629318237304688, 0.11908357590436935, 0.11697737127542496, 0.11895504593849182, 0.1258067488670349, 0.12532053887844086, 0.11754406988620758, 0.1290154755115509, 0.15784265100955963, 0.11082550883293152, 0.11346336454153061, 0.11766127496957779, 0.11767622083425522, 0.13953246176242828, 0.13089226186275482, 0.11267340183258057, 0.11317917704582214, 0.11079086363315582, 0.11153873056173325, 0.11654125154018402, 0.11573991179466248, 0.11502325534820557, 0.1345348060131073, 0.11450497061014175, 0.10620412975549698, 0.1062764823436737, 0.10730969160795212, 0.10475987195968628, 0.10481680184602737, 0.10735014826059341, 0.11837686598300934, 0.10793108493089676, 0.10312958806753159, 0.10379321128129959, 0.11393962800502777, 0.10369977355003357, 0.10384051501750946, 0.11109080910682678, 0.11451020836830139, 0.11768513172864914, 0.1185036227107048, 0.09810790419578552, 0.11230145394802094, 0.11584467440843582, 0.10128525644540787, 0.10427556931972504, 0.11036719381809235, 0.10245837271213531, 0.12136805057525635, 0.10101798921823502, 0.10307885706424713, 0.18125638365745544, 0.09858567267656326, 0.08984872698783875, 0.08040215075016022, 0.08218525350093842, 0.07912678271532059, 0.07254030555486679, 0.07437016069889069, 0.07357329875230789, 0.06702866405248642, 0.07267843186855316, 0.06251472979784012, 0.07055541127920151, 0.059021659195423126, 0.057890310883522034, 0.05378725379705429, 0.06739851832389832, 0.05679977685213089, 0.06547282636165619, 0.0670362189412117, 0.06082955375313759, 0.056767743080854416, 0.05413740873336792, 0.05852416530251503, 0.06244547665119171, 0.04643404483795166, 0.06095454469323158, 0.0522819384932518, 0.05641694366931915, 0.0552944540977478, 0.0752604529261589, 0.055880699306726456, 0.05044490471482277, 0.05942346155643463, 0.04691693186759949, 0.049155157059431076, 0.07312390208244324, 0.055275797843933105, 0.05494796857237816, 0.0503835529088974, 0.04228024184703827, 0.06174645945429802, 0.05177931487560272, 0.04698490723967552, 0.04543076828122139, 0.04865913838148117, 0.048393651843070984, 0.07544837892055511, 0.052190348505973816, 0.05125778168439865, 0.05001549422740936, 0.04753128066658974, 0.048504285514354706, 0.062242355197668076, 0.05440974235534668, 0.04483356699347496]"
0,[100],leaky_relu,adam,<keras.src.losses.losses.MeanSquaredError object at 0x73a3d7d3a450>,4,"[0.03155037760734558, 0.03283749520778656, 0.04662120342254639, 0.032620806246995926, 0.039198774844408035, 0.0394119918346405, 0.04041098430752754, 0.041408125311136246, 0.034819427877664566, 0.033395662903785706, 0.03871972858905792, 0.03631091117858887, 0.0993308424949646, 0.035502079874277115]","[10.563197135925293, 5.957889080047607, 5.635733127593994, 5.595075607299805, 5.0795817375183105, 2.9439992904663086, 1.1690484285354614, 0.7631680965423584, 0.6038756966590881, 0.5083482265472412, 0.4187154173851013, 0.35692885518074036, 0.32292312383651733, 0.2982405722141266, 0.26686733961105347, 0.24250528216362, 0.2181551307439804, 0.20866920053958893, 0.18393653631210327, 0.16908711194992065, 0.1586105078458786, 0.15764975547790527, 0.15660573542118073, 0.1425713747739792, 0.14146828651428223, 0.14248940348625183, 0.1369447112083435, 0.1417366862297058, 0.1420896351337433, 0.13484802842140198, 0.13541661202907562, 0.13386023044586182, 0.13949839770793915, 0.1251215934753418, 0.122128926217556, 0.13666604459285736, 0.12099487334489822, 0.12394911795854568, 0.16234847903251648, 0.12189146131277084, 0.12544316053390503, 0.12851905822753906, 0.14540034532546997, 0.1327245533466339, 0.11757329106330872, 0.11437196284532547, 0.12363091111183167, 0.11449965089559555, 0.121889129281044, 0.11772852391004562, 0.11278299242258072, 0.13288646936416626, 0.10722596198320389, 0.10427895188331604, 0.10996487736701965, 0.12064237147569656, 0.0948280543088913, 0.0947728157043457, 0.10058075189590454, 0.09236262738704681, 0.0904245674610138, 0.0816732794046402, 0.07862374186515808, 0.09937277436256409, 0.07919494062662125, 0.06507982313632965, 0.10121190547943115, 0.12413569539785385, 0.07039234042167664, 0.05922923609614372, 0.06745442748069763, 0.058629732578992844, 0.06329375505447388, 0.07332758605480194, 0.060484010726213455, 0.06281532347202301, 0.0687793716788292, 0.09141522645950317, 0.05552111193537712, 0.06366220861673355, 0.05888829752802849, 0.0719933807849884, 0.06103457883000374, 0.06170654296875, 0.06128875911235809, 0.05249704793095589, 0.05867786705493927, 0.052090223878622055, 0.0725182294845581, 0.060897085815668106, 0.056461725383996964, 0.06171366199851036, 0.04846672713756561, 0.05218121036887169, 0.08173403143882751, 0.07312075048685074, 0.05382653698325157, 0.05151471123099327, 0.048814695328474045, 0.05837036669254303, 0.04819624871015549, 0.05227470025420189, 0.0551024004817009, 0.1070777103304863, 0.06742208451032639, 0.05029074475169182, 0.05094077065587044, 0.05536695569753647, 0.046150390058755875, 0.04734976962208748, 0.049091629683971405, 0.050516705960035324, 0.10652218014001846, 0.1375846117734909, 0.04450129345059395, 0.05227409303188324, 0.04824741184711456, 0.0633329451084137, 0.05659414082765579, 0.05619106814265251, 0.050951436161994934, 0.04969792068004608, 0.0710878074169159, 0.12412914633750916, 0.04910910874605179, 0.04805206507444382, 0.05435214936733246, 0.04491977393627167, 0.046423155814409256, 0.04285590350627899, 0.04295238479971886, 0.04840189591050148, 0.05288873612880707, 0.04202936217188835, 0.046987224370241165, 0.04598160460591316, 0.05035414919257164, 0.05020266771316528, 0.0519244484603405, 0.04995114356279373, 0.04081590846180916, 0.04521068185567856, 0.05266789346933365, 0.04727126657962799, 0.0525335855782032, 0.041466012597084045, 0.06057514622807503, 0.05432426556944847, 0.03831431642174721, 0.04452887549996376, 0.048717185854911804, 0.04006465896964073, 0.05114445090293884, 0.03681333363056183, 0.04048849642276764, 0.036150701344013214, 0.03732045367360115, 0.06871876120567322, 0.049914631992578506, 0.04229351878166199, 0.03834773972630501, 0.03387757018208504, 0.04321796074509621, 0.053115006536245346, 0.03577493876218796, 0.0468609556555748, 0.0426039919257164, 0.05569424852728844, 0.04587171971797943, 0.03261131793260574, 0.035296808928251266, 0.03634180128574371, 0.03472694754600525, 0.042933352291584015, 0.042281851172447205, 0.033329423516988754, 0.1075187623500824, 0.03449120372533798, 0.03947369009256363, 0.03348135948181152, 0.034087345004081726, 0.031295545399188995, 0.03155037760734558, 0.03283749520778656, 0.04662120342254639, 0.032620806246995926, 0.039198774844408035, 0.0394119918346405, 0.04041098430752754, 0.041408125311136246, 0.034819427877664566, 0.033395662903785706, 0.03871972858905792, 0.03631091117858887, 0.0993308424949646, 0.035502079874277115, 0.03401557356119156]"
0,[100],leaky_relu,adam,<keras.src.losses.losses.MeanSquaredError object at 0x73a3d7d3a450>,5,"[0.04870251193642616, 0.04636433348059654, 0.05748814344406128, 0.037650708109140396, 0.07396737486124039, 0.04622812569141388, 0.046115443110466, 0.04377766326069832, 0.045788105577230453, 0.052386365830898285, 0.05753020942211151, 0.05059066042304039, 0.04623590037226677, 0.05008067190647125]","[9.933096885681152, 5.996152400970459, 5.588047504425049, 5.477144241333008, 5.237223148345947, 4.647261142730713, 2.9009480476379395, 1.3488763570785522, 0.8875665068626404, 0.6512061357498169, 0.48506197333335876, 0.39463087916374207, 0.34649407863616943, 0.29001766443252563, 0.25671184062957764, 0.23819494247436523, 0.23619426786899567, 0.21216438710689545, 0.21776710450649261, 0.20849023759365082, 0.18839001655578613, 0.18536148965358734, 0.1743738353252411, 0.1695283055305481, 0.16483697295188904, 0.15992730855941772, 0.15803329646587372, 0.16527159512043, 0.16142286360263824, 0.17166253924369812, 0.15305887162685394, 0.14542940258979797, 0.15265165269374847, 0.16436611115932465, 0.1377125084400177, 0.14512842893600464, 0.1583375334739685, 0.13878896832466125, 0.1353885382413864, 0.13444501161575317, 0.13378866016864777, 0.13256330788135529, 0.16991418600082397, 0.1343909204006195, 0.13187700510025024, 0.1299266517162323, 0.1287432163953781, 0.1256408393383026, 0.1295599788427353, 0.12517237663269043, 0.14402972161769867, 0.13385151326656342, 0.13136707246303558, 0.12414714694023132, 0.11946434527635574, 0.12320180982351303, 0.17782384157180786, 0.11991463601589203, 0.12260381132364273, 0.11747327446937561, 0.12092733383178711, 0.13211853802204132, 0.1306799054145813, 0.11734174191951752, 0.12815657258033752, 0.1299700140953064, 0.11345800757408142, 0.10907356441020966, 0.10970475524663925, 0.1165042594075203, 0.11995448172092438, 0.11559782922267914, 0.1157088577747345, 0.1257094293832779, 0.14582213759422302, 0.11682645231485367, 0.11043668538331985, 0.127890482544899, 0.1029222160577774, 0.10028208047151566, 0.10248856991529465, 0.10019896924495697, 0.09556112438440323, 0.0986623466014862, 0.11943602561950684, 0.09916620701551437, 0.09520282596349716, 0.09253762662410736, 0.08971712738275528, 0.09205731749534607, 0.08556483685970306, 0.17539629340171814, 0.09852369874715805, 0.20342598855495453, 0.10169290006160736, 0.08789927512407303, 0.06834762543439865, 0.08153364062309265, 0.06814489513635635, 0.07800346612930298, 0.07572107762098312, 0.05651326850056648, 0.05506499111652374, 0.05729891359806061, 0.05906488373875618, 0.060586266219615936, 0.05332210659980774, 0.04910304769873619, 0.06042056530714035, 0.07531899213790894, 0.04629818722605705, 0.04639822617173195, 0.05134183168411255, 0.053440216928720474, 0.044037699699401855, 0.0840616226196289, 0.047194287180900574, 0.0480157807469368, 0.05012664198875427, 0.04432758688926697, 0.04715988039970398, 0.09095414727926254, 0.07493705302476883, 0.04351397231221199, 0.04276065155863762, 0.07437518239021301, 0.06647452712059021, 0.060784850269556046, 0.04062889516353607, 0.03770821914076805, 0.03607567399740219, 0.04870251193642616, 0.04636433348059654, 0.05748814344406128, 0.037650708109140396, 0.07396737486124039, 0.04622812569141388, 0.046115443110466, 0.04377766326069832, 0.045788105577230453, 0.052386365830898285, 0.05753020942211151, 0.05059066042304039, 0.04623590037226677, 0.05008067190647125, 0.04534591734409332]"
0,[100],leaky_relu,adam,<keras.src.losses.losses.MeanSquaredError object at 0x73a3d7d3a450>,6,"[0.06124274060130119, 0.04965418577194214, 0.05561850592494011, 0.05287598818540573, 0.04690881818532944, 0.05809054151177406, 0.0495503731071949, 0.055396631360054016, 0.06427504122257233, 0.04666474089026451, 0.10094975680112839, 0.06037011370062828, 0.04714270308613777, 0.0459880568087101]","[10.399565696716309, 5.926241874694824, 5.655964374542236, 5.545668125152588, 5.437081336975098, 4.976763725280762, 2.432859182357788, 0.9656627178192139, 0.6215628385543823, 0.4613610804080963, 0.4014213979244232, 0.3526975214481354, 0.3270001709461212, 0.3064919114112854, 0.2870524227619171, 0.2989984452724457, 0.2586873471736908, 0.24782265722751617, 0.21593017876148224, 0.20474563539028168, 0.192975252866745, 0.19091621041297913, 0.18662869930267334, 0.17533639073371887, 0.17207857966423035, 0.16180257499217987, 0.15823112428188324, 0.157059907913208, 0.1492352932691574, 0.1471143513917923, 0.21782071888446808, 0.16234590113162994, 0.139155775308609, 0.135775625705719, 0.1478956639766693, 0.13376924395561218, 0.18158476054668427, 0.1288042813539505, 0.12254691123962402, 0.12267282605171204, 0.12488964945077896, 0.18564407527446747, 0.12836064398288727, 0.11897662281990051, 0.11839527636766434, 0.1081019788980484, 0.12654340267181396, 0.11614256352186203, 0.10792799293994904, 0.09914364665746689, 0.10896119475364685, 0.0946073904633522, 0.107054203748703, 0.09769900888204575, 0.11273496598005295, 0.08686444908380508, 0.08504944294691086, 0.11518147587776184, 0.08008738607168198, 0.13955579698085785, 0.10429302603006363, 0.08389080315828323, 0.07821354269981384, 0.0756731778383255, 0.06421246379613876, 0.06861347705125809, 0.07613461464643478, 0.07406406849622726, 0.05709949508309364, 0.08715501427650452, 0.05580689013004303, 0.05725514888763428, 0.06637782603502274, 0.06554579734802246, 0.07460689544677734, 0.06028348207473755, 0.10641030967235565, 0.07439658790826797, 0.05742734670639038, 0.07103894650936127, 0.07589029520750046, 0.051943566650152206, 0.0612281896173954, 0.05629889667034149, 0.05616180598735809, 0.06270122528076172, 0.04937524348497391, 0.053873661905527115, 0.06195269525051117, 0.05206408351659775, 0.0812498927116394, 0.06998893618583679, 0.061075132340192795, 0.07523955404758453, 0.05713620409369469, 0.08409019559621811, 0.04271683469414711, 0.06124274060130119, 0.04965418577194214, 0.05561850592494011, 0.05287598818540573, 0.04690881818532944, 0.05809054151177406, 0.0495503731071949, 0.055396631360054016, 0.06427504122257233, 0.04666474089026451, 0.10094975680112839, 0.06037011370062828, 0.04714270308613777, 0.0459880568087101, 0.047130413353443146]"
0,[100],leaky_relu,adam,<keras.src.losses.losses.MeanSquaredError object at 0x73a3d7d3a450>,7,"[0.02914135903120041, 0.03962155804038048, 0.03824643790721893, 0.03024062141776085, 0.030451221391558647, 0.02878742106258869, 0.04939938709139824, 0.0398799367249012, 0.041186172515153885, 0.03605040907859802, 0.03509870544075966, 0.04680422320961952, 0.0870831310749054, 0.032594725489616394]","[11.614959716796875, 6.10582160949707, 5.511232376098633, 5.219377517700195, 4.463717937469482, 2.2300891876220703, 1.1248294115066528, 0.7816498875617981, 0.5778716802597046, 0.4746074676513672, 0.4057239294052124, 0.3540228307247162, 0.3228490352630615, 0.2955785095691681, 0.2724381685256958, 0.2596629858016968, 0.23992647230625153, 0.23261287808418274, 0.22035594284534454, 0.2101340889930725, 0.19911032915115356, 0.19214485585689545, 0.18166601657867432, 0.17703920602798462, 0.1770385503768921, 0.16721823811531067, 0.15698270499706268, 0.15218904614448547, 0.18135032057762146, 0.14382053911685944, 0.14294740557670593, 0.13972675800323486, 0.13841599225997925, 0.13606920838356018, 0.13078682124614716, 0.13813427090644836, 0.13525743782520294, 0.12418891489505768, 0.12515346705913544, 0.11787332594394684, 0.12514367699623108, 0.1164887323975563, 0.1162259578704834, 0.12156128883361816, 0.11048649996519089, 0.1475927233695984, 0.1035732552409172, 0.10436773300170898, 0.1026860773563385, 0.10182520747184753, 0.09476848691701889, 0.09644345194101334, 0.09307029843330383, 0.0936414897441864, 0.08474065363407135, 0.08423382043838501, 0.09625103324651718, 0.07918351888656616, 0.0797697976231575, 0.09183124452829361, 0.10115958005189896, 0.0952305719256401, 0.0733271986246109, 0.07008770108222961, 0.08768345415592194, 0.09181427955627441, 0.07536295801401138, 0.0651586726307869, 0.0747617855668068, 0.0662844181060791, 0.07864945381879807, 0.0940927118062973, 0.06547170877456665, 0.06358285248279572, 0.07298807799816132, 0.06971791386604309, 0.06516394019126892, 0.0595061257481575, 0.059830062091350555, 0.05434918776154518, 0.060512203723192215, 0.05757497251033783, 0.06485234200954437, 0.05999210104346275, 0.058894798159599304, 0.054182589054107666, 0.05381148308515549, 0.04892655834555626, 0.057454220950603485, 0.056253790855407715, 0.10384681820869446, 0.06011107191443443, 0.04994930326938629, 0.0492761991918087, 0.05112449824810028, 0.04983784258365631, 0.05024959146976471, 0.046374596655368805, 0.05740564316511154, 0.04912451282143593, 0.05014723539352417, 0.05182511731982231, 0.05671289190649986, 0.06985677778720856, 0.050649359822273254, 0.060021333396434784, 0.049947381019592285, 0.06462987512350082, 0.04280835762619972, 0.05889081209897995, 0.048964790999889374, 0.047190792858600616, 0.046662911772727966, 0.047881945967674255, 0.0865592211484909, 0.05789187178015709, 0.04314323142170906, 0.046007849276065826, 0.04626823589205742, 0.05671759322285652, 0.03924066573381424, 0.041485078632831573, 0.1182970181107521, 0.04141223803162575, 0.048610083758831024, 0.0477888286113739, 0.0400511771440506, 0.04611670970916748, 0.05563639849424362, 0.06061959266662598, 0.04009269177913666, 0.043652962893247604, 0.040022555738687515, 0.03587048128247261, 0.04542376101016998, 0.04427092522382736, 0.04458943009376526, 0.042279861867427826, 0.051642172038555145, 0.04068654775619507, 0.037006426602602005, 0.045893870294094086, 0.04470117390155792, 0.042454611510038376, 0.06874488294124603, 0.04389260336756706, 0.03815701976418495, 0.035497087985277176, 0.04232139140367508, 0.03830726817250252, 0.04072311520576477, 0.03962939232587814, 0.032830942422151566, 0.03413376212120056, 0.03248614817857742, 0.035822637379169464, 0.034995026886463165, 0.03143468499183655, 0.03522427752614021, 0.040655799210071564, 0.033950913697481155, 0.036423325538635254, 0.06763160228729248, 0.09677650034427643, 0.05722201615571976, 0.03536791726946831, 0.03479157015681267, 0.03382879123091698, 0.030610941350460052, 0.035995036363601685, 0.040124230086803436, 0.03246556222438812, 0.03579658642411232, 0.041612036526203156, 0.04762775078415871, 0.03353331610560417, 0.029627054929733276, 0.03042721375823021, 0.02733045071363449, 0.02914135903120041, 0.03962155804038048, 0.03824643790721893, 0.03024062141776085, 0.030451221391558647, 0.02878742106258869, 0.04939938709139824, 0.0398799367249012, 0.041186172515153885, 0.03605040907859802, 0.03509870544075966, 0.04680422320961952, 0.0870831310749054, 0.032594725489616394, 0.04932146519422531]"
0,[100],leaky_relu,nadam,<keras.src.losses.losses.MeanSquaredError object at 0x73a3d7d3a450>,1,"[5.671422958374023, 5.609462261199951, 5.651044845581055, 5.609461784362793, 5.594105243682861, 5.625690460205078, 5.727548599243164, 5.837450981140137, 5.590826034545898, 5.5977959632873535, 5.5870490074157715, 5.593259334564209, 5.693265438079834, 5.600627422332764]","[7.525850772857666, 5.841699600219727, 5.60736608505249, 5.588873863220215, 5.627704620361328, 5.597929954528809, 5.6362786293029785, 5.589939594268799, 5.57528018951416, 5.584861755371094, 5.595762252807617, 5.588006973266602, 5.606575012207031, 5.6901092529296875, 5.668767929077148, 5.608729839324951, 5.649518966674805, 5.571375846862793, 5.671422958374023, 5.609462261199951, 5.651044845581055, 5.609461784362793, 5.594105243682861, 5.625690460205078, 5.727548599243164, 5.837450981140137, 5.590826034545898, 5.5977959632873535, 5.5870490074157715, 5.593259334564209, 5.693265438079834, 5.600627422332764, 5.660255432128906]"
0,[100],leaky_relu,nadam,<keras.src.losses.losses.MeanSquaredError object at 0x73a3d7d3a450>,2,"[0.12179361283779144, 0.2135954052209854, 0.14293676614761353, 0.1271338164806366, 0.13818396627902985, 0.25996822118759155, 0.18985532224178314, 0.18878749012947083, 0.15478192269802094, 0.1216428279876709, 0.3412764370441437, 0.1320553421974182, 0.121608205139637, 0.16032280027866364]","[7.390058517456055, 5.746801376342773, 5.612721920013428, 5.593947410583496, 5.5259881019592285, 5.284033298492432, 3.73221492767334, 1.156500220298767, 0.6854311227798462, 0.5179043412208557, 0.41384875774383545, 0.3840491771697998, 0.6058821082115173, 0.2815925180912018, 0.2577281594276428, 0.37785395979881287, 0.23306232690811157, 0.23647814989089966, 0.26157647371292114, 0.20367449522018433, 0.30150580406188965, 0.18444207310676575, 0.20132523775100708, 0.1897699236869812, 0.19408324360847473, 0.21813417971134186, 0.1650329828262329, 0.21486428380012512, 0.18592311441898346, 0.16658444702625275, 0.21339644491672516, 0.16256526112556458, 0.14564546942710876, 0.3031649887561798, 0.13127116858959198, 0.1497860699892044, 0.5987588167190552, 0.12988942861557007, 0.130850687623024, 0.13064679503440857, 0.23596078157424927, 0.12765705585479736, 0.1316078007221222, 0.12576134502887726, 0.12921282649040222, 0.13256719708442688, 0.3371615409851074, 0.12911146879196167, 0.12142186611890793, 0.12179361283779144, 0.2135954052209854, 0.14293676614761353, 0.1271338164806366, 0.13818396627902985, 0.25996822118759155, 0.18985532224178314, 0.18878749012947083, 0.15478192269802094, 0.1216428279876709, 0.3412764370441437, 0.1320553421974182, 0.121608205139637, 0.16032280027866364, 0.15817983448505402]"
0,[100],leaky_relu,nadam,<keras.src.losses.losses.MeanSquaredError object at 0x73a3d7d3a450>,3,"[0.14004355669021606, 0.14290103316307068, 0.5664814710617065, 0.12564784288406372, 0.14566422998905182, 0.30943170189857483, 0.1439254879951477, 0.17034488916397095, 0.1607683002948761, 0.16592057049274445, 0.16894036531448364, 0.13043925166130066, 0.21780771017074585, 0.15576483309268951]","[7.374033451080322, 5.640324115753174, 5.564387798309326, 5.5405592918396, 5.476683616638184, 5.31564998626709, 4.9149370193481445, 3.406601905822754, 1.5429555177688599, 1.0377254486083984, 0.6107112169265747, 0.4804767370223999, 0.4709456264972687, 0.32861825823783875, 0.7582418918609619, 0.2679085433483124, 0.25031620264053345, 0.25293147563934326, 0.24247026443481445, 0.21848854422569275, 0.21841172873973846, 0.24721640348434448, 0.20325762033462524, 0.35987359285354614, 0.1853475570678711, 0.18065224587917328, 0.30561158061027527, 0.17164921760559082, 0.407917857170105, 0.18497562408447266, 0.17074912786483765, 0.22123168408870697, 0.17588485777378082, 0.20335134863853455, 0.15421977639198303, 0.15906386077404022, 0.24532157182693481, 0.1463315337896347, 0.15250086784362793, 0.22002114355564117, 0.16524487733840942, 0.1415063589811325, 0.31170642375946045, 0.13543576002120972, 0.16594399511814117, 0.14542068541049957, 0.1357058733701706, 0.1492696851491928, 0.14400649070739746, 0.21469688415527344, 0.13269701600074768, 0.13234588503837585, 0.14787091314792633, 0.3822181820869446, 0.12999090552330017, 0.13921144604682922, 0.3366135358810425, 0.17636194825172424, 0.1505361944437027, 0.13316376507282257, 0.3046192526817322, 0.1286078840494156, 0.12304583936929703, 0.17888019979000092, 0.22094857692718506, 0.12683570384979248, 0.13176274299621582, 0.15001550316810608, 0.3503551483154297, 0.1281554251909256, 0.12242697179317474, 0.14004355669021606, 0.14290103316307068, 0.5664814710617065, 0.12564784288406372, 0.14566422998905182, 0.30943170189857483, 0.1439254879951477, 0.17034488916397095, 0.1607683002948761, 0.16592057049274445, 0.16894036531448364, 0.13043925166130066, 0.21780771017074585, 0.15576483309268951, 0.1466759592294693]"
0,[100],leaky_relu,nadam,<keras.src.losses.losses.MeanSquaredError object at 0x73a3d7d3a450>,4,"[0.16089841723442078, 0.210972860455513, 0.14543558657169342, 0.14127962291240692, 0.15794260799884796, 0.2583380937576294, 0.15025049448013306, 0.164110004901886, 0.18680022656917572, 0.1694914549589157, 0.14677532017230988, 0.19753628969192505, 0.2295495718717575, 0.15536683797836304]","[7.166131973266602, 5.6878862380981445, 5.612849712371826, 5.572244167327881, 5.566353797912598, 5.576719284057617, 5.597433090209961, 5.336668014526367, 4.993988037109375, 2.687001943588257, 1.0268044471740723, 0.6332741975784302, 0.4741264879703522, 0.4312145411968231, 0.5119020342826843, 0.3508628308773041, 0.322308212518692, 0.4516656696796417, 0.2929418981075287, 0.26592978835105896, 0.3482198715209961, 0.24075934290885925, 0.22204798460006714, 0.21304729580879211, 0.21281686425209045, 0.2201179713010788, 0.24642713367938995, 0.18745964765548706, 0.2342468649148941, 0.18078336119651794, 0.1643984615802765, 0.1620214730501175, 0.2915877103805542, 0.16664676368236542, 0.15248145163059235, 0.16355013847351074, 0.19046488404273987, 0.21973110735416412, 0.16657976806163788, 0.20221079885959625, 0.15874184668064117, 0.19580285251140594, 0.21840015053749084, 0.18267586827278137, 0.1410636305809021, 0.16089841723442078, 0.210972860455513, 0.14543558657169342, 0.14127962291240692, 0.15794260799884796, 0.2583380937576294, 0.15025049448013306, 0.164110004901886, 0.18680022656917572, 0.1694914549589157, 0.14677532017230988, 0.19753628969192505, 0.2295495718717575, 0.15536683797836304, 0.14396236836910248]"
0,[100],leaky_relu,nadam,<keras.src.losses.losses.MeanSquaredError object at 0x73a3d7d3a450>,5,"[0.07679197192192078, 0.41772744059562683, 0.04711983725428581, 0.048325199633836746, 0.1620822548866272, 0.08173415809869766, 0.057773325592279434, 0.08768802136182785, 0.13056537508964539, 0.07498345524072647, 0.07996612787246704, 0.16081778705120087, 0.05256031081080437, 0.04754798859357834]","[6.682720184326172, 5.583229064941406, 5.4551801681518555, 5.1764817237854, 3.921658515930176, 1.3236908912658691, 0.8053595423698425, 0.5963254570960999, 0.4762457609176636, 0.4301241338253021, 0.3909134566783905, 0.3578510284423828, 0.41186296939849854, 0.3317682147026062, 0.3204197287559509, 0.3145138919353485, 0.347692608833313, 0.30754753947257996, 0.30972182750701904, 0.27581778168678284, 0.29764994978904724, 0.2845473289489746, 0.36287301778793335, 0.21376219391822815, 0.20593716204166412, 0.2946570813655853, 0.18720732629299164, 0.18514104187488556, 0.24563497304916382, 0.1817360371351242, 0.23285943269729614, 0.17514149844646454, 0.15969443321228027, 0.15599890053272247, 0.19171860814094543, 0.15539619326591492, 0.15098118782043457, 0.25446629524230957, 0.13874082267284393, 0.15698803961277008, 0.31687986850738525, 0.15817482769489288, 0.13163647055625916, 0.1288803219795227, 0.8152521848678589, 0.13142432272434235, 0.13509733974933624, 0.12729960680007935, 0.21992121636867523, 0.17975248396396637, 0.13378959894180298, 0.12462244927883148, 0.37943050265312195, 0.12989278137683868, 0.13386410474777222, 0.11186262965202332, 0.2796076536178589, 0.11055643856525421, 0.11036357283592224, 0.19462738931179047, 0.2519771158695221, 0.10904666781425476, 0.11032509058713913, 0.20636819303035736, 0.1400921791791916, 0.11680103838443756, 0.29695308208465576, 0.12499875575304031, 0.11045181006193161, 0.09020242094993591, 0.12780708074569702, 0.15662448108196259, 0.08291307091712952, 0.06866727769374847, 0.1068052127957344, 0.19319534301757812, 0.0849311426281929, 0.08179453760385513, 0.07213478535413742, 0.22762472927570343, 0.08866974711418152, 0.046211712062358856, 0.05161988362669945, 0.06811872124671936, 0.23805218935012817, 0.046840399503707886, 0.044708579778671265, 0.0480208694934845, 0.40066519379615784, 0.1814742088317871, 0.042470939457416534, 0.04607103392481804, 0.043793659657239914, 0.05303891748189926, 0.22181491553783417, 0.0454057976603508, 0.04166354238986969, 0.07679197192192078, 0.41772744059562683, 0.04711983725428581, 0.048325199633836746, 0.1620822548866272, 0.08173415809869766, 0.057773325592279434, 0.08768802136182785, 0.13056537508964539, 0.07498345524072647, 0.07996612787246704, 0.16081778705120087, 0.05256031081080437, 0.04754798859357834, 0.1265135407447815]"
0,[100],leaky_relu,nadam,<keras.src.losses.losses.MeanSquaredError object at 0x73a3d7d3a450>,6,"[0.04446559399366379, 0.047349631786346436, 0.30899617075920105, 0.051956936717033386, 0.043581388890743256, 0.04341470077633858, 0.04381345212459564, 0.1634317934513092, 0.0870339572429657, 0.044456977397203445, 0.0459761768579483, 0.06716824322938919, 0.3125014901161194, 0.055381909012794495]","[7.210601806640625, 5.586979389190674, 5.470297336578369, 5.212615013122559, 3.83672833442688, 1.203987956047058, 0.6596711277961731, 0.6125451922416687, 0.3983025550842285, 0.5039949417114258, 0.29932695627212524, 0.3267308473587036, 0.29893195629119873, 0.3277586102485657, 0.2205892950296402, 0.37795713543891907, 0.2033042013645172, 0.17909836769104004, 0.3785259425640106, 0.16343943774700165, 0.15499049425125122, 0.17088215053081512, 0.2749229967594147, 0.18127384781837463, 0.209560826420784, 0.37744253873825073, 0.13980218768119812, 0.14101369678974152, 0.17125743627548218, 0.43043580651283264, 0.14768651127815247, 0.12657304108142853, 0.15018679201602936, 0.4065922498703003, 0.13423101603984833, 0.13218995928764343, 0.1251251995563507, 0.30360469222068787, 0.14292681217193604, 0.1231747567653656, 0.12012314796447754, 0.26707375049591064, 0.11422606557607651, 0.1094907894730568, 0.10511317849159241, 0.1662115901708603, 0.507268488407135, 0.1020590290427208, 0.11428104341030121, 0.10880479216575623, 0.4334762394428253, 0.09575219452381134, 0.1006779745221138, 0.09833356738090515, 0.3487901985645294, 0.09060671180486679, 0.10479225963354111, 0.12547749280929565, 0.24753957986831665, 0.08577430993318558, 0.09460560977458954, 0.07524683326482773, 0.1426161825656891, 0.1621522605419159, 0.08231411129236221, 0.07997599989175797, 0.21968992054462433, 0.10513605922460556, 0.0972801148891449, 0.09795549511909485, 0.09432611614465714, 0.08682753145694733, 0.1648365557193756, 0.15982694923877716, 0.0693449005484581, 0.0543367825448513, 0.11228688806295395, 0.08954709023237228, 0.05728588625788689, 0.12785638868808746, 0.11289450526237488, 0.10623053461313248, 0.18570910394191742, 0.05176004022359848, 0.06645628809928894, 0.15928396582603455, 0.062281474471092224, 0.05691533535718918, 0.047868624329566956, 0.2767457962036133, 0.06254586577415466, 0.055450234562158585, 0.07076603919267654, 0.21077899634838104, 0.059685323387384415, 0.05108564719557762, 0.04845311865210533, 0.374345988035202, 0.05355432257056236, 0.047496747225522995, 0.05267699807882309, 0.48291099071502686, 0.049013521522283554, 0.044077176600694656, 0.04987858235836029, 0.0566069632768631, 0.13031382858753204, 0.05415870249271393, 0.05933069437742233, 0.13480150699615479, 0.09583122283220291, 0.05647391825914383, 0.059068236500024796, 0.10262127220630646, 0.10932870954275131, 0.040128011256456375, 0.04446559399366379, 0.047349631786346436, 0.30899617075920105, 0.051956936717033386, 0.043581388890743256, 0.04341470077633858, 0.04381345212459564, 0.1634317934513092, 0.0870339572429657, 0.044456977397203445, 0.0459761768579483, 0.06716824322938919, 0.3125014901161194, 0.055381909012794495, 0.07582034170627594]"
0,[100],leaky_relu,nadam,<keras.src.losses.losses.MeanSquaredError object at 0x73a3d7d3a450>,7,"[0.06472712010145187, 0.07711439579725266, 0.17893508076667786, 0.03662242367863655, 0.036649465560913086, 0.11305860430002213, 0.08379581570625305, 0.03562748059630394, 0.08108894526958466, 0.19037042558193207, 0.03890301287174225, 0.0352461114525795, 0.04178996384143829, 0.3158501386642456]","[7.438714027404785, 5.675253391265869, 5.5624542236328125, 5.473118305206299, 5.186983585357666, 4.249155044555664, 2.3793232440948486, 1.150077223777771, 0.783534049987793, 0.5830146074295044, 0.4735085070133209, 0.35488951206207275, 0.7091567516326904, 0.3074382245540619, 0.3204198181629181, 0.5423951148986816, 0.21627026796340942, 0.2267097681760788, 0.24687178432941437, 0.24676071107387543, 0.1828950196504593, 0.21440373361110687, 0.28074032068252563, 0.18093356490135193, 0.19465725123882294, 0.22224770486354828, 0.1947488635778427, 0.19185024499893188, 0.1443086862564087, 0.17375418543815613, 0.15418139100074768, 0.1748507171869278, 0.13016033172607422, 0.13812589645385742, 0.17218460142612457, 0.15129075944423676, 0.16660350561141968, 0.15100650489330292, 0.20515725016593933, 0.18147951364517212, 0.12573105096817017, 0.11416026949882507, 0.21879442036151886, 0.10459063947200775, 0.1017032191157341, 0.1563887894153595, 0.19053465127944946, 0.09597444534301758, 0.09258045256137848, 0.20330150425434113, 0.13837553560733795, 0.08529200404882431, 0.08131645619869232, 0.33125022053718567, 0.08963894098997116, 0.06892280280590057, 0.07552066445350647, 0.196092426776886, 0.08999329060316086, 0.07406667619943619, 0.0927322506904602, 0.1680501103401184, 0.14659181237220764, 0.06324667483568192, 0.05321188643574715, 0.056806035339832306, 0.20899905264377594, 0.06986519694328308, 0.05448062717914581, 0.057590290904045105, 0.06486591696739197, 0.11263099312782288, 0.08702094852924347, 0.05689331516623497, 0.07193140685558319, 0.20305286347866058, 0.08506778627634048, 0.050584323704242706, 0.06205131113529205, 0.2536756098270416, 0.07171586155891418, 0.10103803128004074, 0.10304000973701477, 0.06414312869310379, 0.06076526641845703, 0.3535744249820709, 0.04855293780565262, 0.04772162064909935, 0.051224496215581894, 0.11487199366092682, 0.10174395889043808, 0.0432988665997982, 0.04681214690208435, 0.11370436102151871, 0.09078467637300491, 0.04468490183353424, 0.042460765689611435, 0.056178536266088486, 0.42509597539901733, 0.04265214130282402, 0.04316067695617676, 0.052199363708496094, 0.1084878072142601, 0.10055649280548096, 0.04781375080347061, 0.04887684807181358, 0.16705116629600525, 0.055357929319143295, 0.049583062529563904, 0.039801254868507385, 0.08131694048643112, 0.17678424715995789, 0.04486662149429321, 0.043666694313287735, 0.03837699815630913, 0.05621766299009323, 0.3585700988769531, 0.043586183339357376, 0.042379770427942276, 0.03910898417234421, 0.06698714196681976, 0.5863450169563293, 0.04242806136608124, 0.03613276779651642, 0.04557481408119202, 0.039697494357824326, 0.1171543300151825, 0.05891954153776169, 0.03851268067955971, 0.05636078864336014, 0.11303871124982834, 0.05096179619431496, 0.040094513446092606, 0.03833325207233429, 0.08107109367847443, 0.1710304617881775, 0.03456689044833183, 0.10896416753530502, 0.07509996742010117, 0.17528067529201508, 0.03744446486234665, 0.04370570555329323, 0.060013651847839355, 0.385357528924942, 0.03893716633319855, 0.032236527651548386, 0.06472712010145187, 0.07711439579725266, 0.17893508076667786, 0.03662242367863655, 0.036649465560913086, 0.11305860430002213, 0.08379581570625305, 0.03562748059630394, 0.08108894526958466, 0.19037042558193207, 0.03890301287174225, 0.0352461114525795, 0.04178996384143829, 0.3158501386642456, 0.04000242054462433]"
0,[100],leaky_relu,adamw,<keras.src.losses.losses.MeanSquaredError object at 0x73a3d7d3a450>,1,"[5.597158432006836, 5.5920867919921875, 5.584024429321289, 5.572780132293701, 5.643704891204834, 5.608977794647217, 5.652134895324707, 5.603440284729004, 5.5920281410217285, 5.71221923828125, 5.616504192352295, 5.597121238708496, 5.596711158752441, 5.584888935089111]","[11.823978424072266, 6.0669097900390625, 5.635031700134277, 5.6173553466796875, 5.613985061645508, 5.684595108032227, 5.622602939605713, 5.60076379776001, 5.624700546264648, 5.628977298736572, 5.60076379776001, 5.671663284301758, 5.641928672790527, 5.590732097625732, 5.588425636291504, 5.642776966094971, 5.587261199951172, 5.6001152992248535, 5.61411714553833, 5.621644020080566, 5.57269811630249, 5.613737106323242, 5.581214904785156, 5.5722150802612305, 5.607800006866455, 5.618393898010254, 5.571601867675781, 5.597158432006836, 5.5920867919921875, 5.584024429321289, 5.572780132293701, 5.643704891204834, 5.608977794647217, 5.652134895324707, 5.603440284729004, 5.5920281410217285, 5.71221923828125, 5.616504192352295, 5.597121238708496, 5.596711158752441, 5.584888935089111, 5.578501224517822]"
0,[100],leaky_relu,adamw,<keras.src.losses.losses.MeanSquaredError object at 0x73a3d7d3a450>,2,"[0.12612970173358917, 0.12110844999551773, 0.12380430102348328, 0.12753157317638397, 0.12220712751150131, 0.12268248200416565, 0.12640705704689026, 0.12744168937206268, 0.12543970346450806, 0.11750928312540054, 0.12588153779506683, 0.11568793654441833, 0.1921270489692688, 0.12359461188316345]","[11.669438362121582, 6.040771961212158, 5.716135501861572, 5.62659215927124, 5.597745895385742, 5.590018272399902, 5.594814777374268, 5.56329870223999, 5.626357078552246, 5.530198097229004, 5.497673988342285, 5.2034831047058105, 3.8694241046905518, 4.2851691246032715, 1.2952818870544434, 0.9052411317825317, 0.5413715243339539, 0.5026890635490417, 0.42068278789520264, 0.4000492990016937, 0.3849078118801117, 0.3557778000831604, 0.35915809869766235, 0.3320094347000122, 0.33258891105651855, 0.3129497468471527, 0.3106347620487213, 0.3087792992591858, 0.2888088524341583, 0.3212759792804718, 0.277711421251297, 0.29803112149238586, 0.2635287940502167, 0.25717586278915405, 0.2677544951438904, 0.24863587319850922, 0.23772045969963074, 0.24196764826774597, 0.23842120170593262, 0.2293984591960907, 0.2210923582315445, 0.21807506680488586, 0.20920702815055847, 0.2199910432100296, 0.21078038215637207, 0.19796122610569, 0.1896299570798874, 0.19370995461940765, 0.1810930073261261, 0.20563465356826782, 0.19858866930007935, 0.20213203132152557, 0.19355052709579468, 0.1712198108434677, 0.16485197842121124, 0.16333110630512238, 0.16013197600841522, 0.15289908647537231, 0.15199415385723114, 0.1532648503780365, 0.1485167294740677, 0.1482362151145935, 0.14756132662296295, 0.20424506068229675, 0.14505641162395477, 0.14418312907218933, 0.14931374788284302, 0.1382865160703659, 0.14979729056358337, 0.13454756140708923, 0.14653629064559937, 0.15929102897644043, 0.1444142460823059, 0.13292671740055084, 0.14168553054332733, 0.1545606106519699, 0.1654653698205948, 0.1276516318321228, 0.1360546499490738, 0.13657791912555695, 0.12705786526203156, 0.42767423391342163, 0.1341172605752945, 0.13099020719528198, 0.13178637623786926, 0.12301068753004074, 0.13375690579414368, 0.1299562305212021, 0.12197106331586838, 0.12070659548044205, 0.1274571418762207, 0.14849942922592163, 0.1759907454252243, 0.12248437851667404, 0.1253780573606491, 0.11951027810573578, 0.12756723165512085, 0.12602733075618744, 0.13209077715873718, 0.2723463475704193, 0.13872785866260529, 0.12082019448280334, 0.11878923326730728, 0.11853574216365814, 0.11535404622554779, 0.12612970173358917, 0.12110844999551773, 0.12380430102348328, 0.12753157317638397, 0.12220712751150131, 0.12268248200416565, 0.12640705704689026, 0.12744168937206268, 0.12543970346450806, 0.11750928312540054, 0.12588153779506683, 0.11568793654441833, 0.1921270489692688, 0.12359461188316345, 0.11770543456077576]"
0,[100],leaky_relu,adamw,<keras.src.losses.losses.MeanSquaredError object at 0x73a3d7d3a450>,3,"[0.11266244947910309, 0.12779287993907928, 0.12171975523233414, 0.12661802768707275, 0.13042879104614258, 0.15909117460250854, 0.12147937715053558, 0.12966731190681458, 0.11938471347093582, 0.11194446682929993, 0.14316178858280182, 0.12568950653076172, 0.13614171743392944, 0.12566955387592316]","[11.757917404174805, 6.0168938636779785, 5.625139236450195, 5.58893346786499, 5.569449424743652, 5.526553153991699, 5.470839977264404, 5.224220275878906, 3.98836088180542, 2.2990291118621826, 0.8277164101600647, 0.7965607047080994, 0.5771439671516418, 0.36498141288757324, 0.553832471370697, 0.3246704638004303, 0.28187328577041626, 0.24297568202018738, 0.2449217587709427, 0.21656276285648346, 0.3466513752937317, 0.18953779339790344, 0.18057729303836823, 0.17586493492126465, 0.16797606647014618, 0.17456895112991333, 0.18331025540828705, 0.18756641447544098, 0.16069923341274261, 0.1847490668296814, 0.1516360640525818, 0.14680039882659912, 0.1506449431180954, 0.14265751838684082, 0.139457106590271, 0.14328473806381226, 0.15550120174884796, 0.1317247450351715, 0.1382104605436325, 0.16793209314346313, 0.13635143637657166, 0.13134676218032837, 0.13783322274684906, 0.15750248730182648, 0.21182897686958313, 0.12894310057163239, 0.22753626108169556, 0.23163795471191406, 0.1275867074728012, 0.1235145851969719, 0.1284971535205841, 0.12248117476701736, 0.1386687308549881, 0.13100159168243408, 0.13363341987133026, 0.12032471597194672, 0.12511597573757172, 0.12628532946109772, 0.12454400956630707, 0.1243707463145256, 0.12115024030208588, 0.11926311999559402, 0.12236335873603821, 0.12623007595539093, 0.1368444710969925, 0.11692950129508972, 0.11613310873508453, 0.13203567266464233, 0.1420324444770813, 0.13963240385055542, 0.11996376514434814, 0.12718945741653442, 0.12823635339736938, 0.13665111362934113, 0.12132157385349274, 0.1263093501329422, 0.11758940666913986, 0.1373511701822281, 0.12572355568408966, 0.1148756593465805, 0.12824487686157227, 0.1113257110118866, 0.11266244947910309, 0.12779287993907928, 0.12171975523233414, 0.12661802768707275, 0.13042879104614258, 0.15909117460250854, 0.12147937715053558, 0.12966731190681458, 0.11938471347093582, 0.11194446682929993, 0.14316178858280182, 0.12568950653076172, 0.13614171743392944, 0.12566955387592316, 0.1117115318775177]"
0,[100],leaky_relu,adamw,<keras.src.losses.losses.MeanSquaredError object at 0x73a3d7d3a450>,4,"[0.05526678264141083, 0.05649466812610626, 0.056291136890649796, 0.06956083327531815, 0.05935625359416008, 0.06341865658760071, 0.06094270199537277, 0.08943620324134827, 0.0680788904428482, 0.05405590310692787, 0.054848894476890564, 0.056269869208335876, 0.05560106039047241, 0.06073904037475586]","[11.64670467376709, 6.099727630615234, 5.665868759155273, 5.5143513679504395, 5.249517440795898, 4.125567436218262, 1.6658879518508911, 0.8749998211860657, 0.6195520758628845, 0.4626048505306244, 0.39173007011413574, 0.3366360068321228, 0.30691656470298767, 0.2863178253173828, 0.2584821879863739, 0.2538679838180542, 0.21712014079093933, 0.2188846468925476, 0.2149278223514557, 0.19627118110656738, 0.1783326119184494, 0.17585217952728271, 0.1705041378736496, 0.15871688723564148, 0.1930762231349945, 0.16032759845256805, 0.14947715401649475, 0.14342094957828522, 0.13886557519435883, 0.155197873711586, 0.13727016746997833, 0.15842574834823608, 0.16330106556415558, 0.13296489417552948, 0.13214200735092163, 0.12421020120382309, 0.12674272060394287, 0.12865708768367767, 0.12382989376783371, 0.11576826125383377, 0.12040726095438004, 0.12222670018672943, 0.1114475429058075, 0.12606993317604065, 0.1151680126786232, 0.09982185810804367, 0.10709349811077118, 0.10137837380170822, 0.11652334779500961, 0.1094004437327385, 0.09177912771701813, 0.1306217759847641, 0.10731138288974762, 0.09011592715978622, 0.10288155823945999, 0.07690918445587158, 0.092313751578331, 0.08625885844230652, 0.07805059105157852, 0.07474087178707123, 0.07048627734184265, 0.09263449162244797, 0.06662516295909882, 0.0689050480723381, 0.06150494143366814, 0.07066663354635239, 0.07238665968179703, 0.07134862244129181, 0.07661199569702148, 0.1261412501335144, 0.06066420301795006, 0.09602200984954834, 0.09334494918584824, 0.08588894456624985, 0.06855836510658264, 0.06148938462138176, 0.07752764225006104, 0.06454741209745407, 0.05997500196099281, 0.06608285009860992, 0.05598762258887291, 0.058625444769859314, 0.06461826711893082, 0.06589021533727646, 0.13114596903324127, 0.06373516470193863, 0.06743022799491882, 0.06051111966371536, 0.0591147281229496, 0.058475248515605927, 0.054610297083854675, 0.06558340042829514, 0.06384069472551346, 0.054445549845695496, 0.07267282158136368, 0.06495293974876404, 0.056787677109241486, 0.06793869286775589, 0.08744592219591141, 0.06733798235654831, 0.054066482931375504, 0.06979979574680328, 0.07596942782402039, 0.05978667736053467, 0.0677308738231659, 0.050280168652534485, 0.05526678264141083, 0.05649466812610626, 0.056291136890649796, 0.06956083327531815, 0.05935625359416008, 0.06341865658760071, 0.06094270199537277, 0.08943620324134827, 0.0680788904428482, 0.05405590310692787, 0.054848894476890564, 0.056269869208335876, 0.05560106039047241, 0.06073904037475586, 0.07074084877967834]"
0,[100],leaky_relu,adamw,<keras.src.losses.losses.MeanSquaredError object at 0x73a3d7d3a450>,5,"[0.059265561401844025, 0.11692443490028381, 0.051008984446525574, 0.055200524628162384, 0.08124283701181412, 0.12287705391645432, 0.048818666487932205, 0.08581629395484924, 0.06749553978443146, 0.04977807030081749, 0.09191115200519562, 0.05455026775598526, 0.05531252175569534, 0.050858817994594574]","[10.624053955078125, 6.108536243438721, 5.693438529968262, 5.381400108337402, 4.750509738922119, 2.621744394302368, 1.341355323791504, 0.9237298965454102, 0.6738528609275818, 0.5279614329338074, 0.45889270305633545, 0.4070393741130829, 0.38470447063446045, 0.34827911853790283, 0.32019150257110596, 0.2858610153198242, 0.2732463479042053, 0.26035943627357483, 0.25085145235061646, 0.24063542485237122, 0.22894519567489624, 0.2168986052274704, 0.21139401197433472, 0.22018077969551086, 0.19751793146133423, 0.20283029973506927, 0.17825904488563538, 0.17525526881217957, 0.19653838872909546, 0.17378248274326324, 0.2759597599506378, 0.16043080389499664, 0.15345680713653564, 0.15751808881759644, 0.16322225332260132, 0.14669349789619446, 0.14439481496810913, 0.1498148888349533, 0.14661312103271484, 0.13726870715618134, 0.18432696163654327, 0.1609351933002472, 0.13849766552448273, 0.1305052787065506, 0.13143883645534515, 0.14300407469272614, 0.1341678947210312, 0.12782695889472961, 0.12061718106269836, 0.11769939959049225, 0.2127874791622162, 0.12462545931339264, 0.12646952271461487, 0.12874796986579895, 0.11708971112966537, 0.11616206169128418, 0.10706869512796402, 0.1045355424284935, 0.10934522747993469, 0.11646386235952377, 0.10051514208316803, 0.12200338393449783, 0.10899040102958679, 0.09407590329647064, 0.08558449149131775, 0.10444235801696777, 0.09177286922931671, 0.08017969876527786, 0.07827473431825638, 0.07270165532827377, 0.07130593061447144, 0.07172597199678421, 0.07993334531784058, 0.10428739339113235, 0.06814491748809814, 0.18625777959823608, 0.09024988859891891, 0.06889452040195465, 0.0667937844991684, 0.055786311626434326, 0.05534880608320236, 0.051831092685461044, 0.06571464240550995, 0.10411757975816727, 0.07424065470695496, 0.05399256572127342, 0.058770909905433655, 0.05012807250022888, 0.04864267632365227, 0.052026815712451935, 0.05177946388721466, 0.06622268259525299, 0.06085530295968056, 0.07627711445093155, 0.05145333707332611, 0.07233748584985733, 0.05522969737648964, 0.05319774150848389, 0.04777909070253372, 0.059265561401844025, 0.11692443490028381, 0.051008984446525574, 0.055200524628162384, 0.08124283701181412, 0.12287705391645432, 0.048818666487932205, 0.08581629395484924, 0.06749553978443146, 0.04977807030081749, 0.09191115200519562, 0.05455026775598526, 0.05531252175569534, 0.050858817994594574, 0.05417928844690323]"
0,[100],leaky_relu,adamw,<keras.src.losses.losses.MeanSquaredError object at 0x73a3d7d3a450>,6,"[0.0532587394118309, 0.05837252363562584, 0.05396537110209465, 0.047523122280836105, 0.08207651972770691, 0.04681955650448799, 0.04421799257397652, 0.05300639569759369, 0.04637480527162552, 0.04464813694357872, 0.06951624155044556, 0.05297468230128288, 0.045046962797641754, 0.04434024915099144]","[10.68929386138916, 5.897668838500977, 5.581670761108398, 5.48604679107666, 5.2400665283203125, 4.152639865875244, 1.7278294563293457, 1.058308482170105, 0.739626407623291, 0.5165556073188782, 0.3899470269680023, 0.3132591247558594, 0.26168403029441833, 0.23813122510910034, 0.22378066182136536, 0.20860666036605835, 0.19779066741466522, 0.18530212342739105, 0.17997333407402039, 0.1702067106962204, 0.17386245727539062, 0.1730702817440033, 0.14953653514385223, 0.14881017804145813, 0.14431267976760864, 0.1530510038137436, 0.14263929426670074, 0.15044593811035156, 0.13229820132255554, 0.13193058967590332, 0.1339290291070938, 0.13275614380836487, 0.12648116052150726, 0.1371607780456543, 0.1303347945213318, 0.12597408890724182, 0.13191992044448853, 0.15185074508190155, 0.12445623427629471, 0.1205468699336052, 0.12698805332183838, 0.11308176070451736, 0.12529470026493073, 0.12058745324611664, 0.11191141605377197, 0.15699051320552826, 0.10889038443565369, 0.11973089724779129, 0.11136548966169357, 0.17644579708576202, 0.7140896320343018, 0.13023285567760468, 0.1287737637758255, 0.13136513531208038, 0.09755400568246841, 0.09471569955348969, 0.0960097461938858, 0.0904446393251419, 0.08574262261390686, 0.08345592021942139, 0.08308688551187515, 0.08542398363351822, 0.07640966773033142, 0.07754421979188919, 0.0739051103591919, 0.0763142853975296, 0.0880964994430542, 0.07357662171125412, 0.06765063107013702, 0.06690787523984909, 0.06353498995304108, 0.05518084391951561, 0.07390466332435608, 0.0616459995508194, 0.0878392681479454, 0.0655539408326149, 0.052811380475759506, 0.05743962526321411, 0.05625077709555626, 0.04773382842540741, 0.05204997956752777, 0.051405906677246094, 0.05022544786334038, 0.047319091856479645, 0.05142344534397125, 0.05004231259226799, 0.04711513966321945, 0.044053032994270325, 0.0532587394118309, 0.05837252363562584, 0.05396537110209465, 0.047523122280836105, 0.08207651972770691, 0.04681955650448799, 0.04421799257397652, 0.05300639569759369, 0.04637480527162552, 0.04464813694357872, 0.06951624155044556, 0.05297468230128288, 0.045046962797641754, 0.04434024915099144, 0.04593288525938988]"
0,[100],leaky_relu,adamw,<keras.src.losses.losses.MeanSquaredError object at 0x73a3d7d3a450>,7,"[0.06608089804649353, 0.050342537462711334, 0.10874003171920776, 0.06155354529619217, 0.06062363088130951, 0.0891585648059845, 0.0573669858276844, 0.058367833495140076, 0.04997330904006958, 0.04932144656777382, 0.05064665153622627, 0.051904257386922836, 0.04982437193393707, 0.05169722065329552]","[10.425518989562988, 5.973679542541504, 5.509004592895508, 5.230161190032959, 4.3115739822387695, 1.8527024984359741, 0.9025174379348755, 0.5911309123039246, 0.4372018575668335, 0.3633575439453125, 0.33009961247444153, 0.3005841374397278, 0.2853206396102905, 0.2517000436782837, 0.23250354826450348, 0.216989666223526, 0.21533338725566864, 0.19238322973251343, 0.18278974294662476, 0.18329568207263947, 0.16859009861946106, 0.1616916060447693, 0.16959001123905182, 0.16021527349948883, 0.14537931978702545, 0.1464192122220993, 0.13929182291030884, 0.14816491305828094, 0.13596130907535553, 0.18582946062088013, 0.1370774656534195, 0.12897343933582306, 0.12562568485736847, 0.1341465264558792, 0.12722395360469818, 0.12502463161945343, 0.14989541471004486, 0.1426820158958435, 0.12267308682203293, 0.12834984064102173, 0.11503893882036209, 0.11916814744472504, 0.12446553260087967, 0.1228054091334343, 0.11354291439056396, 0.1079808846116066, 0.10553763806819916, 0.113057442009449, 0.11901973187923431, 0.09704987704753876, 0.10225570201873779, 0.08842597901821136, 0.0872872993350029, 0.08560609072446823, 0.09297624975442886, 0.0838807076215744, 0.08192552626132965, 0.08585137873888016, 0.1834290325641632, 0.07736048847436905, 0.11144042015075684, 0.11037159711122513, 0.06412221491336823, 0.06970695406198502, 0.06244546175003052, 0.06516297906637192, 0.058522336184978485, 0.05761014670133591, 0.052994534373283386, 0.05860448628664017, 0.05548163503408432, 0.08922997117042542, 0.13358867168426514, 0.1259526014328003, 0.06251559406518936, 0.048953454941511154, 0.06608089804649353, 0.050342537462711334, 0.10874003171920776, 0.06155354529619217, 0.06062363088130951, 0.0891585648059845, 0.0573669858276844, 0.058367833495140076, 0.04997330904006958, 0.04932144656777382, 0.05064665153622627, 0.051904257386922836, 0.04982437193393707, 0.05169722065329552, 0.06520764529705048]"
0,[100],leaky_relu,adamax,<keras.src.losses.losses.MeanSquaredError object at 0x73a3d7d3a450>,1,"[5.5942063331604, 5.583729267120361, 5.574880599975586, 5.597819805145264, 5.605080604553223, 5.593502044677734, 5.589385509490967, 5.582449913024902, 5.665395736694336, 5.582508563995361, 5.5951128005981445, 5.602295875549316, 5.584264278411865, 5.576249599456787]","[22.99603271484375, 6.463218688964844, 5.999545574188232, 5.847683429718018, 5.737218856811523, 5.685484886169434, 5.668099403381348, 5.621299743652344, 5.622157573699951, 5.600927352905273, 5.590328693389893, 5.591219902038574, 5.579678535461426, 5.58278226852417, 5.581557750701904, 5.595612525939941, 5.591456890106201, 5.575354099273682, 5.577241897583008, 5.575798988342285, 5.572859764099121, 5.570674419403076, 5.612741470336914, 5.592189311981201, 5.57383394241333, 5.577970027923584, 5.5916924476623535, 5.588447570800781, 5.570389747619629, 5.5942063331604, 5.583729267120361, 5.574880599975586, 5.597819805145264, 5.605080604553223, 5.593502044677734, 5.589385509490967, 5.582449913024902, 5.665395736694336, 5.582508563995361, 5.5951128005981445, 5.602295875549316, 5.584264278411865, 5.576249599456787, 5.614780902862549]"
0,[100],leaky_relu,adamax,<keras.src.losses.losses.MeanSquaredError object at 0x73a3d7d3a450>,2,"[0.12327991425991058, 0.12604957818984985, 0.12745465338230133, 0.1263020932674408, 0.12138565629720688, 0.12158527970314026, 0.12317219376564026, 0.12586365640163422, 0.12282637506723404, 0.1241891086101532, 0.12594111263751984, 0.12830398976802826, 0.1405484974384308, 0.12462650239467621]","[20.368072509765625, 6.468590259552002, 5.954031944274902, 5.786392688751221, 5.698258399963379, 5.6480207443237305, 5.618052005767822, 5.593238353729248, 5.568996906280518, 5.567535877227783, 5.5722222328186035, 5.503020763397217, 5.459739685058594, 5.404253005981445, 5.3375396728515625, 5.185293197631836, 4.98000431060791, 4.660428524017334, 4.201387405395508, 3.4255733489990234, 2.687000274658203, 2.132539749145508, 1.7620176076889038, 1.4349236488342285, 1.2060790061950684, 1.0175042152404785, 0.8604209423065186, 0.7234523296356201, 0.6155145168304443, 0.5372216105461121, 0.49699974060058594, 0.44472736120224, 0.40760913491249084, 0.369907408952713, 0.3722139596939087, 0.33649688959121704, 0.3232763409614563, 0.3146347105503082, 0.3202355206012726, 0.30254578590393066, 0.28641238808631897, 0.29149329662323, 0.2723110616207123, 0.281283438205719, 0.2590717077255249, 0.25581586360931396, 0.2474183738231659, 0.24223920702934265, 0.25318121910095215, 0.23036286234855652, 0.22618988156318665, 0.22230561077594757, 0.21841907501220703, 0.22434169054031372, 0.2561298608779907, 0.20575396716594696, 0.2009853720664978, 0.2111561894416809, 0.20690053701400757, 0.19402390718460083, 0.1922595351934433, 0.18567806482315063, 0.1838051974773407, 0.18648889660835266, 0.17677095532417297, 0.1746697574853897, 0.17335878312587738, 0.17727768421173096, 0.1743272989988327, 0.17049062252044678, 0.18180300295352936, 0.16509279608726501, 0.16871137917041779, 0.16788864135742188, 0.160712331533432, 0.17056387662887573, 0.15777245163917542, 0.1544046849012375, 0.15619248151779175, 0.15325573086738586, 0.15525653958320618, 0.15592806041240692, 0.15784353017807007, 0.16191238164901733, 0.180744469165802, 0.15465278923511505, 0.15478283166885376, 0.15347273647785187, 0.15464752912521362, 0.15129491686820984, 0.14694532752037048, 0.1636006087064743, 0.14599348604679108, 0.1465873122215271, 0.15388566255569458, 0.14973674714565277, 0.15969932079315186, 0.14781881868839264, 0.14542247354984283, 0.14679475128650665, 0.14750292897224426, 0.14869706332683563, 0.1423872411251068, 0.15040339529514313, 0.14759016036987305, 0.1458396315574646, 0.16442516446113586, 0.1506766974925995, 0.14566414058208466, 0.14709289371967316, 0.1401900202035904, 0.13897447288036346, 0.13828720152378082, 0.1460597664117813, 0.1431102454662323, 0.14315566420555115, 0.14738303422927856, 0.1411048024892807, 0.15326115489006042, 0.1375809907913208, 0.14391304552555084, 0.14200475811958313, 0.14869290590286255, 0.1385466456413269, 0.1456853598356247, 0.14229220151901245, 0.15072572231292725, 0.14146719872951508, 0.1517782211303711, 0.13664740324020386, 0.13984526693820953, 0.13699598610401154, 0.13658447563648224, 0.13632765412330627, 0.13516761362552643, 0.13926862180233002, 0.13930277526378632, 0.14035345613956451, 0.13624025881290436, 0.134585440158844, 0.1350451111793518, 0.13624770939350128, 0.1375761479139328, 0.1381773054599762, 0.13616493344306946, 0.14825882017612457, 0.14839056134223938, 0.1301254779100418, 0.14147847890853882, 0.13322198390960693, 0.1349986493587494, 0.1371302604675293, 0.1334119290113449, 0.13515038788318634, 0.13254813849925995, 0.1331830769777298, 0.1354578584432602, 0.13158564269542694, 0.1304449588060379, 0.13059747219085693, 0.13598766922950745, 0.12941628694534302, 0.13459493219852448, 0.12988823652267456, 0.14197853207588196, 0.12976296246051788, 0.1340632289648056, 0.13029037415981293, 0.13819991052150726, 0.13451240956783295, 0.1331721842288971, 0.1275574415922165, 0.13338573276996613, 0.13236257433891296, 0.13549190759658813, 0.1337522715330124, 0.13491828739643097, 0.1685321033000946, 0.13111867010593414, 0.1287514716386795, 0.12867507338523865, 0.12815625965595245, 0.12713885307312012, 0.13329219818115234, 0.12514948844909668, 0.13068166375160217, 0.1307852864265442, 0.1338140219449997, 0.12893056869506836, 0.1256301999092102, 0.1250985711812973, 0.1282731145620346, 0.1254439800977707, 0.1297725886106491, 0.12483998388051987, 0.12636645138263702, 0.12835679948329926, 0.13612347841262817, 0.13155989348888397, 0.12545514106750488, 0.13262397050857544, 0.12542258203029633, 0.13693472743034363, 0.12728898227214813, 0.1301073431968689, 0.12446902692317963, 0.12632115185260773, 0.12542569637298584, 0.12569117546081543, 0.1295723021030426, 0.1260048747062683, 0.12586140632629395, 0.12400446832180023, 0.13403357565402985, 0.12136436998844147, 0.12327991425991058, 0.12604957818984985, 0.12745465338230133, 0.1263020932674408, 0.12138565629720688, 0.12158527970314026, 0.12317219376564026, 0.12586365640163422, 0.12282637506723404, 0.1241891086101532, 0.12594111263751984, 0.12830398976802826, 0.1405484974384308, 0.12462650239467621, 0.1314648687839508]"
0,[100],leaky_relu,adamax,<keras.src.losses.losses.MeanSquaredError object at 0x73a3d7d3a450>,3,"[0.04032859951257706, 0.04740408435463905, 0.04308297857642174, 0.04422646760940552, 0.04380596801638603, 0.04054988920688629, 0.041272182017564774, 0.04326779395341873, 0.04478584975004196, 0.046464480459690094, 0.04423220455646515, 0.04256311431527138, 0.04240722954273224, 0.044842954725027084]","[18.85161590576172, 6.717616558074951, 6.105048179626465, 5.887282371520996, 5.769163131713867, 5.684489727020264, 5.641560077667236, 5.626119613647461, 5.605810165405273, 5.5938286781311035, 5.586759567260742, 5.587258815765381, 5.597599506378174, 5.578328609466553, 5.578252792358398, 5.587552547454834, 5.5931878089904785, 5.591549396514893, 5.57282829284668, 5.57352876663208, 5.583431720733643, 5.571723937988281, 5.585658550262451, 5.569883346557617, 5.5769453048706055, 5.574014663696289, 5.566667556762695, 5.5675201416015625, 5.569892883300781, 5.562994003295898, 5.586496829986572, 5.5556182861328125, 5.540132522583008, 5.519737243652344, 5.531959533691406, 5.4675774574279785, 5.385523319244385, 5.2453932762146, 4.894937038421631, 4.1346611976623535, 2.5577805042266846, 1.3628853559494019, 1.0200741291046143, 0.7805773019790649, 0.6316101551055908, 0.5103631019592285, 0.44684988260269165, 0.39961564540863037, 0.3667633831501007, 0.33999720215797424, 0.3148522973060608, 0.2941960096359253, 0.2800608277320862, 0.26512056589126587, 0.2543576955795288, 0.2466363161802292, 0.23741957545280457, 0.2296571433544159, 0.22465035319328308, 0.2149685025215149, 0.20930716395378113, 0.202602356672287, 0.19910122454166412, 0.19177109003067017, 0.18504852056503296, 0.1799221932888031, 0.17150713503360748, 0.16787266731262207, 0.16486035287380219, 0.15815193951129913, 0.15621650218963623, 0.15442617237567902, 0.14913193881511688, 0.15084761381149292, 0.14578872919082642, 0.14801239967346191, 0.1379542499780655, 0.13732729852199554, 0.13535356521606445, 0.1419537514448166, 0.13410119712352753, 0.13503460586071014, 0.134026899933815, 0.13388551771640778, 0.1366816759109497, 0.13232873380184174, 0.13189299404621124, 0.13258254528045654, 0.13448664546012878, 0.1278243213891983, 0.12565572559833527, 0.13527800142765045, 0.12571176886558533, 0.1272743046283722, 0.12473218888044357, 0.12744814157485962, 0.13267628848552704, 0.13158747553825378, 0.13343141973018646, 0.12234362959861755, 0.12251552194356918, 0.12730787694454193, 0.1230819895863533, 0.12303309887647629, 0.12347456067800522, 0.12047907710075378, 0.12205733358860016, 0.12352670729160309, 0.12021926045417786, 0.11904660612344742, 0.11698419600725174, 0.12473154067993164, 0.1363401561975479, 0.11831895262002945, 0.12434808164834976, 0.11803752928972244, 0.12191811949014664, 0.11866378784179688, 0.11475488543510437, 0.12090243399143219, 0.11534002423286438, 0.11567774415016174, 0.12365260720252991, 0.12131711840629578, 0.12280315905809402, 0.11733125150203705, 0.11635982990264893, 0.11157442629337311, 0.11777777224779129, 0.11637279391288757, 0.11424437910318375, 0.1132626011967659, 0.1130639985203743, 0.11088458448648453, 0.10978548973798752, 0.11011949181556702, 0.11461377143859863, 0.10892145335674286, 0.1124844178557396, 0.11449175328016281, 0.11437581479549408, 0.10940446704626083, 0.11042992025613785, 0.11061844229698181, 0.11606267839670181, 0.10555003583431244, 0.11492659151554108, 0.10804444551467896, 0.10761751234531403, 0.1056855320930481, 0.10529310256242752, 0.11105047911405563, 0.10604675859212875, 0.10541869699954987, 0.10516878962516785, 0.11132299900054932, 0.10705719888210297, 0.11192476749420166, 0.1030222624540329, 0.10296071320772171, 0.10107013583183289, 0.1087590903043747, 0.11110927909612656, 0.10496290028095245, 0.10290110111236572, 0.10103322565555573, 0.10065494477748871, 0.10609320551156998, 0.10262227058410645, 0.10377594828605652, 0.09970904886722565, 0.09864936769008636, 0.09795328974723816, 0.10968922078609467, 0.09714610874652863, 0.09564105421304703, 0.09911098331212997, 0.10123095661401749, 0.09812860935926437, 0.10075704753398895, 0.10282397270202637, 0.09711664915084839, 0.1008964404463768, 0.09743957221508026, 0.09627602249383926, 0.09591691941022873, 0.10911036282777786, 0.09322293847799301, 0.09455493092536926, 0.09811766445636749, 0.094777911901474, 0.09494538605213165, 0.0949305072426796, 0.09533331543207169, 0.09157440066337585, 0.09670902043581009, 0.100466288626194, 0.09091241657733917, 0.09204716980457306, 0.09178033471107483, 0.09051864594221115, 0.09796138107776642, 0.09359636157751083, 0.0878000482916832, 0.08998796343803406, 0.0878213495016098, 0.09015247225761414, 0.09526720643043518, 0.09386321902275085, 0.08892690390348434, 0.09885799884796143, 0.08757524192333221, 0.0853053480386734, 0.0868157222867012, 0.08523578196763992, 0.08550328761339188, 0.08328599482774734, 0.08819051831960678, 0.08760569989681244, 0.08735153824090958, 0.08444175124168396, 0.08615003526210785, 0.08307032287120819, 0.08262354880571365, 0.0825442224740982, 0.08138042688369751, 0.09029252827167511, 0.07684771716594696, 0.07932364195585251, 0.09457069635391235, 0.07645997405052185, 0.07463341951370239, 0.07766024768352509, 0.07312270253896713, 0.07780350744724274, 0.07145816832780838, 0.07036741822957993, 0.06826242059469223, 0.0705287754535675, 0.06579674780368805, 0.06582137942314148, 0.06052247807383537, 0.07273916155099869, 0.06735265254974365, 0.06515537947416306, 0.05544627457857132, 0.0545540526509285, 0.05662740767002106, 0.05266599729657173, 0.052109234035015106, 0.0583839938044548, 0.05625429376959801, 0.057515569031238556, 0.04729719087481499, 0.04742031916975975, 0.05009801313281059, 0.04830707609653473, 0.04530052840709686, 0.04707999527454376, 0.04528740793466568, 0.05699240416288376, 0.04436849430203438, 0.04618624225258827, 0.047156400978565216, 0.04358084127306938, 0.0484078973531723, 0.04371364414691925, 0.041788894683122635, 0.04275164008140564, 0.045291874557733536, 0.050052184611558914, 0.04608282446861267, 0.04262443631887436, 0.042831920087337494, 0.04225178062915802, 0.04966038465499878, 0.04199743643403053, 0.041264962404966354, 0.04816659539937973, 0.04625333100557327, 0.04401686415076256, 0.0459977388381958, 0.046016063541173935, 0.04694559797644615, 0.04306955635547638, 0.04449491947889328, 0.04173922911286354, 0.04474253952503204, 0.04874971881508827, 0.04636690393090248, 0.04805739223957062, 0.041261978447437286, 0.04112480580806732, 0.044021282345056534, 0.045079607516527176, 0.04167284071445465, 0.04232491925358772, 0.04087906330823898, 0.04199264571070671, 0.04258337616920471, 0.04508727043867111, 0.043178725987672806, 0.04081415385007858, 0.04118622839450836, 0.04243379458785057, 0.04022083058953285, 0.04032859951257706, 0.04740408435463905, 0.04308297857642174, 0.04422646760940552, 0.04380596801638603, 0.04054988920688629, 0.041272182017564774, 0.04326779395341873, 0.04478584975004196, 0.046464480459690094, 0.04423220455646515, 0.04256311431527138, 0.04240722954273224, 0.044842954725027084, 0.04141102358698845]"
0,[100],leaky_relu,adamax,<keras.src.losses.losses.MeanSquaredError object at 0x73a3d7d3a450>,4,"[0.1284925490617752, 0.13228420913219452, 0.13405047357082367, 0.13497845828533173, 0.12999635934829712, 0.1276402622461319, 0.12994402647018433, 0.13541333377361298, 0.12904074788093567, 0.1305825412273407, 0.13348978757858276, 0.1292361170053482, 0.1281469762325287, 0.13133281469345093]","[29.218990325927734, 6.954221248626709, 6.034894943237305, 5.764934539794922, 5.655394554138184, 5.580988883972168, 5.555136680603027, 5.5342559814453125, 5.518339157104492, 5.502447128295898, 5.46537446975708, 5.438180446624756, 5.4017486572265625, 5.33854341506958, 5.251187801361084, 5.131834983825684, 4.9621782302856445, 4.723432540893555, 4.394773960113525, 3.855163097381592, 3.105294942855835, 2.4121601581573486, 1.8592466115951538, 1.475889801979065, 1.2121245861053467, 0.9993794560432434, 0.82426917552948, 0.6891228556632996, 0.582695484161377, 0.5170018076896667, 0.46351438760757446, 0.4185081422328949, 0.3821062445640564, 0.3589755892753601, 0.330818235874176, 0.31011009216308594, 0.3012950122356415, 0.293208509683609, 0.28282296657562256, 0.2721415162086487, 0.2652026414871216, 0.2598276138305664, 0.2526315152645111, 0.24297751486301422, 0.23497803509235382, 0.23072277009487152, 0.22037167847156525, 0.21382911503314972, 0.20485666394233704, 0.20027035474777222, 0.19249200820922852, 0.1916709691286087, 0.1828904002904892, 0.17787140607833862, 0.17454838752746582, 0.17172101140022278, 0.17221350967884064, 0.16417013108730316, 0.15798230469226837, 0.15628506243228912, 0.15364283323287964, 0.1498735398054123, 0.15042200684547424, 0.14887657761573792, 0.14421087503433228, 0.14323864877223969, 0.14316250383853912, 0.1429782658815384, 0.13840946555137634, 0.13909146189689636, 0.1366489678621292, 0.1364658623933792, 0.13836008310317993, 0.1411799192428589, 0.13408689200878143, 0.1339551955461502, 0.13631775975227356, 0.13193273544311523, 0.1325305849313736, 0.1368248611688614, 0.1342671513557434, 0.1309109330177307, 0.12996874749660492, 0.13060326874256134, 0.13153791427612305, 0.14179472625255585, 0.13046884536743164, 0.1273503452539444, 0.1284925490617752, 0.13228420913219452, 0.13405047357082367, 0.13497845828533173, 0.12999635934829712, 0.1276402622461319, 0.12994402647018433, 0.13541333377361298, 0.12904074788093567, 0.1305825412273407, 0.13348978757858276, 0.1292361170053482, 0.1281469762325287, 0.13133281469345093, 0.13140639662742615]"
0,[100],leaky_relu,adamax,<keras.src.losses.losses.MeanSquaredError object at 0x73a3d7d3a450>,5,"[0.03566421568393707, 0.03579205647110939, 0.03507034480571747, 0.04665764048695564, 0.03455696627497673, 0.03351658582687378, 0.0347527451813221, 0.03491054102778435, 0.03620953857898712, 0.036570191383361816, 0.03413382172584534, 0.03755416348576546, 0.03366539627313614, 0.041750773787498474]","[15.642664909362793, 6.474289417266846, 5.984701156616211, 5.77675724029541, 5.6898698806762695, 5.630851745605469, 5.605711936950684, 5.590727806091309, 5.5775933265686035, 5.543182849884033, 5.517035484313965, 5.507259845733643, 5.457860946655273, 5.416306018829346, 5.351283073425293, 5.255112648010254, 5.147456169128418, 4.938457489013672, 4.665492534637451, 4.17491340637207, 3.3912546634674072, 2.4861419200897217, 1.826489806175232, 1.4259268045425415, 1.1434634923934937, 0.9557217359542847, 0.7977429032325745, 0.664420485496521, 0.5827236175537109, 0.5157911777496338, 0.4537264406681061, 0.4063197672367096, 0.36048996448516846, 0.40513187646865845, 0.32510560750961304, 0.3218362629413605, 0.4105771780014038, 0.28462088108062744, 0.26686450839042664, 0.2618253827095032, 0.25210776925086975, 0.2482052594423294, 0.24736472964286804, 0.2327742576599121, 0.23381635546684265, 0.22052690386772156, 0.21434903144836426, 0.2098514437675476, 0.21138358116149902, 0.19780214130878448, 0.19569221138954163, 0.18974661827087402, 0.185831680893898, 0.18648535013198853, 0.17693787813186646, 0.17471528053283691, 0.17031948268413544, 0.1664537787437439, 0.16398918628692627, 0.15877574682235718, 0.15651065111160278, 0.15934111177921295, 0.1520119458436966, 0.15743964910507202, 0.15154558420181274, 0.14883822202682495, 0.14890211820602417, 0.1453251838684082, 0.14829021692276, 0.14912264049053192, 0.14966270327568054, 0.14352574944496155, 0.15007561445236206, 0.1579413264989853, 0.14415951073169708, 0.14103180170059204, 0.14161324501037598, 0.13917338848114014, 0.14248599112033844, 0.1390984207391739, 0.14533773064613342, 0.14304253458976746, 0.13998647034168243, 0.1410701870918274, 0.14176365733146667, 0.14632707834243774, 0.1397085040807724, 0.13807304203510284, 0.13881254196166992, 0.145761638879776, 0.14447171986103058, 0.14156875014305115, 0.14243364334106445, 0.13744483888149261, 0.13809631764888763, 0.13699442148208618, 0.13650070130825043, 0.13986873626708984, 0.13541549444198608, 0.14045333862304688, 0.13891653716564178, 0.1295536458492279, 0.13172096014022827, 0.13459031283855438, 0.13026759028434753, 0.12883517146110535, 0.12813416123390198, 0.12980884313583374, 0.1272595375776291, 0.12932080030441284, 0.1339670568704605, 0.1264496147632599, 0.12555024027824402, 0.12888124585151672, 0.13095995783805847, 0.12185698002576828, 0.13072071969509125, 0.12544795870780945, 0.12042318284511566, 0.12039487808942795, 0.1219424158334732, 0.12441403418779373, 0.1185549795627594, 0.12112151086330414, 0.11760056018829346, 0.11597444117069244, 0.1252034604549408, 0.1212751567363739, 0.12910883128643036, 0.12129990011453629, 0.11662692576646805, 0.11714765429496765, 0.1198904812335968, 0.1133592426776886, 0.11419946700334549, 0.1122267097234726, 0.11177533119916916, 0.1117723286151886, 0.11300211399793625, 0.13862495124340057, 0.1087704747915268, 0.10670268535614014, 0.10654657334089279, 0.10750672221183777, 0.10986697673797607, 0.1098501980304718, 0.10301937162876129, 0.11610249429941177, 0.1050204187631607, 0.10199900716543198, 0.10137230902910233, 0.10519919544458389, 0.10062392801046371, 0.10545149445533752, 0.10061754286289215, 0.10052002966403961, 0.09845618903636932, 0.09876146167516708, 0.09749042987823486, 0.10019362717866898, 0.09751682728528976, 0.09873460978269577, 0.11396380513906479, 0.09831766039133072, 0.11437246203422546, 0.09028375148773193, 0.09620536863803864, 0.09656278043985367, 0.08636953681707382, 0.09050405025482178, 0.08682496100664139, 0.08462471514940262, 0.08067183196544647, 0.0831652507185936, 0.08554702252149582, 0.08796963840723038, 0.08649143576622009, 0.0985131561756134, 0.08008819818496704, 0.07820484042167664, 0.07421394437551498, 0.07666505873203278, 0.07194595783948898, 0.0731622576713562, 0.07581763714551926, 0.0843627080321312, 0.07039684802293777, 0.06630334258079529, 0.07026137411594391, 0.06600135564804077, 0.063967764377594, 0.07233577221632004, 0.06783394515514374, 0.06307453662157059, 0.0628756433725357, 0.061501894146203995, 0.05924785137176514, 0.060368869453668594, 0.06650182604789734, 0.0573638416826725, 0.06185183301568031, 0.05807846039533615, 0.05152256041765213, 0.07511316239833832, 0.056251898407936096, 0.04810657352209091, 0.0586906336247921, 0.04931696131825447, 0.05009516701102257, 0.06303101778030396, 0.04984639585018158, 0.0495951808989048, 0.04779075086116791, 0.04926173388957977, 0.050302766263484955, 0.04607245326042175, 0.046131499111652374, 0.05076254904270172, 0.04845940321683884, 0.043950848281383514, 0.051332730799913406, 0.0483182817697525, 0.04395720362663269, 0.046167489141225815, 0.04321332275867462, 0.04396158084273338, 0.0525675043463707, 0.05154872313141823, 0.04203936085104942, 0.044169895350933075, 0.042403534054756165, 0.05115102231502533, 0.050822898745536804, 0.04545629769563675, 0.04252483695745468, 0.046814508736133575, 0.04354257881641388, 0.04017379507422447, 0.047884806990623474, 0.04582612216472626, 0.04409973323345184, 0.04018047824501991, 0.04271914064884186, 0.04087725654244423, 0.0397878959774971, 0.04603027179837227, 0.04429316520690918, 0.03897489607334137, 0.047723785042762756, 0.03766229748725891, 0.04301713779568672, 0.09575686603784561, 0.04003564640879631, 0.0382792167365551, 0.03772320598363876, 0.03966893255710602, 0.03813846409320831, 0.038421351462602615, 0.03837635740637779, 0.04718479886651039, 0.042944811284542084, 0.03634532913565636, 0.045720893889665604, 0.03872378170490265, 0.03721144050359726, 0.03594622761011124, 0.038128290325403214, 0.037836115807294846, 0.037436965852975845, 0.037790264934301376, 0.03492559492588043, 0.03695927560329437, 0.0367317721247673, 0.0344170406460762, 0.03430631011724472, 0.04524586349725723, 0.03781481459736824, 0.03799455240368843, 0.04246147349476814, 0.03315803408622742, 0.03566421568393707, 0.03579205647110939, 0.03507034480571747, 0.04665764048695564, 0.03455696627497673, 0.03351658582687378, 0.0347527451813221, 0.03491054102778435, 0.03620953857898712, 0.036570191383361816, 0.03413382172584534, 0.03755416348576546, 0.03366539627313614, 0.041750773787498474, 0.06501182913780212]"
0,[100],leaky_relu,adamax,<keras.src.losses.losses.MeanSquaredError object at 0x73a3d7d3a450>,6,"[0.027865925803780556, 0.027673736214637756, 0.02513083443045616, 0.02445627935230732, 0.026983438059687614, 0.0246791522949934, 0.026067504659295082, 0.03590334579348564, 0.027669474482536316, 0.02482827752828598, 0.029966073110699654, 0.024252725765109062, 0.023917939513921738, 0.027211196720600128]","[16.373130798339844, 6.8344502449035645, 6.042634010314941, 5.861579895019531, 5.727114200592041, 5.660816192626953, 5.6224493980407715, 5.602114200592041, 5.579470634460449, 5.570898532867432, 5.583767890930176, 5.556209087371826, 5.522586345672607, 5.5034966468811035, 5.455085754394531, 5.375781536102295, 5.2796807289123535, 5.07241678237915, 4.76617956161499, 4.251700401306152, 3.475023031234741, 2.590569257736206, 1.8732013702392578, 1.4830238819122314, 1.199312686920166, 0.9928821921348572, 0.8282386064529419, 0.700674295425415, 0.6048650741577148, 0.5289671421051025, 0.466254860162735, 0.41762202978134155, 0.39010488986968994, 0.3551427721977234, 0.3324677646160126, 0.3156949579715729, 0.30242884159088135, 0.29193222522735596, 0.28638026118278503, 0.2782228887081146, 0.27334755659103394, 0.2663620710372925, 0.26087847352027893, 0.2548106610774994, 0.24843133985996246, 0.24286919832229614, 0.24000321328639984, 0.23284395039081573, 0.22822175920009613, 0.22297817468643188, 0.216801717877388, 0.2139742523431778, 0.20593410730361938, 0.20225706696510315, 0.19583454728126526, 0.19213734567165375, 0.1879131942987442, 0.1845492571592331, 0.17972654104232788, 0.17475445568561554, 0.17632876336574554, 0.17044690251350403, 0.16455401480197906, 0.16335129737854004, 0.16221264004707336, 0.15876828134059906, 0.15588800609111786, 0.15201769769191742, 0.15008047223091125, 0.1532655656337738, 0.1460341066122055, 0.14700108766555786, 0.1459791362285614, 0.14254522323608398, 0.1397196352481842, 0.1446264535188675, 0.14084076881408691, 0.14068064093589783, 0.13670094311237335, 0.1350405067205429, 0.13411274552345276, 0.13266970217227936, 0.12981446087360382, 0.1317731887102127, 0.1286957859992981, 0.1335013210773468, 0.12787073850631714, 0.12390442937612534, 0.1242506206035614, 0.12543246150016785, 0.12257739901542664, 0.12077949941158295, 0.12632304430007935, 0.11981076747179031, 0.12912815809249878, 0.11962369084358215, 0.12108584493398666, 0.11434650421142578, 0.11698930710554123, 0.11381372064352036, 0.11362343281507492, 0.11707510054111481, 0.11632224172353745, 0.10892978310585022, 0.10877279192209244, 0.11085604876279831, 0.11190382391214371, 0.11792632937431335, 0.10678541660308838, 0.10804484784603119, 0.10988133400678635, 0.10313472151756287, 0.10503942519426346, 0.10505670309066772, 0.10686515271663666, 0.10166409611701965, 0.10089397430419922, 0.10048450529575348, 0.09716001152992249, 0.09379912167787552, 0.09701413661241531, 0.0992051437497139, 0.09714657068252563, 0.09975758194923401, 0.09008383750915527, 0.09379070997238159, 0.09279190748929977, 0.08577725291252136, 0.08503589034080505, 0.08441245555877686, 0.08433443307876587, 0.08571787178516388, 0.07261187583208084, 0.07529918849468231, 0.08297887444496155, 0.07089857012033463, 0.06743297725915909, 0.06685741990804672, 0.06325328350067139, 0.06125464662909508, 0.06470812857151031, 0.062014445662498474, 0.05571790039539337, 0.05372639000415802, 0.0613568015396595, 0.0584305077791214, 0.04987483099102974, 0.05219515413045883, 0.05783833935856819, 0.04883372783660889, 0.04818742722272873, 0.05090317875146866, 0.04666568338871002, 0.04946950078010559, 0.05178134888410568, 0.04709651693701744, 0.05645809695124626, 0.04799814522266388, 0.047954536974430084, 0.045296069234609604, 0.06721866130828857, 0.04275190085172653, 0.04581441357731819, 0.04599437117576599, 0.044160425662994385, 0.04914306104183197, 0.04784618318080902, 0.044508542865514755, 0.047439511865377426, 0.045902103185653687, 0.0456797331571579, 0.046514712274074554, 0.05071602016687393, 0.05032490938901901, 0.042256567627191544, 0.0433194637298584, 0.04417593777179718, 0.043854471296072006, 0.04041092097759247, 0.04545755684375763, 0.047494616359472275, 0.03868618234992027, 0.037642087787389755, 0.046793270856142044, 0.039440955966711044, 0.03736058995127678, 0.04577277600765228, 0.040319520980119705, 0.043611276894807816, 0.038675859570503235, 0.03757154941558838, 0.03676288574934006, 0.038775015622377396, 0.03836531937122345, 0.04014476016163826, 0.04171251878142357, 0.03857472166419029, 0.034895412623882294, 0.03992236405611038, 0.04465935379266739, 0.04127097502350807, 0.03384947404265404, 0.04291936382651329, 0.043618425726890564, 0.034991439431905746, 0.03441409766674042, 0.036488763988018036, 0.034211352467536926, 0.03510471060872078, 0.037958111613988876, 0.036730583757162094, 0.03488389402627945, 0.037713270634412766, 0.03779728338122368, 0.035024333745241165, 0.033517371863126755, 0.036987025290727615, 0.039330318570137024, 0.03235568106174469, 0.03385111689567566, 0.0347127728164196, 0.03874701261520386, 0.03526525944471359, 0.03423656150698662, 0.03632953017950058, 0.0402168408036232, 0.03254799544811249, 0.03186587989330292, 0.032014407217502594, 0.032426439225673676, 0.031734954565763474, 0.03465931862592697, 0.035504162311553955, 0.042083509266376495, 0.03765152022242546, 0.03260105103254318, 0.03357895091176033, 0.0342567078769207, 0.033636197447776794, 0.031722862273454666, 0.03335628658533096, 0.031152894720435143, 0.036090169101953506, 0.03205862268805504, 0.031363531947135925, 0.03242842108011246, 0.03183579072356224, 0.03128146380186081, 0.03138582408428192, 0.03104858659207821, 0.03233664110302925, 0.03263615071773529, 0.034043073654174805, 0.03445040434598923, 0.030863706022500992, 0.032377567142248154, 0.03397800028324127, 0.03217507153749466, 0.030247457325458527, 0.03076169826090336, 0.03300020843744278, 0.03159718215465546, 0.03235602751374245, 0.02903205156326294, 0.027732003480196, 0.029194751754403114, 0.03206579014658928, 0.02913927286863327, 0.0307511854916811, 0.03385153040289879, 0.03740903362631798, 0.0335136316716671, 0.033704716712236404, 0.028894348070025444, 0.02978409081697464, 0.03129652515053749, 0.0270698145031929, 0.02899499051272869, 0.031937483698129654, 0.033881884068250656, 0.030900243669748306, 0.03280477225780487, 0.0276222825050354, 0.026605285704135895, 0.029701480641961098, 0.03147197514772415, 0.0333406887948513, 0.02882651798427105, 0.027196412906050682, 0.028795672580599785, 0.027269434183835983, 0.029756244271993637, 0.028507990762591362, 0.029809189960360527, 0.0285683274269104, 0.03370385617017746, 0.030146203935146332, 0.026298463344573975, 0.025815168395638466, 0.031447723507881165, 0.027129150927066803, 0.028187334537506104, 0.026972852647304535, 0.02638494223356247, 0.030898399651050568, 0.027520637959241867, 0.025170082226395607, 0.032484445720911026, 0.029992183670401573, 0.027171865105628967, 0.02388782426714897, 0.027865925803780556, 0.027673736214637756, 0.02513083443045616, 0.02445627935230732, 0.026983438059687614, 0.0246791522949934, 0.026067504659295082, 0.03590334579348564, 0.027669474482536316, 0.02482827752828598, 0.029966073110699654, 0.024252725765109062, 0.023917939513921738, 0.027211196720600128, 0.02435232140123844]"
0,[100],leaky_relu,adamax,<keras.src.losses.losses.MeanSquaredError object at 0x73a3d7d3a450>,7,"[0.05746864527463913, 0.05412787199020386, 0.04925794154405594, 0.0505901500582695, 0.05406200513243675, 0.05413960665464401, 0.05064599588513374, 0.05138539522886276, 0.05646340548992157, 0.04928655922412872, 0.05228855088353157, 0.05143831670284271, 0.061681587249040604, 0.0520770326256752]","[28.876699447631836, 6.829910755157471, 6.075329780578613, 5.840712547302246, 5.7075395584106445, 5.654621601104736, 5.568245887756348, 5.536220073699951, 5.490159034729004, 5.458079814910889, 5.405717849731445, 5.3130035400390625, 5.198574066162109, 5.000675678253174, 4.667058944702148, 4.136472702026367, 3.3638129234313965, 2.5819616317749023, 2.0015218257904053, 1.5649359226226807, 1.303695797920227, 1.0990270376205444, 0.9251681566238403, 0.7978962063789368, 0.6893090009689331, 0.591228187084198, 0.5330841541290283, 0.4383419454097748, 0.3995586335659027, 0.36171695590019226, 0.33074796199798584, 0.31311190128326416, 0.2891209125518799, 0.281137615442276, 0.25831589102745056, 0.24504238367080688, 0.2364463210105896, 0.2318657785654068, 0.21690481901168823, 0.21464401483535767, 0.2060258835554123, 0.2024814486503601, 0.19443324208259583, 0.18908287584781647, 0.18634986877441406, 0.17797185480594635, 0.1752372831106186, 0.170573428273201, 0.16547919809818268, 0.16590070724487305, 0.1625853031873703, 0.16028758883476257, 0.15523728728294373, 0.1536826193332672, 0.15682950615882874, 0.15081477165222168, 0.15145905315876007, 0.1482139229774475, 0.14782722294330597, 0.14361046254634857, 0.14360231161117554, 0.1447136104106903, 0.14130735397338867, 0.14680133759975433, 0.14113567769527435, 0.13657735288143158, 0.13666343688964844, 0.1417122185230255, 0.13509705662727356, 0.13551771640777588, 0.1323198527097702, 0.13194474577903748, 0.1343490034341812, 0.13144366443157196, 0.12928463518619537, 0.12774910032749176, 0.12914523482322693, 0.126819908618927, 0.1251109540462494, 0.12519797682762146, 0.12497202306985855, 0.11961466819047928, 0.12025801092386246, 0.1268450915813446, 0.11858025193214417, 0.11706837266683578, 0.11656669527292252, 0.11599242687225342, 0.11351651698350906, 0.11665479093790054, 0.11336492002010345, 0.10904162377119064, 0.10866677016019821, 0.11013299971818924, 0.10367252677679062, 0.10562726855278015, 0.10562476515769958, 0.10245633125305176, 0.09740801900625229, 0.09873166680335999, 0.09575887024402618, 0.09539666026830673, 0.09687701612710953, 0.09754551947116852, 0.0879843533039093, 0.09622655808925629, 0.08767945319414139, 0.08750233799219131, 0.07963759452104568, 0.07844416052103043, 0.07470342516899109, 0.07369886338710785, 0.07198368012905121, 0.07036040723323822, 0.07442953437566757, 0.06693854928016663, 0.06547369807958603, 0.062959223985672, 0.06420621275901794, 0.06356068700551987, 0.06471134722232819, 0.05871552973985672, 0.06186899170279503, 0.06027120351791382, 0.054356276988983154, 0.058871541172266006, 0.05742879584431648, 0.057029493153095245, 0.0547032505273819, 0.05420605465769768, 0.05298494175076485, 0.0537286214530468, 0.05254645645618439, 0.05385948717594147, 0.04886732995510101, 0.05746864527463913, 0.05412787199020386, 0.04925794154405594, 0.0505901500582695, 0.05406200513243675, 0.05413960665464401, 0.05064599588513374, 0.05138539522886276, 0.05646340548992157, 0.04928655922412872, 0.05228855088353157, 0.05143831670284271, 0.061681587249040604, 0.0520770326256752, 0.04973573982715607]"
0,"[50, 20]",leaky_relu,adam,<keras.src.losses.losses.MeanSquaredError object at 0x73a3d7d3a450>,1,"[5.5896782875061035, 5.583909034729004, 5.587041854858398, 5.601816177368164, 5.577958583831787, 5.578771591186523, 5.628668785095215, 5.587358474731445, 5.582760334014893, 5.594099998474121, 5.62117862701416, 5.613184452056885, 5.600919246673584, 5.600482940673828]","[29.58864974975586, 6.356606960296631, 5.7480597496032715, 5.670777320861816, 5.6488847732543945, 5.625115394592285, 5.646271705627441, 5.692448139190674, 5.606870651245117, 5.63117790222168, 5.598408222198486, 5.635892868041992, 5.596634864807129, 5.624361515045166, 5.5929999351501465, 5.584005355834961, 5.6169328689575195, 5.575047016143799, 5.5896782875061035, 5.583909034729004, 5.587041854858398, 5.601816177368164, 5.577958583831787, 5.578771591186523, 5.628668785095215, 5.587358474731445, 5.582760334014893, 5.594099998474121, 5.62117862701416, 5.613184452056885, 5.600919246673584, 5.600482940673828, 5.590280532836914]"
0,"[50, 20]",leaky_relu,adam,<keras.src.losses.losses.MeanSquaredError object at 0x73a3d7d3a450>,2,"[0.1547013372182846, 0.14939160645008087, 0.15133927762508392, 0.15766911208629608, 0.16257210075855255, 0.14512954652309418, 0.18318448960781097, 0.1563609391450882, 0.14900840818881989, 0.14497889578342438, 0.14190417528152466, 0.14696234464645386, 0.14757128059864044, 0.14454099535942078]","[19.12160873413086, 6.375502586364746, 5.718569278717041, 5.644649505615234, 5.604730606079102, 5.612324237823486, 5.656819820404053, 5.601147174835205, 5.582184791564941, 5.570233345031738, 5.559042930603027, 5.578939437866211, 5.5344462394714355, 5.48710823059082, 5.353218078613281, 4.416204929351807, 2.0327024459838867, 1.052445888519287, 0.7939568758010864, 0.6568989157676697, 0.5704452991485596, 0.506799042224884, 0.458969384431839, 0.43441513180732727, 0.41467639803886414, 0.40243688225746155, 0.38091370463371277, 0.37650519609451294, 0.36856353282928467, 0.35787373781204224, 0.3483017086982727, 0.34199216961860657, 0.33409273624420166, 0.3373294770717621, 0.32249560952186584, 0.31192195415496826, 0.30633267760276794, 0.2985456585884094, 0.2982439398765564, 0.2858816683292389, 0.27539387345314026, 0.2636469602584839, 0.2508065402507782, 0.24519576132297516, 0.23740799725055695, 0.23097798228263855, 0.22076937556266785, 0.20787686109542847, 0.2085450440645218, 0.19538871943950653, 0.20163169503211975, 0.19483578205108643, 0.17905192077159882, 0.17672152817249298, 0.17041654884815216, 0.169533371925354, 0.178073912858963, 0.16503578424453735, 0.1664571613073349, 0.18735988438129425, 0.15585242211818695, 0.15871889889240265, 0.158128559589386, 0.15056592226028442, 0.16061833500862122, 0.16399091482162476, 0.1501234471797943, 0.15462267398834229, 0.17158310115337372, 0.15268594026565552, 0.15097224712371826, 0.15060724318027496, 0.15946301817893982, 0.15430885553359985, 0.15057411789894104, 0.14645344018936157, 0.14611299335956573, 0.158784419298172, 0.14639782905578613, 0.14320781826972961, 0.15682950615882874, 0.16247376799583435, 0.15447022020816803, 0.1496676206588745, 0.141032874584198, 0.15413294732570648, 0.14988145232200623, 0.17710231244564056, 0.14720314741134644, 0.14824657142162323, 0.14667317271232605, 0.14541417360305786, 0.14374428987503052, 0.14436493813991547, 0.14137814939022064, 0.14079400897026062, 0.16089601814746857, 0.1532897651195526, 0.14077909290790558, 0.1547013372182846, 0.14939160645008087, 0.15133927762508392, 0.15766911208629608, 0.16257210075855255, 0.14512954652309418, 0.18318448960781097, 0.1563609391450882, 0.14900840818881989, 0.14497889578342438, 0.14190417528152466, 0.14696234464645386, 0.14757128059864044, 0.14454099535942078, 0.14321544766426086]"
0,"[50, 20]",leaky_relu,adam,<keras.src.losses.losses.MeanSquaredError object at 0x73a3d7d3a450>,3,"[0.15696926414966583, 0.14840905368328094, 0.14680971205234528, 0.1444433033466339, 0.1468968391418457, 0.14584514498710632, 0.1434866040945053, 0.15007153153419495, 0.14788702130317688, 0.14401289820671082, 0.1440218836069107, 0.16834065318107605, 0.14381761848926544, 0.1443335860967636]","[14.667924880981445, 6.216031551361084, 5.745920181274414, 5.696170330047607, 5.591882705688477, 5.57086181640625, 5.568751811981201, 5.519158363342285, 5.454898834228516, 5.277882099151611, 4.8497314453125, 3.0461974143981934, 1.1535601615905762, 0.7064360976219177, 0.515954852104187, 0.420462965965271, 0.3576596677303314, 0.3207130432128906, 0.28434011340141296, 0.2532573640346527, 0.2316383570432663, 0.21211667358875275, 0.19985444843769073, 0.18432027101516724, 0.18006277084350586, 0.17512501776218414, 0.17797823250293732, 0.1836574822664261, 0.16493768990039825, 0.25756388902664185, 0.15430225431919098, 0.15186704695224762, 0.15631887316703796, 0.14944711327552795, 0.15761741995811462, 0.15739469230175018, 0.15392941236495972, 0.1523628830909729, 0.16473878920078278, 0.15202884376049042, 0.15434002876281738, 0.14527703821659088, 0.14721684157848358, 0.1462373584508896, 0.17010261118412018, 0.15447095036506653, 0.14952591061592102, 0.15796582400798798, 0.14228494465351105, 0.15696926414966583, 0.14840905368328094, 0.14680971205234528, 0.1444433033466339, 0.1468968391418457, 0.14584514498710632, 0.1434866040945053, 0.15007153153419495, 0.14788702130317688, 0.14401289820671082, 0.1440218836069107, 0.16834065318107605, 0.14381761848926544, 0.1443335860967636, 0.1424190104007721]"
0,"[50, 20]",leaky_relu,adam,<keras.src.losses.losses.MeanSquaredError object at 0x73a3d7d3a450>,4,"[0.12721051275730133, 0.13383515179157257, 0.17730963230133057, 0.12132862210273743, 0.11902192234992981, 0.12050967663526535, 0.12584803998470306, 0.11925527453422546, 0.1205681562423706, 0.12284072488546371, 0.12088489532470703, 0.15243329107761383, 0.1263330578804016, 0.16290348768234253]","[16.996475219726562, 6.233404159545898, 5.657832622528076, 5.584295272827148, 5.554873943328857, 5.529428482055664, 5.469935894012451, 5.378256320953369, 5.210748195648193, 4.799440383911133, 3.7419557571411133, 2.136031150817871, 1.2177793979644775, 0.872488260269165, 0.6918412446975708, 0.5653433203697205, 0.48677581548690796, 0.43229907751083374, 0.392917275428772, 0.363712340593338, 0.33501699566841125, 0.3081896901130676, 0.28291985392570496, 0.26711371541023254, 0.2514785826206207, 0.2341412901878357, 0.22783371806144714, 0.2215672880411148, 0.20965081453323364, 0.2080283910036087, 0.1983185112476349, 0.19075345993041992, 0.18011580407619476, 0.18197636306285858, 0.1703992486000061, 0.1683782935142517, 0.16724534332752228, 0.16197022795677185, 0.16092784702777863, 0.15486794710159302, 0.15595966577529907, 0.15998120605945587, 0.16240248084068298, 0.16595855355262756, 0.1589576005935669, 0.14779126644134521, 0.1482572853565216, 0.14296235144138336, 0.14546145498752594, 0.14289534091949463, 0.14343759417533875, 0.13737021386623383, 0.1443413347005844, 0.15276402235031128, 0.13412004709243774, 0.1475994884967804, 0.14507676661014557, 0.13117356598377228, 0.13068848848342896, 0.13697707653045654, 0.1335606426000595, 0.14930932223796844, 0.1348193734884262, 0.13483479619026184, 0.141847163438797, 0.13191115856170654, 0.12595802545547485, 0.12412582337856293, 0.12772119045257568, 0.13166439533233643, 0.12208613753318787, 0.12342279404401779, 0.12646254897117615, 0.12899652123451233, 0.12374508380889893, 0.13038258254528046, 0.13004399836063385, 0.1200326681137085, 0.13496273756027222, 0.1248885914683342, 0.12743327021598816, 0.14068415760993958, 0.1437680721282959, 0.12829147279262543, 0.11848698556423187, 0.11778739094734192, 0.12721051275730133, 0.13383515179157257, 0.17730963230133057, 0.12132862210273743, 0.11902192234992981, 0.12050967663526535, 0.12584803998470306, 0.11925527453422546, 0.1205681562423706, 0.12284072488546371, 0.12088489532470703, 0.15243329107761383, 0.1263330578804016, 0.16290348768234253, 0.12020990252494812]"
0,"[50, 20]",leaky_relu,adam,<keras.src.losses.losses.MeanSquaredError object at 0x73a3d7d3a450>,5,"[0.05218779295682907, 0.05521637201309204, 0.05943768471479416, 0.05178157985210419, 0.11621810495853424, 0.05797167494893074, 0.056656256318092346, 0.051882896572351456, 0.053211744874715805, 0.05825461819767952, 0.05502822622656822, 0.07574936747550964, 0.050402428954839706, 0.05818726122379303]","[17.789756774902344, 6.102500915527344, 5.64569091796875, 5.431210041046143, 5.172686576843262, 4.483878135681152, 2.2500271797180176, 0.9640588760375977, 0.6358273029327393, 0.514071524143219, 0.4529193639755249, 0.4160412549972534, 0.39495769143104553, 0.38521113991737366, 0.37554919719696045, 0.3785324692726135, 0.37298643589019775, 0.375819593667984, 0.37138429284095764, 0.36812227964401245, 0.3634776473045349, 0.36288774013519287, 0.36002057790756226, 0.36372095346450806, 0.35581427812576294, 0.3557659387588501, 0.3510397970676422, 0.3524520695209503, 0.3648967146873474, 0.3476458787918091, 0.33274000883102417, 0.32785764336586, 0.3216482102870941, 0.3076359033584595, 0.2960285246372223, 0.2901472747325897, 0.2767993211746216, 0.2629135549068451, 0.28121140599250793, 0.2391657531261444, 0.22552183270454407, 0.2161101996898651, 0.21655170619487762, 0.21189779043197632, 0.1984654664993286, 0.18079599738121033, 0.1796286404132843, 0.19369587302207947, 0.17992322146892548, 0.16331155598163605, 0.1624271273612976, 0.15850263833999634, 0.15890339016914368, 0.15756464004516602, 0.14290520548820496, 0.14758062362670898, 0.14678019285202026, 0.16458092629909515, 0.1391003578901291, 0.1373678743839264, 0.15910840034484863, 0.1301961988210678, 0.1387137770652771, 0.13709017634391785, 0.1266130954027176, 0.12561842799186707, 0.13904893398284912, 0.12250719964504242, 0.12252720445394516, 0.12331705540418625, 0.12081313133239746, 0.13088087737560272, 0.11886150389909744, 0.11488154530525208, 0.11568805575370789, 0.11526281386613846, 0.11714275926351547, 0.13576985895633698, 0.15805508196353912, 0.10767098516225815, 0.10717862099409103, 0.10780273377895355, 0.10768265277147293, 0.09831832349300385, 0.12245792895555496, 0.11170680075883865, 0.0911131203174591, 0.0883367508649826, 0.08216884732246399, 0.08976367115974426, 0.08295506983995438, 0.0782703384757042, 0.07600858807563782, 0.07106591016054153, 0.07500184327363968, 0.06721115112304688, 0.06542188674211502, 0.07521846890449524, 0.09367895871400833, 0.06794030964374542, 0.06878548115491867, 0.062295496463775635, 0.07226809859275818, 0.06862081587314606, 0.08334073424339294, 0.0659976452589035, 0.060096316039562225, 0.06259824335575104, 0.06628207862377167, 0.06294646859169006, 0.07965114712715149, 0.06246490776538849, 0.06118212640285492, 0.06325354427099228, 0.05963514372706413, 0.06992867588996887, 0.06506562232971191, 0.06197522208094597, 0.06486546993255615, 0.08181922882795334, 0.0569315031170845, 0.05912638455629349, 0.06725407391786575, 0.08086520433425903, 0.05825332924723625, 0.05236675962805748, 0.054873887449502945, 0.06566598266363144, 0.07407055795192719, 0.16988550126552582, 0.06116741895675659, 0.056633949279785156, 0.057467930018901825, 0.05269598215818405, 0.05705692991614342, 0.056667640805244446, 0.06032325699925423, 0.05207018181681633, 0.056395273655653, 0.05902470648288727, 0.06714353710412979, 0.05485200136899948, 0.06056443974375725, 0.053575266152620316, 0.05340105667710304, 0.05438299849629402, 0.10542824864387512, 0.12012246251106262, 0.05474711209535599, 0.05043060705065727, 0.058067262172698975, 0.057519104331731796, 0.05500433221459389, 0.04785403609275818, 0.05218779295682907, 0.05521637201309204, 0.05943768471479416, 0.05178157985210419, 0.11621810495853424, 0.05797167494893074, 0.056656256318092346, 0.051882896572351456, 0.053211744874715805, 0.05825461819767952, 0.05502822622656822, 0.07574936747550964, 0.050402428954839706, 0.05818726122379303, 0.05472862720489502]"
0,"[50, 20]",leaky_relu,adam,<keras.src.losses.losses.MeanSquaredError object at 0x73a3d7d3a450>,6,"[0.06563585996627808, 0.055126480758190155, 0.0747685432434082, 0.05664478987455368, 0.05202392116189003, 0.0696222186088562, 0.05017415061593056, 0.054340437054634094, 0.04761812463402748, 0.049153879284858704, 0.05831136181950569, 0.06168831139802933, 0.06471697241067886, 0.07478991895914078]","[27.23471450805664, 6.556187152862549, 5.714785575866699, 5.610340118408203, 5.560770511627197, 5.524652481079102, 5.477744102478027, 5.299450397491455, 4.87468147277832, 3.556075096130371, 1.6149553060531616, 0.8497725129127502, 0.5476933717727661, 0.41382986307144165, 0.3437559902667999, 0.2935441732406616, 0.25839751958847046, 0.24014216661453247, 0.21972662210464478, 0.20690543949604034, 0.19712598621845245, 0.18023370206356049, 0.17697003483772278, 0.17220163345336914, 0.16651077568531036, 0.16432105004787445, 0.16238832473754883, 0.15856027603149414, 0.1519751101732254, 0.1531059443950653, 0.15089258551597595, 0.15308719873428345, 0.15513616800308228, 0.1496509313583374, 0.15761925280094147, 0.1455778330564499, 0.14544612169265747, 0.1440219134092331, 0.1519719660282135, 0.14873839914798737, 0.17341917753219604, 0.14067403972148895, 0.1533287763595581, 0.14141477644443512, 0.1426149606704712, 0.14196732640266418, 0.139840766787529, 0.15246206521987915, 0.1422162652015686, 0.1393740028142929, 0.15392710268497467, 0.1435164362192154, 0.14338237047195435, 0.15705908834934235, 0.14369718730449677, 0.15144133567810059, 0.13905344903469086, 0.1482914686203003, 0.13793011009693146, 0.1370435357093811, 0.1468992531299591, 0.13898222148418427, 0.15545238554477692, 0.14089243113994598, 0.1440824270248413, 0.14897210896015167, 0.14446298778057098, 0.14783991873264313, 0.14007321000099182, 0.16024042665958405, 0.1361723244190216, 0.15406033396720886, 0.132584348320961, 0.1683454066514969, 0.13758359849452972, 0.13696616888046265, 0.14777973294258118, 0.1354815512895584, 0.1309613734483719, 0.1302480399608612, 0.15282301604747772, 0.14057016372680664, 0.14036890864372253, 0.1382053792476654, 0.14261777698993683, 0.13195976614952087, 0.1450423151254654, 0.1280275285243988, 0.13153241574764252, 0.132065549492836, 0.13496245443820953, 0.12838362157344818, 0.13547301292419434, 0.20845180749893188, 0.1346522867679596, 0.13272258639335632, 0.12718293070793152, 0.14658617973327637, 0.1294776201248169, 0.1368057131767273, 0.1217876523733139, 0.13128229975700378, 0.1408235728740692, 0.13367322087287903, 0.12415150552988052, 0.125006303191185, 0.11636800318956375, 0.11824186891317368, 0.13053174316883087, 0.1194099709391594, 0.115688256919384, 0.11947687715291977, 0.1258315145969391, 0.11685517430305481, 0.11300040781497955, 0.14450938999652863, 0.12332204729318619, 0.14089366793632507, 0.14212492108345032, 0.13718891143798828, 0.11059591919183731, 0.11784688383340836, 0.12170343846082687, 0.11459794640541077, 0.11502940207719803, 0.10545645654201508, 0.10565650463104248, 0.10885529220104218, 0.12788154184818268, 0.1281704306602478, 0.12608057260513306, 0.1089145839214325, 0.15707799792289734, 0.10928566008806229, 0.1055435836315155, 0.10038892924785614, 0.09889835119247437, 0.09868808090686798, 0.10048189759254456, 0.1004924401640892, 0.133441761136055, 0.1197395995259285, 0.14380761981010437, 0.09237302839756012, 0.09487210214138031, 0.08897847682237625, 0.09438416361808777, 0.08861012011766434, 0.09140589833259583, 0.11242309212684631, 0.12190011143684387, 0.08723730593919754, 0.08205276727676392, 0.0829508900642395, 0.08355133980512619, 0.07842156291007996, 0.08586122840642929, 0.13681256771087646, 0.07356956601142883, 0.06523331254720688, 0.08129468560218811, 0.06627445667982101, 0.07354655861854553, 0.06626791507005692, 0.059291772544384, 0.055630285292863846, 0.057893846184015274, 0.07683958113193512, 0.07176782190799713, 0.05373656749725342, 0.05931335687637329, 0.0655389279127121, 0.06294700503349304, 0.0514361597597599, 0.05220241844654083, 0.04900297522544861, 0.05176672711968422, 0.05567612126469612, 0.052729036659002304, 0.04794901981949806, 0.05719557777047157, 0.047350332140922546, 0.06563585996627808, 0.055126480758190155, 0.0747685432434082, 0.05664478987455368, 0.05202392116189003, 0.0696222186088562, 0.05017415061593056, 0.054340437054634094, 0.04761812463402748, 0.049153879284858704, 0.05831136181950569, 0.06168831139802933, 0.06471697241067886, 0.07478991895914078, 0.052619948983192444]"
0,"[50, 20]",leaky_relu,adam,<keras.src.losses.losses.MeanSquaredError object at 0x73a3d7d3a450>,7,"[0.03226805478334427, 0.03944893553853035, 0.04138556495308876, 0.03494194522500038, 0.06776005029678345, 0.047525566071271896, 0.03441811352968216, 0.0313408225774765, 0.06396141648292542, 0.030387166887521744, 0.030453834682703018, 0.03192511945962906, 0.039564743638038635, 0.07735010981559753]","[20.940853118896484, 6.434139251708984, 5.804596424102783, 5.6204423904418945, 5.487897872924805, 5.305489540100098, 5.035135269165039, 4.529873371124268, 3.391981363296509, 1.869078278541565, 1.081453800201416, 0.8191938400268555, 0.6288220286369324, 0.5078873634338379, 0.44537845253944397, 0.388349711894989, 0.33282744884490967, 0.29461103677749634, 0.2745102345943451, 0.25311166048049927, 0.2359853833913803, 0.2165391743183136, 0.21373826265335083, 0.1951906830072403, 0.1878996640443802, 0.18984682857990265, 0.17555104196071625, 0.17223156988620758, 0.17620116472244263, 0.16559991240501404, 0.17020566761493683, 0.1646307408809662, 0.16206632554531097, 0.15721099078655243, 0.16488033533096313, 0.1538507342338562, 0.15357893705368042, 0.1605956107378006, 0.1494535505771637, 0.15227705240249634, 0.14926031231880188, 0.1454152762889862, 0.1496042013168335, 0.14951273798942566, 0.1466725468635559, 0.14376813173294067, 0.15095621347427368, 0.1426018327474594, 0.1485966145992279, 0.13951312005519867, 0.16287490725517273, 0.14154312014579773, 0.1473502218723297, 0.1399698257446289, 0.14731501042842865, 0.1373770833015442, 0.16561762988567352, 0.13915906846523285, 0.13367335498332977, 0.13424555957317352, 0.13290274143218994, 0.13906656205654144, 0.13002672791481018, 0.12741558253765106, 0.13162066042423248, 0.13469655811786652, 0.14866304397583008, 0.12081747502088547, 0.12335541844367981, 0.11957527697086334, 0.11937645822763443, 0.11659722775220871, 0.10976099967956543, 0.10634201765060425, 0.11169454455375671, 0.12280482798814774, 0.100735142827034, 0.09644016623497009, 0.10319710522890091, 0.08362411707639694, 0.08141372352838516, 0.07949623465538025, 0.07502038031816483, 0.09140372276306152, 0.07207610458135605, 0.07981324940919876, 0.07663152366876602, 0.07366127520799637, 0.07236555218696594, 0.06979689747095108, 0.06629678606987, 0.06412993371486664, 0.07359883189201355, 0.06785392761230469, 0.06689023971557617, 0.07274331152439117, 0.06768885254859924, 0.0755886435508728, 0.07044000178575516, 0.06634721159934998, 0.06346103549003601, 0.06603999435901642, 0.07805999368429184, 0.062257733196020126, 0.06501587480306625, 0.06454596668481827, 0.16798461973667145, 0.06832180917263031, 0.06297656148672104, 0.07310766726732254, 0.061882760375738144, 0.06536578387022018, 0.06936074793338776, 0.06486475467681885, 0.09406045824289322, 0.06745747476816177, 0.06265447288751602, 0.06364475935697556, 0.06951466202735901, 0.06527496129274368, 0.05899224057793617, 0.06414803117513657, 0.06468427926301956, 0.06126481294631958, 0.07471440732479095, 0.06825126707553864, 0.07095759361982346, 0.058871082961559296, 0.060223426669836044, 0.06776541471481323, 0.062106654047966, 0.05998434126377106, 0.0778566524386406, 0.06491497904062271, 0.0636991485953331, 0.07780147343873978, 0.08381959050893784, 0.08490830659866333, 0.06417177617549896, 0.05823127552866936, 0.060530032962560654, 0.05606471747159958, 0.06572682410478592, 0.06601613014936447, 0.05607198178768158, 0.05618249624967575, 0.05742897093296051, 0.06835221499204636, 0.05646928772330284, 0.06647861003875732, 0.0624416284263134, 0.0652666687965393, 0.06779550015926361, 0.05371224135160446, 0.0654396042227745, 0.0607946515083313, 0.0529729463160038, 0.055130138993263245, 0.1336236298084259, 0.06197116896510124, 0.05446253716945648, 0.05468280613422394, 0.054806143045425415, 0.04914515092968941, 0.04739661142230034, 0.047229666262865067, 0.06157698854804039, 0.05636399984359741, 0.05014186352491379, 0.07784107327461243, 0.053220588713884354, 0.049186822026968, 0.047396834939718246, 0.04446437209844589, 0.06528285145759583, 0.06422080099582672, 0.08732708543539047, 0.04715747386217117, 0.043302468955516815, 0.04683210700750351, 0.049512047320604324, 0.0437575988471508, 0.05180991068482399, 0.05008751153945923, 0.054904431104660034, 0.044745251536369324, 0.04109913110733032, 0.04250941425561905, 0.03975728154182434, 0.038791194558143616, 0.05919736623764038, 0.0450151190161705, 0.04028452932834625, 0.041409194469451904, 0.04202364385128021, 0.05884550139307976, 0.04233338311314583, 0.04535268247127533, 0.0578949898481369, 0.04174429923295975, 0.03700488805770874, 0.03586053475737572, 0.0415923185646534, 0.0379064679145813, 0.04313519224524498, 0.036837026476860046, 0.04552857577800751, 0.06520478427410126, 0.04636241868138313, 0.04185086488723755, 0.03586312755942345, 0.05833323672413826, 0.03427692502737045, 0.0367547832429409, 0.04898075759410858, 0.03407939150929451, 0.03566811606287956, 0.0347568541765213, 0.0334445983171463, 0.08307851850986481, 0.05542252957820892, 0.04239916056394577, 0.036600373685359955, 0.06816254556179047, 0.059880904853343964, 0.045465137809515, 0.03536994010210037, 0.0345526784658432, 0.036962006241083145, 0.03554350137710571, 0.04347251355648041, 0.030369093641638756, 0.03634800761938095, 0.033638253808021545, 0.04030874744057655, 0.03305961191654205, 0.04017290100455284, 0.03315688297152519, 0.03070770390331745, 0.036609090864658356, 0.038332123309373856, 0.044305961579084396, 0.02991383895277977, 0.040192827582359314, 0.029358647763729095, 0.03226805478334427, 0.03944893553853035, 0.04138556495308876, 0.03494194522500038, 0.06776005029678345, 0.047525566071271896, 0.03441811352968216, 0.0313408225774765, 0.06396141648292542, 0.030387166887521744, 0.030453834682703018, 0.03192511945962906, 0.039564743638038635, 0.07735010981559753, 0.03189634531736374]"
0,"[50, 20]",leaky_relu,nadam,<keras.src.losses.losses.MeanSquaredError object at 0x73a3d7d3a450>,1,"[5.584798336029053, 5.577751636505127, 5.589908123016357, 5.572092533111572, 5.584782123565674, 5.6228346824646, 5.571933269500732, 5.606718063354492, 5.616334915161133, 5.5738749504089355, 5.586150169372559, 5.575997352600098, 5.595731735229492, 5.6002349853515625]","[12.565494537353516, 6.004228591918945, 5.686764240264893, 5.639832496643066, 5.6718597412109375, 5.619357585906982, 5.624300956726074, 5.598241329193115, 5.60990047454834, 5.655065536499023, 5.627622604370117, 5.58741569519043, 5.585648536682129, 5.578920364379883, 5.58219051361084, 5.577541828155518, 5.590752601623535, 5.65347957611084, 5.60998010635376, 5.611837387084961, 5.7086873054504395, 5.569377422332764, 5.584798336029053, 5.577751636505127, 5.589908123016357, 5.572092533111572, 5.584782123565674, 5.6228346824646, 5.571933269500732, 5.606718063354492, 5.616334915161133, 5.5738749504089355, 5.586150169372559, 5.575997352600098, 5.595731735229492, 5.6002349853515625, 5.594879150390625]"
0,"[50, 20]",leaky_relu,nadam,<keras.src.losses.losses.MeanSquaredError object at 0x73a3d7d3a450>,2,"[0.10824402421712875, 0.12132374197244644, 0.31526172161102295, 0.11128436028957367, 0.11107176542282104, 0.11515060812234879, 0.21044623851776123, 0.11946301907300949, 0.1089903861284256, 0.1081431582570076, 0.14071083068847656, 0.21191591024398804, 0.11052100360393524, 0.13374347984790802]","[9.729951858520508, 5.84157133102417, 5.682966232299805, 5.635820388793945, 5.607280731201172, 5.598838806152344, 5.626337051391602, 5.602609157562256, 5.57799768447876, 5.514961242675781, 5.50346565246582, 5.346546649932861, 4.891069412231445, 2.1367218494415283, 0.7161747813224792, 0.5196542739868164, 0.4496206045150757, 0.3994428813457489, 0.36228275299072266, 0.33165571093559265, 0.31497660279273987, 0.3191363513469696, 0.2872137725353241, 0.26033443212509155, 0.2536461651325226, 0.25128015875816345, 0.2325281798839569, 0.2266951948404312, 0.22170312702655792, 0.25202006101608276, 0.20175769925117493, 0.1945820301771164, 0.2282126545906067, 0.18225829303264618, 0.18831318616867065, 0.20545214414596558, 0.17628847062587738, 0.2725147008895874, 0.1800641566514969, 0.16458430886268616, 0.1774059534072876, 0.3698481321334839, 0.1561369001865387, 0.1638396978378296, 0.15360552072525024, 0.3030870854854584, 0.15015989542007446, 0.15410929918289185, 0.1637309342622757, 0.281473308801651, 0.15579190850257874, 0.14336836338043213, 0.1632521152496338, 0.43625763058662415, 0.14290744066238403, 0.14253418147563934, 0.14400196075439453, 0.14621533453464508, 0.2893933057785034, 0.14154364168643951, 0.15844765305519104, 0.16780053079128265, 0.16935831308364868, 0.13652001321315765, 0.15589475631713867, 0.19920140504837036, 0.1382419914007187, 0.1416654735803604, 0.20359332859516144, 0.20437374711036682, 0.1390058696269989, 0.14872676134109497, 0.14951719343662262, 0.25175997614860535, 0.141911581158638, 0.1331178843975067, 0.18306244909763336, 0.14787405729293823, 0.146660715341568, 0.14764007925987244, 0.1528669148683548, 0.18372975289821625, 0.1292395144701004, 0.14189966022968292, 0.2753008306026459, 0.13018828630447388, 0.12707042694091797, 0.13514389097690582, 0.23786936700344086, 0.13397713005542755, 0.12428384274244308, 0.12334231287240982, 0.15555520355701447, 0.13283410668373108, 0.1397802084684372, 0.12406645715236664, 0.1541077047586441, 0.32727617025375366, 0.12549956142902374, 0.1224803552031517, 0.24104207754135132, 0.1525178849697113, 0.1216135323047638, 0.12612684071063995, 0.17388397455215454, 0.12425459921360016, 0.1294979602098465, 0.15756015479564667, 0.2796131670475006, 0.11831453442573547, 0.11807625740766525, 0.14280754327774048, 0.14548707008361816, 0.11551148444414139, 0.11449307948350906, 0.12246465682983398, 0.24429041147232056, 0.12665681540966034, 0.12263233214616776, 0.14486123621463776, 0.16628558933734894, 0.15786463022232056, 0.11624549329280853, 0.1392962634563446, 0.31656181812286377, 0.11923495680093765, 0.11429964005947113, 0.11515259742736816, 0.11611317098140717, 0.18283475935459137, 0.12423128634691238, 0.12336799502372742, 0.11645906418561935, 0.3074519634246826, 0.1416822075843811, 0.11871646344661713, 0.12007599323987961, 0.22461454570293427, 0.11745742708444595, 0.11465801298618317, 0.11153406649827957, 0.18426117300987244, 0.15834420919418335, 0.11671655625104904, 0.12616047263145447, 0.2008977234363556, 0.1252548098564148, 0.11477724462747574, 0.16220897436141968, 0.17670021951198578, 0.1101953536272049, 0.10933932662010193, 0.12602515518665314, 0.21971388161182404, 0.11835993826389313, 0.1129293143749237, 0.11134558171033859, 0.14237111806869507, 0.2036541849374771, 0.1328919231891632, 0.1141606941819191, 0.11088260263204575, 0.12491682916879654, 0.23623599112033844, 0.1172921285033226, 0.10660457611083984, 0.10824402421712875, 0.12132374197244644, 0.31526172161102295, 0.11128436028957367, 0.11107176542282104, 0.11515060812234879, 0.21044623851776123, 0.11946301907300949, 0.1089903861284256, 0.1081431582570076, 0.14071083068847656, 0.21191591024398804, 0.11052100360393524, 0.13374347984790802, 0.1094028428196907]"
0,"[50, 20]",leaky_relu,nadam,<keras.src.losses.losses.MeanSquaredError object at 0x73a3d7d3a450>,3,"[0.19693762063980103, 0.23350456357002258, 0.1581444889307022, 0.1496230810880661, 0.15989041328430176, 0.217941552400589, 0.17967785894870758, 0.14166176319122314, 0.1600044071674347, 0.15699034929275513, 0.2787134349346161, 0.14151006937026978, 0.13887472450733185, 0.14099468290805817]","[8.683525085449219, 5.748107433319092, 5.591441631317139, 5.5669732093811035, 5.49989652633667, 5.370661735534668, 5.063806533813477, 4.011528015136719, 1.7157624959945679, 0.9118393659591675, 0.7103614211082458, 0.5901171565055847, 0.4414987564086914, 0.5437758564949036, 0.38045236468315125, 0.4301663935184479, 0.34952977299690247, 0.5524616837501526, 0.3305847942829132, 0.30321410298347473, 0.29112696647644043, 0.3368808925151825, 0.2628207802772522, 0.2629435360431671, 0.3007649779319763, 0.23675373196601868, 0.21743278205394745, 0.29687830805778503, 0.20653878152370453, 0.20828688144683838, 0.17816267907619476, 0.2496183216571808, 0.1678931564092636, 0.1704121083021164, 0.2228030562400818, 0.16318802535533905, 0.1546880155801773, 0.1634145826101303, 0.14799052476882935, 0.1608143448829651, 0.20719891786575317, 0.14442825317382812, 0.1541772484779358, 0.15579740703105927, 0.15401440858840942, 0.16269707679748535, 0.14227953553199768, 0.14724653959274292, 0.16379135847091675, 0.3128279149532318, 0.14009742438793182, 0.15795806050300598, 0.16984763741493225, 0.24679385125637054, 0.1484297215938568, 0.14389827847480774, 0.26957061886787415, 0.16416716575622559, 0.1373981237411499, 0.13866499066352844, 0.17754481732845306, 0.3661231994628906, 0.13974258303642273, 0.1451760083436966, 0.3803085684776306, 0.15883079171180725, 0.13710124790668488, 0.19693762063980103, 0.23350456357002258, 0.1581444889307022, 0.1496230810880661, 0.15989041328430176, 0.217941552400589, 0.17967785894870758, 0.14166176319122314, 0.1600044071674347, 0.15699034929275513, 0.2787134349346161, 0.14151006937026978, 0.13887472450733185, 0.14099468290805817, 0.3587213158607483]"
0,"[50, 20]",leaky_relu,nadam,<keras.src.losses.losses.MeanSquaredError object at 0x73a3d7d3a450>,4,"[0.1702614575624466, 0.18381044268608093, 0.17681501805782318, 0.14358624815940857, 0.1379215121269226, 0.14620718359947205, 0.2521735727787018, 0.16728895902633667, 0.14241980016231537, 0.14473417401313782, 0.2340700626373291, 0.14700622856616974, 0.1491517424583435, 0.15802961587905884]","[11.949912071228027, 5.759715557098389, 5.634097099304199, 5.617990493774414, 5.59624719619751, 5.587260723114014, 5.569491863250732, 5.597718238830566, 5.571933269500732, 5.544268608093262, 5.4792962074279785, 5.3859429359436035, 5.21729850769043, 4.5482635498046875, 2.6344358921051025, 1.0268051624298096, 0.6765215396881104, 0.5686821341514587, 0.39956143498420715, 0.31700634956359863, 0.30432751774787903, 0.3059556186199188, 0.2581775486469269, 0.2637035846710205, 0.20018981397151947, 0.1913108080625534, 0.18435494601726532, 0.3284112215042114, 0.18955104053020477, 0.15919934213161469, 0.2187565714120865, 0.15449190139770508, 0.16541950404644012, 0.1514342874288559, 0.16181713342666626, 0.1483706533908844, 0.14946186542510986, 0.1459985226392746, 0.143558070063591, 0.6513032913208008, 0.14473778009414673, 0.1457710713148117, 0.15359312295913696, 0.17469526827335358, 0.18385173380374908, 0.1449246108531952, 0.1524745225906372, 0.22209984064102173, 0.15614277124404907, 0.15958131849765778, 0.1547105759382248, 0.2126503735780716, 0.14054381847381592, 0.14143626391887665, 0.31692269444465637, 0.14286890625953674, 0.14925485849380493, 0.19916875660419464, 0.2310715764760971, 0.15814244747161865, 0.15799260139465332, 0.16976839303970337, 0.15684069693088531, 0.1910206526517868, 0.14453816413879395, 0.37655240297317505, 0.1376919001340866, 0.1702614575624466, 0.18381044268608093, 0.17681501805782318, 0.14358624815940857, 0.1379215121269226, 0.14620718359947205, 0.2521735727787018, 0.16728895902633667, 0.14241980016231537, 0.14473417401313782, 0.2340700626373291, 0.14700622856616974, 0.1491517424583435, 0.15802961587905884, 0.22051960229873657]"
0,"[50, 20]",leaky_relu,nadam,<keras.src.losses.losses.MeanSquaredError object at 0x73a3d7d3a450>,5,"[0.22715666890144348, 0.16382142901420593, 0.18817490339279175, 0.15024909377098083, 0.21304869651794434, 0.16149979829788208, 0.17081546783447266, 0.1503710299730301, 0.19939720630645752, 0.14732322096824646, 0.13394780457019806, 0.14764714241027832, 0.16591447591781616, 0.14460399746894836]","[10.014118194580078, 5.863792419433594, 5.669318675994873, 5.5959601402282715, 5.614712238311768, 5.558550834655762, 5.541159629821777, 5.447286605834961, 5.197595596313477, 4.049495220184326, 1.766359567642212, 1.0328669548034668, 0.8745390176773071, 0.6372061967849731, 0.5892168283462524, 0.5036776065826416, 0.456753671169281, 0.4093799889087677, 0.37299227714538574, 0.4386235475540161, 0.3411010503768921, 0.38425666093826294, 0.31492340564727783, 0.3111685812473297, 0.31544631719589233, 0.32689720392227173, 0.27780506014823914, 0.284956157207489, 0.27784761786460876, 0.34914055466651917, 0.24344880878925323, 0.3322273790836334, 0.22832530736923218, 0.36132508516311646, 0.2135229855775833, 0.21231988072395325, 0.3654933571815491, 0.19840183854103088, 0.23184193670749664, 0.19582991302013397, 0.18805517256259918, 0.20675872266292572, 0.23920263350009918, 0.17339950799942017, 0.16434186697006226, 0.1918240785598755, 0.194569930434227, 0.16790097951889038, 0.1588733196258545, 0.19054386019706726, 0.16639010608196259, 0.16994833946228027, 0.31154972314834595, 0.15639379620552063, 0.14953255653381348, 0.1583349108695984, 0.3162526488304138, 0.15184925496578217, 0.1417137086391449, 0.1559523642063141, 0.46727004647254944, 0.14156967401504517, 0.15053550899028778, 0.20991721749305725, 0.14568772912025452, 0.13565979897975922, 0.1453651785850525, 0.36707353591918945, 0.165961354970932, 0.1388811469078064, 0.13859456777572632, 0.1503780335187912, 0.40366530418395996, 0.1331365406513214, 0.22715666890144348, 0.16382142901420593, 0.18817490339279175, 0.15024909377098083, 0.21304869651794434, 0.16149979829788208, 0.17081546783447266, 0.1503710299730301, 0.19939720630645752, 0.14732322096824646, 0.13394780457019806, 0.14764714241027832, 0.16591447591781616, 0.14460399746894836, 0.16203561425209045]"
0,"[50, 20]",leaky_relu,nadam,<keras.src.losses.losses.MeanSquaredError object at 0x73a3d7d3a450>,6,"[0.07562217116355896, 0.09940651804208755, 0.09517376869916916, 0.07661981880664825, 0.08233800530433655, 0.12878848612308502, 0.12443751841783524, 0.13186033070087433, 0.10852368921041489, 0.09498035162687302, 0.08601917326450348, 0.12761494517326355, 0.10101296007633209, 0.07330687344074249]","[9.18301010131836, 5.937836647033691, 5.673133373260498, 5.586583614349365, 5.442554950714111, 5.149165630340576, 4.515417098999023, 2.3583590984344482, 1.1588587760925293, 0.8620129227638245, 0.6895318627357483, 0.8796016573905945, 0.5432774424552917, 0.5331466197967529, 0.4923965632915497, 0.44167307019233704, 0.5304229259490967, 0.47253620624542236, 0.42373618483543396, 0.38870397210121155, 0.6313614249229431, 0.36253610253334045, 0.35848039388656616, 0.43956172466278076, 0.3493506610393524, 0.4090624451637268, 0.4085966944694519, 0.36060458421707153, 0.3608720600605011, 0.6190803050994873, 0.3389045000076294, 0.32156190276145935, 0.3501671254634857, 0.30957746505737305, 0.31244218349456787, 0.2996702194213867, 0.2929810881614685, 0.2897900938987732, 0.4451819658279419, 0.2853349447250366, 0.27235913276672363, 0.36879944801330566, 0.324623167514801, 0.25351259112358093, 0.29688793420791626, 0.38574448227882385, 0.23011143505573273, 0.23011504113674164, 0.2393484115600586, 0.29660090804100037, 0.3413403630256653, 0.2436414510011673, 0.2026788890361786, 0.21034735441207886, 0.1928546130657196, 0.28433293104171753, 0.19249695539474487, 0.17841802537441254, 0.21835801005363464, 0.2067224085330963, 0.21280327439308167, 0.18841922283172607, 0.22491614520549774, 0.17019955813884735, 0.1907227635383606, 0.2093937247991562, 0.19028383493423462, 0.1909169703722, 0.2128663808107376, 0.14134810864925385, 0.18474037945270538, 0.17157895863056183, 0.15338939428329468, 0.15381601452827454, 0.31996169686317444, 0.14837272465229034, 0.13398119807243347, 0.14686235785484314, 0.29998642206192017, 0.12720997631549835, 0.11968037486076355, 0.12066994607448578, 0.11863630264997482, 0.14533302187919617, 0.1365252137184143, 0.10954907536506653, 0.11119189858436584, 0.2468409240245819, 0.11838241666555405, 0.10493998974561691, 0.10061720758676529, 0.32488274574279785, 0.089344322681427, 0.0890972912311554, 0.12144961953163147, 0.20585599541664124, 0.11317554116249084, 0.08744136989116669, 0.09776422381401062, 0.26574718952178955, 0.07171040773391724, 0.07875514030456543, 0.09903615713119507, 0.14918439090251923, 0.0742512047290802, 0.06730304658412933, 0.12292024493217468, 0.17214077711105347, 0.07697859406471252, 0.09462782740592957, 0.1666955053806305, 0.0880754366517067, 0.07636327296495438, 0.07856612652540207, 0.2868819832801819, 0.08236616104841232, 0.06668900698423386, 0.07562217116355896, 0.09940651804208755, 0.09517376869916916, 0.07661981880664825, 0.08233800530433655, 0.12878848612308502, 0.12443751841783524, 0.13186033070087433, 0.10852368921041489, 0.09498035162687302, 0.08601917326450348, 0.12761494517326355, 0.10101296007633209, 0.07330687344074249, 0.0703558623790741]"
0,"[50, 20]",leaky_relu,nadam,<keras.src.losses.losses.MeanSquaredError object at 0x73a3d7d3a450>,7,"[0.04919115826487541, 0.0838301032781601, 0.061057668179273605, 0.05231303721666336, 0.18024395406246185, 0.053822729736566544, 0.06635531783103943, 0.058253273367881775, 0.050314489752054214, 0.1490926444530487, 0.062330398708581924, 0.04771844297647476, 0.13820713758468628, 0.05040808394551277]","[18.26459503173828, 5.882967472076416, 5.602875232696533, 5.586522579193115, 5.561847686767578, 5.512273788452148, 5.467405319213867, 5.414487361907959, 5.266897201538086, 4.994255542755127, 4.298381328582764, 2.0669453144073486, 0.8799694776535034, 0.6614484190940857, 0.46439409255981445, 0.41134369373321533, 0.3961617946624756, 0.36713749170303345, 0.34574827551841736, 0.3331824541091919, 0.31774336099624634, 0.30272361636161804, 0.33884620666503906, 0.2702277898788452, 0.29052239656448364, 0.26460379362106323, 0.25580108165740967, 0.317966103553772, 0.2288093864917755, 0.2788442075252533, 0.22362163662910461, 0.2085978239774704, 0.21815526485443115, 0.1870906800031662, 0.3172798752784729, 0.17371654510498047, 0.16586089134216309, 0.1930152028799057, 0.19365504384040833, 0.15175066888332367, 0.16719268262386322, 0.16277854144573212, 0.14274384081363678, 0.14185458421707153, 0.1852891892194748, 0.1559469997882843, 0.13720153272151947, 0.1414867788553238, 0.2681851387023926, 0.1308612823486328, 0.1346483677625656, 0.13731735944747925, 0.3676660656929016, 0.12017720192670822, 0.12342973798513412, 0.19099722802639008, 0.21818511188030243, 0.1252451390028, 0.11701023578643799, 0.14477168023586273, 0.1280638724565506, 0.1157369464635849, 0.11678016185760498, 0.12836667895317078, 0.15668204426765442, 0.11767078936100006, 0.11874474585056305, 0.1949753314256668, 0.24294795095920563, 0.11496872454881668, 0.11194433271884918, 0.1066618487238884, 0.17477025091648102, 0.11459476500749588, 0.10664461553096771, 0.11799126118421555, 0.14962555468082428, 0.14816543459892273, 0.10356272757053375, 0.1048436313867569, 0.1124633178114891, 0.19645142555236816, 0.10673374682664871, 0.11072716116905212, 0.10757487267255783, 0.12950004637241364, 0.18062320351600647, 0.16268238425254822, 0.13388758897781372, 0.12905259430408478, 0.10528337210416794, 0.21466927230358124, 0.11547788977622986, 0.09891287237405777, 0.10825515538454056, 0.2008393555879593, 0.1050281822681427, 0.09063050895929337, 0.2696579098701477, 0.09976640343666077, 0.0969693660736084, 0.09100714325904846, 0.10738536715507507, 0.27614328265190125, 0.10310035943984985, 0.08925320953130722, 0.09773936867713928, 0.16865214705467224, 0.1318415254354477, 0.08923758566379547, 0.09318336844444275, 0.20175296068191528, 0.09341880679130554, 0.10211820900440216, 0.09713024646043777, 0.1701582670211792, 0.12469802796840668, 0.0826992318034172, 0.10396397113800049, 0.18541648983955383, 0.08666851371526718, 0.08810053020715714, 0.08994031697511673, 0.2792956233024597, 0.08719505369663239, 0.0858108252286911, 0.08372420072555542, 0.15438447892665863, 0.1296011209487915, 0.08614201843738556, 0.08206316828727722, 0.09055165201425552, 0.1739901453256607, 0.07664614170789719, 0.08275983482599258, 0.15311378240585327, 0.156767800450325, 0.0823480486869812, 0.08986417949199677, 0.13516129553318024, 0.09226369112730026, 0.06885332614183426, 0.08295241743326187, 0.19596585631370544, 0.07676494866609573, 0.06768688559532166, 0.1274193376302719, 0.0682113841176033, 0.08921375870704651, 0.12827324867248535, 0.06782344728708267, 0.11096429079771042, 0.06920371204614639, 0.06445184350013733, 0.1825331598520279, 0.131428524851799, 0.06214447319507599, 0.06722264736890793, 0.13981102406978607, 0.06479230523109436, 0.060646846890449524, 0.07556416094303131, 0.2760120630264282, 0.054718952625989914, 0.06865236163139343, 0.07599521428346634, 0.11438728868961334, 0.059006817638874054, 0.04915338754653931, 0.10648203641176224, 0.11686420440673828, 0.04824994504451752, 0.05250754579901695, 0.05346161127090454, 0.17442232370376587, 0.07492229342460632, 0.054138168692588806, 0.08743064105510712, 0.08639337122440338, 0.047055117785930634, 0.048540737479925156, 0.2686848044395447, 0.05737940967082977, 0.04245227947831154, 0.04919115826487541, 0.0838301032781601, 0.061057668179273605, 0.05231303721666336, 0.18024395406246185, 0.053822729736566544, 0.06635531783103943, 0.058253273367881775, 0.050314489752054214, 0.1490926444530487, 0.062330398708581924, 0.04771844297647476, 0.13820713758468628, 0.05040808394551277, 0.10000893473625183]"
0,"[50, 20]",leaky_relu,adamw,<keras.src.losses.losses.MeanSquaredError object at 0x73a3d7d3a450>,1,"[5.62995719909668, 5.598455429077148, 5.588754653930664, 5.6252546310424805, 5.62997579574585, 5.627828598022461, 5.624233722686768, 5.735340595245361, 5.652754783630371, 5.574001312255859, 5.582948684692383, 5.640561580657959, 5.589118003845215, 5.584460258483887]","[14.088784217834473, 6.29803991317749, 5.751808166503906, 5.661890029907227, 5.613668918609619, 5.61533260345459, 5.593264102935791, 5.584469318389893, 5.574808120727539, 5.642856121063232, 5.577554225921631, 5.586745262145996, 5.5823588371276855, 5.583893775939941, 5.623857498168945, 5.572802543640137, 5.62995719909668, 5.598455429077148, 5.588754653930664, 5.6252546310424805, 5.62997579574585, 5.627828598022461, 5.624233722686768, 5.735340595245361, 5.652754783630371, 5.574001312255859, 5.582948684692383, 5.640561580657959, 5.589118003845215, 5.584460258483887, 5.587369918823242]"
0,"[50, 20]",leaky_relu,adamw,<keras.src.losses.losses.MeanSquaredError object at 0x73a3d7d3a450>,2,"[0.11465586721897125, 0.12444230914115906, 0.11866120249032974, 0.13324898481369019, 0.12095219641923904, 0.11830376088619232, 0.1143546998500824, 0.1181807816028595, 0.1339276134967804, 0.12133800983428955, 0.12161149084568024, 0.11790670454502106, 0.11634489893913269, 0.11996451765298843]","[23.41937255859375, 6.2714385986328125, 5.637696266174316, 5.597706317901611, 5.604971885681152, 5.586485862731934, 5.596404075622559, 5.582812786102295, 5.589813232421875, 5.57334566116333, 5.632643699645996, 5.671650409698486, 5.584203720092773, 5.632396221160889, 5.61098575592041, 5.598533630371094, 5.566061973571777, 5.56128454208374, 5.5620317459106445, 5.553470134735107, 5.556406497955322, 5.557278633117676, 5.600710391998291, 5.437697410583496, 5.349584102630615, 5.070408821105957, 3.6428730487823486, 1.189489722251892, 1.3201937675476074, 0.47396475076675415, 0.40939056873321533, 0.38613200187683105, 0.3699708580970764, 0.37395530939102173, 0.35632967948913574, 0.3611675798892975, 0.34564951062202454, 0.3370510935783386, 0.3300686180591583, 0.3233422636985779, 0.32426717877388, 0.31696492433547974, 0.309719979763031, 0.3006552755832672, 0.3006114661693573, 0.291164755821228, 0.28116902709007263, 0.2743752598762512, 0.2682315409183502, 0.2642137408256531, 0.2572046220302582, 0.2527369260787964, 0.24870999157428741, 0.23986577987670898, 0.23235583305358887, 0.23159247636795044, 0.2202533632516861, 0.2211494892835617, 0.2152991145849228, 0.2086900919675827, 0.20590220391750336, 0.19735154509544373, 0.19503122568130493, 0.19702380895614624, 0.1857980340719223, 0.18362542986869812, 0.18003468215465546, 0.1782885491847992, 0.17153950035572052, 0.16910047829151154, 0.17038069665431976, 0.1660953313112259, 0.16196942329406738, 0.16078461706638336, 0.16534198820590973, 0.15869246423244476, 0.15682703256607056, 0.1553981900215149, 0.15149790048599243, 0.15348808467388153, 0.14995963871479034, 0.14670778810977936, 0.14846915006637573, 0.14696161448955536, 0.1473688781261444, 0.15074925124645233, 0.14715486764907837, 0.14474672079086304, 0.14562620222568512, 0.14849917590618134, 0.1503637582063675, 0.15790919959545135, 0.14834462106227875, 0.1418491154909134, 0.1440310776233673, 0.1390666663646698, 0.1404554396867752, 0.14342695474624634, 0.14194649457931519, 0.13870643079280853, 0.13821499049663544, 0.1385446935892105, 0.1426294445991516, 0.1421981006860733, 0.15047356486320496, 0.1371477246284485, 0.1350608915090561, 0.14107991755008698, 0.1341860145330429, 0.13814786076545715, 0.13601765036582947, 0.2030613124370575, 0.134303480386734, 0.1369604766368866, 0.1352745145559311, 0.136073037981987, 0.13377344608306885, 0.13581998646259308, 0.13674017786979675, 0.13735708594322205, 0.14158323407173157, 0.1313316971063614, 0.13568907976150513, 0.14602512121200562, 0.1460200995206833, 0.13224536180496216, 0.13200047612190247, 0.13442286849021912, 0.13211208581924438, 0.13771259784698486, 0.14313024282455444, 0.13516300916671753, 0.12926064431667328, 0.12849539518356323, 0.13809159398078918, 0.13290196657180786, 0.1299797147512436, 0.12979456782341003, 0.125586599111557, 0.12455390393733978, 0.1283184438943863, 0.12599815428256989, 0.12214884161949158, 0.1322402060031891, 0.12816953659057617, 0.12764741480350494, 0.1389957219362259, 0.1400458663702011, 0.1459445208311081, 0.12927521765232086, 0.1308717280626297, 0.13003461062908173, 0.14476387202739716, 0.12168974429368973, 0.12606623768806458, 0.12084576487541199, 0.1290597766637802, 0.12665198743343353, 0.12957507371902466, 0.12814077734947205, 0.11841484904289246, 0.12762773036956787, 0.12287456542253494, 0.11729153990745544, 0.119437575340271, 0.12592454254627228, 0.11979705840349197, 0.1360735297203064, 0.12669673562049866, 0.11417094618082047, 0.11465586721897125, 0.12444230914115906, 0.11866120249032974, 0.13324898481369019, 0.12095219641923904, 0.11830376088619232, 0.1143546998500824, 0.1181807816028595, 0.1339276134967804, 0.12133800983428955, 0.12161149084568024, 0.11790670454502106, 0.11634489893913269, 0.11996451765298843, 0.11783462017774582]"
0,"[50, 20]",leaky_relu,adamw,<keras.src.losses.losses.MeanSquaredError object at 0x73a3d7d3a450>,3,"[0.12397416681051254, 0.1447116732597351, 0.12774883210659027, 0.1223892867565155, 0.12515875697135925, 0.12574069201946259, 0.12580834329128265, 0.12474915385246277, 0.12391694635152817, 0.13000014424324036, 0.12299072742462158, 0.12184605002403259, 0.125409334897995, 0.12965232133865356]","[15.003063201904297, 6.329795837402344, 5.779416561126709, 5.659060001373291, 5.588196754455566, 5.598735809326172, 5.563322067260742, 5.521662712097168, 5.47553825378418, 5.415345191955566, 5.222139358520508, 4.749941825866699, 3.181710958480835, 1.4882683753967285, 0.9302698969841003, 0.6979593634605408, 0.5801084637641907, 0.5093786716461182, 0.43726813793182373, 0.40412890911102295, 0.3598492443561554, 0.33275875449180603, 0.3128436505794525, 0.31022393703460693, 0.27976447343826294, 0.2655750513076782, 0.24954918026924133, 0.23901218175888062, 0.22044450044631958, 0.21506670117378235, 0.20369331538677216, 0.19427627325057983, 0.19223353266716003, 0.1804705411195755, 0.17403331398963928, 0.17363683879375458, 0.17078356444835663, 0.1679631471633911, 0.1564117670059204, 0.15984541177749634, 0.1548745036125183, 0.15430335700511932, 0.15774087607860565, 0.14984677731990814, 0.1562189757823944, 0.1513213813304901, 0.15097576379776, 0.14727123081684113, 0.14990369975566864, 0.1604941040277481, 0.14841009676456451, 0.14423617720603943, 0.1415415108203888, 0.14628328382968903, 0.142042338848114, 0.14387668669223785, 0.1405438333749771, 0.14089399576187134, 0.13817466795444489, 0.13873140513896942, 0.14550423622131348, 0.14400024712085724, 0.1363982856273651, 0.1336035132408142, 0.13745157420635223, 0.13822323083877563, 0.13678941130638123, 0.13374418020248413, 0.1542322337627411, 0.1356152892112732, 0.13400202989578247, 0.13360808789730072, 0.13513952493667603, 0.13863085210323334, 0.13199156522750854, 0.15050233900547028, 0.130796417593956, 0.1331060528755188, 0.13343681395053864, 0.13268834352493286, 0.12724220752716064, 0.13234198093414307, 0.12941588461399078, 0.12976831197738647, 0.13135163486003876, 0.12600083649158478, 0.13557669520378113, 0.1321735382080078, 0.12601028382778168, 0.1232454776763916, 0.1250775158405304, 0.1548394411802292, 0.1211802065372467, 0.12397416681051254, 0.1447116732597351, 0.12774883210659027, 0.1223892867565155, 0.12515875697135925, 0.12574069201946259, 0.12580834329128265, 0.12474915385246277, 0.12391694635152817, 0.13000014424324036, 0.12299072742462158, 0.12184605002403259, 0.125409334897995, 0.12965232133865356, 0.1263723075389862]"
0,"[50, 20]",leaky_relu,adamw,<keras.src.losses.losses.MeanSquaredError object at 0x73a3d7d3a450>,4,"[0.04577482491731644, 0.04670034348964691, 0.058878082782030106, 0.04626400023698807, 0.05153658986091614, 0.04901105538010597, 0.055735137313604355, 0.050640497356653214, 0.048897020518779755, 0.05991344898939133, 0.05288393795490265, 0.04650602862238884, 0.04778014123439789, 0.059402406215667725]","[19.974435806274414, 6.557466506958008, 5.716792106628418, 5.652915954589844, 5.593926429748535, 5.515402793884277, 5.5560526847839355, 5.227968692779541, 4.722135543823242, 3.343928098678589, 1.4768928289413452, 0.8704891800880432, 0.675959587097168, 0.5480139851570129, 0.4787939786911011, 0.4277096688747406, 0.39581528306007385, 0.36676836013793945, 0.3445049524307251, 0.33198612928390503, 0.3200776278972626, 0.3047885298728943, 0.29836902022361755, 0.2799324095249176, 0.2721279263496399, 0.25494739413261414, 0.24945402145385742, 0.23768848180770874, 0.22545944154262543, 0.2132587730884552, 0.2115587294101715, 0.2026779055595398, 0.18514521420001984, 0.1876937299966812, 0.17559972405433655, 0.17175382375717163, 0.1664981245994568, 0.17721198499202728, 0.16290175914764404, 0.15898729860782623, 0.16075041890144348, 0.15117308497428894, 0.15207232534885406, 0.1462176889181137, 0.1444033831357956, 0.14465008676052094, 0.14511799812316895, 0.14463287591934204, 0.14341218769550323, 0.14733871817588806, 0.14467687904834747, 0.13969415426254272, 0.13715678453445435, 0.13974890112876892, 0.14010849595069885, 0.1363106518983841, 0.13581323623657227, 0.13260576128959656, 0.13525056838989258, 0.14162121713161469, 0.13229532539844513, 0.13781806826591492, 0.13305293023586273, 0.1306094527244568, 0.1314498484134674, 0.15296714007854462, 0.14727672934532166, 0.13697446882724762, 0.13205289840698242, 0.12970101833343506, 0.1361967921257019, 0.12914437055587769, 0.12651902437210083, 0.1306764930486679, 0.130551278591156, 0.12746661901474, 0.13187482953071594, 0.13582800328731537, 0.13229799270629883, 0.1351439505815506, 0.1312004178762436, 0.1318545937538147, 0.12302093952894211, 0.12415114045143127, 0.125600203871727, 0.12715484201908112, 0.1331828385591507, 0.12191206961870193, 0.1307622492313385, 0.12464901804924011, 0.12397594004869461, 0.12546171247959137, 0.11872117966413498, 0.11941482126712799, 0.12613163888454437, 0.117671899497509, 0.1225874125957489, 0.11888951808214188, 0.12598112225532532, 0.12169200927019119, 0.13079345226287842, 0.1265600323677063, 0.1280108094215393, 0.12378981709480286, 0.11359153687953949, 0.12346436083316803, 0.13508562743663788, 0.19369718432426453, 0.13871826231479645, 0.12171942740678787, 0.1292884200811386, 0.11116084456443787, 0.10518654435873032, 0.10587462037801743, 0.10997610539197922, 0.11977221071720123, 0.11295504122972488, 0.10640930384397507, 0.12472610920667648, 0.10953199863433838, 0.10965943336486816, 0.09814884513616562, 0.10388173162937164, 0.09827742725610733, 0.09914638847112656, 0.10841164737939835, 0.12584540247917175, 0.09491134434938431, 0.08989902585744858, 0.09178255498409271, 0.08909959346055984, 0.08764466643333435, 0.11280250549316406, 0.09343264997005463, 0.08920877426862717, 0.08003762364387512, 0.07541815936565399, 0.07167628407478333, 0.0863386020064354, 0.07038729637861252, 0.0737859383225441, 0.06895366311073303, 0.06606695055961609, 0.06887009739875793, 0.06485003232955933, 0.06633158773183823, 0.08802098035812378, 0.05969136208295822, 0.05902481824159622, 0.06978216767311096, 0.06503645330667496, 0.061796750873327255, 0.06172708794474602, 0.058517053723335266, 0.057996127754449844, 0.05635733902454376, 0.05641118809580803, 0.057054851204156876, 0.057022079825401306, 0.05720538645982742, 0.05687667801976204, 0.06115271523594856, 0.06360660493373871, 0.05673830956220627, 0.05534724146127701, 0.05870089307427406, 0.05235280096530914, 0.06402593106031418, 0.05136092007160187, 0.05420081689953804, 0.052542153745889664, 0.056303009390830994, 0.08971557021141052, 0.10169333219528198, 0.05077868700027466, 0.05692864954471588, 0.05324968323111534, 0.05654256045818329, 0.05058356001973152, 0.05460279434919357, 0.0524887889623642, 0.0515170618891716, 0.052620742470026016, 0.04732714593410492, 0.048721034079790115, 0.05634478107094765, 0.04958252236247063, 0.04726065695285797, 0.05289056524634361, 0.04784275218844414, 0.054001789540052414, 0.05229521915316582, 0.058281030505895615, 0.049397602677345276, 0.0737948790192604, 0.056447070091962814, 0.06637784838676453, 0.05756067484617233, 0.04718983918428421, 0.05314850062131882, 0.05066799744963646, 0.04709652066230774, 0.05042479932308197, 0.06539894640445709, 0.048144690692424774, 0.048505738377571106, 0.05155428126454353, 0.04476163908839226, 0.04577482491731644, 0.04670034348964691, 0.058878082782030106, 0.04626400023698807, 0.05153658986091614, 0.04901105538010597, 0.055735137313604355, 0.050640497356653214, 0.048897020518779755, 0.05991344898939133, 0.05288393795490265, 0.04650602862238884, 0.04778014123439789, 0.059402406215667725, 0.04609128087759018]"
0,"[50, 20]",leaky_relu,adamw,<keras.src.losses.losses.MeanSquaredError object at 0x73a3d7d3a450>,5,"[0.053151484578847885, 0.049466390162706375, 0.05266983434557915, 0.03913344815373421, 0.0374787263572216, 0.048711247742176056, 0.04033907130360603, 0.0395963117480278, 0.0400363951921463, 0.04357229173183441, 0.04320012778043747, 0.04247279465198517, 0.04537611082196236, 0.050060465931892395]","[18.01676368713379, 6.654860973358154, 5.881274700164795, 5.722894191741943, 5.631924629211426, 5.594834804534912, 5.571935653686523, 5.583916187286377, 5.552731037139893, 5.540343284606934, 5.51319694519043, 5.472951889038086, 5.330030918121338, 4.593408584594727, 2.0162293910980225, 1.043212890625, 0.7744141817092896, 0.6463125944137573, 0.5730559825897217, 0.5107221007347107, 0.4732619822025299, 0.446098268032074, 0.42047595977783203, 0.40007126331329346, 0.39071643352508545, 0.37221622467041016, 0.35911616683006287, 0.3488641381263733, 0.3394773006439209, 0.33474844694137573, 0.31917816400527954, 0.30486607551574707, 0.29882562160491943, 0.28913959860801697, 0.28077730536460876, 0.2799711525440216, 0.2649974822998047, 0.25782743096351624, 0.24820250272750854, 0.23725825548171997, 0.23198598623275757, 0.22465451061725616, 0.21405565738677979, 0.21779438853263855, 0.20831388235092163, 0.19535912573337555, 0.19147424399852753, 0.18593962490558624, 0.18449917435646057, 0.18116338551044464, 0.17176948487758636, 0.16998884081840515, 0.1650817096233368, 0.17214380204677582, 0.15914946794509888, 0.15407152473926544, 0.1730107218027115, 0.16215139627456665, 0.16810685396194458, 0.15327899158000946, 0.1478685885667801, 0.15148943662643433, 0.1542624831199646, 0.142054483294487, 0.18963903188705444, 0.1668221354484558, 0.14731119573116302, 0.1775718331336975, 0.15271613001823425, 0.15377694368362427, 0.13569757342338562, 0.1332995891571045, 0.13521909713745117, 0.1526116281747818, 0.13727323710918427, 0.14203712344169617, 0.14274698495864868, 0.13404680788516998, 0.13563355803489685, 0.14356978237628937, 0.15378794074058533, 0.1307849884033203, 0.13169492781162262, 0.12622681260108948, 0.12671531736850739, 0.12984269857406616, 0.12873241305351257, 0.13789547979831696, 0.123329296708107, 0.12616990506649017, 0.128951296210289, 0.13177527487277985, 0.12089487165212631, 0.11276687681674957, 0.12973982095718384, 0.1678728461265564, 0.12359257787466049, 0.12273609638214111, 0.11396235972642899, 0.11826091259717941, 0.11130772531032562, 0.13787712156772614, 0.10593269765377045, 0.11068231612443924, 0.10185258835554123, 0.10217992961406708, 0.10393840074539185, 0.10320378839969635, 0.10871729999780655, 0.09863757342100143, 0.09061543643474579, 0.09274313598871231, 0.09834201633930206, 0.10604077577590942, 0.08878067135810852, 0.0885886698961258, 0.08473414182662964, 0.08529749512672424, 0.09966366738080978, 0.08169843256473541, 0.0838654488325119, 0.07495566457509995, 0.07246652245521545, 0.08361993730068207, 0.07619313150644302, 0.07288558036088943, 0.07480794936418533, 0.07405702769756317, 0.08183152973651886, 0.0799325481057167, 0.07188551872968674, 0.07853192836046219, 0.06592687964439392, 0.07854560762643814, 0.06708011776208878, 0.06461364775896072, 0.06383439898490906, 0.07138525694608688, 0.0628264769911766, 0.06557830423116684, 0.059433989226818085, 0.05848834291100502, 0.061211083084344864, 0.058593135327100754, 0.05738227069377899, 0.06568022817373276, 0.05696083977818489, 0.057443857192993164, 0.05548175424337387, 0.05310548096895218, 0.0737713947892189, 0.0613214373588562, 0.06292341649532318, 0.05317787826061249, 0.05746196210384369, 0.051832035183906555, 0.1176050528883934, 0.05552458018064499, 0.05617564171552658, 0.054851748049259186, 0.05049828067421913, 0.056313857436180115, 0.05143611878156662, 0.05175105854868889, 0.057273898273706436, 0.055331047624349594, 0.05323866754770279, 0.050813253968954086, 0.04813162982463837, 0.055999238044023514, 0.0492900013923645, 0.06104224920272827, 0.04879016801714897, 0.05521989241242409, 0.05909226834774017, 0.0487191267311573, 0.051107194274663925, 0.04600052163004875, 0.05516507849097252, 0.05597468838095665, 0.052149221301078796, 0.0484795980155468, 0.05700800195336342, 0.05686116963624954, 0.04478063806891441, 0.05949068069458008, 0.08336438983678818, 0.05487646907567978, 0.04398985952138901, 0.047673001885414124, 0.04600471258163452, 0.046128883957862854, 0.043976619839668274, 0.045616116374731064, 0.04926826059818268, 0.04821817949414253, 0.05465785041451454, 0.04347872734069824, 0.05289200320839882, 0.051115088164806366, 0.04976966604590416, 0.04419611766934395, 0.05307172238826752, 0.05534548684954643, 0.0469067320227623, 0.08949771523475647, 0.045038484036922455, 0.047770366072654724, 0.04832012578845024, 0.046318426728248596, 0.04347414895892143, 0.05154246464371681, 0.04712239280343056, 0.04327673837542534, 0.04802810400724411, 0.04766957461833954, 0.0415055938065052, 0.040536489337682724, 0.059754591435194016, 0.04525682330131531, 0.04692407324910164, 0.04343710467219353, 0.045918162912130356, 0.046679332852363586, 0.04973955452442169, 0.03894247114658356, 0.04216235131025314, 0.04711436480283737, 0.06190302595496178, 0.042416710406541824, 0.041084546595811844, 0.04154341295361519, 0.05079665407538414, 0.054634612053632736, 0.04298161342740059, 0.03925986588001251, 0.04698948934674263, 0.042699407786130905, 0.041400033980607986, 0.050535473972558975, 0.037941984832286835, 0.03635863959789276, 0.053151484578847885, 0.049466390162706375, 0.05266983434557915, 0.03913344815373421, 0.0374787263572216, 0.048711247742176056, 0.04033907130360603, 0.0395963117480278, 0.0400363951921463, 0.04357229173183441, 0.04320012778043747, 0.04247279465198517, 0.04537611082196236, 0.050060465931892395, 0.039756596088409424]"
0,"[50, 20]",leaky_relu,adamw,<keras.src.losses.losses.MeanSquaredError object at 0x73a3d7d3a450>,6,"[0.059206265956163406, 0.06538917869329453, 0.06072065606713295, 0.07280858606100082, 0.06076640635728836, 0.06089531630277634, 0.06033618748188019, 0.06524167954921722, 0.07005966454744339, 0.060290880501270294, 0.08517199009656906, 0.07280430197715759, 0.06326337903738022, 0.06678002327680588]","[16.862218856811523, 6.1839070320129395, 5.672957420349121, 5.659261703491211, 5.606198310852051, 5.618803024291992, 5.571839332580566, 5.529132843017578, 5.494675636291504, 5.395964622497559, 5.21797513961792, 4.554533004760742, 2.593109607696533, 1.0574642419815063, 0.6552209258079529, 0.510200023651123, 0.4515288174152374, 0.40035703778266907, 0.3696751296520233, 0.3345235586166382, 0.3206046223640442, 0.2921554446220398, 0.26813533902168274, 0.2537459433078766, 0.2455872744321823, 0.22450751066207886, 0.21202300488948822, 0.2000046819448471, 0.19737565517425537, 0.18182618916034698, 0.175527885556221, 0.18025584518909454, 0.16481338441371918, 0.16085036098957062, 0.15580429136753082, 0.15195876359939575, 0.1553501933813095, 0.1544986069202423, 0.1487940400838852, 0.14864802360534668, 0.15340401232242584, 0.14879900217056274, 0.148101806640625, 0.14397507905960083, 0.14719624817371368, 0.14229391515254974, 0.15169009566307068, 0.14682161808013916, 0.14160263538360596, 0.15481224656105042, 0.14698565006256104, 0.14138074219226837, 0.14806228876113892, 0.143687441945076, 0.14524051547050476, 0.1399347186088562, 0.1476995199918747, 0.14399975538253784, 0.1495455950498581, 0.1386578232049942, 0.14330825209617615, 0.1441289186477661, 0.15767452120780945, 0.13950347900390625, 0.13636896014213562, 0.13740521669387817, 0.14331163465976715, 0.14498841762542725, 0.1358804851770401, 0.14249403774738312, 0.1349184215068817, 0.13965485990047455, 0.13949863612651825, 0.1306845098733902, 0.14314979314804077, 0.1351654827594757, 0.1340639889240265, 0.13051258027553558, 0.13277900218963623, 0.13690747320652008, 0.14757385849952698, 0.1482894867658615, 0.14160887897014618, 0.1371859759092331, 0.1291356086730957, 0.13739188015460968, 0.13572393357753754, 0.1274416744709015, 0.11967059224843979, 0.13348227739334106, 0.12538279592990875, 0.1306295394897461, 0.11843344569206238, 0.11617652326822281, 0.11626537889242172, 0.1302288919687271, 0.12273102253675461, 0.11129973828792572, 0.1148800477385521, 0.10959131270647049, 0.11059825867414474, 0.10566078871488571, 0.10101962834596634, 0.11416289210319519, 0.1082027330994606, 0.09264270961284637, 0.09495719522237778, 0.10172396898269653, 0.09217613935470581, 0.10243216902017593, 0.0908731073141098, 0.08133704960346222, 0.07906397432088852, 0.0861547663807869, 0.07690417766571045, 0.07779242098331451, 0.08959848433732986, 0.07702474296092987, 0.077646903693676, 0.09127619862556458, 0.07862964272499084, 0.0806044191122055, 0.08310999721288681, 0.07782631367444992, 0.07112929970026016, 0.07889557629823685, 0.0774933248758316, 0.06821364909410477, 0.07396019250154495, 0.06750300526618958, 0.06708701699972153, 0.06949470192193985, 0.06369622051715851, 0.06522546708583832, 0.05834658443927765, 0.059206265956163406, 0.06538917869329453, 0.06072065606713295, 0.07280858606100082, 0.06076640635728836, 0.06089531630277634, 0.06033618748188019, 0.06524167954921722, 0.07005966454744339, 0.060290880501270294, 0.08517199009656906, 0.07280430197715759, 0.06326337903738022, 0.06678002327680588, 0.05964091047644615]"
0,"[50, 20]",leaky_relu,adamw,<keras.src.losses.losses.MeanSquaredError object at 0x73a3d7d3a450>,7,"[0.04969772323966026, 0.0499151274561882, 0.04770183563232422, 0.04766986146569252, 0.050774868577718735, 0.047358397394418716, 0.051546137779951096, 0.04360052943229675, 0.05358283594250679, 0.0506475605070591, 0.04938018321990967, 0.046298861503601074, 0.07839260995388031, 0.05525166541337967]","[21.74240493774414, 6.34502649307251, 5.801178932189941, 5.644265651702881, 5.587499141693115, 5.56054162979126, 5.499983787536621, 5.46422815322876, 5.329352378845215, 5.071640491485596, 4.278646469116211, 2.1316089630126953, 0.9476816654205322, 0.643418550491333, 0.5328042507171631, 0.45160961151123047, 0.4083789885044098, 0.37983834743499756, 0.35914894938468933, 0.33084920048713684, 0.32277604937553406, 0.29212990403175354, 0.2775503396987915, 0.2534169554710388, 0.24012678861618042, 0.2273445725440979, 0.21578766405582428, 0.20393182337284088, 0.19315385818481445, 0.1863163411617279, 0.19079899787902832, 0.23914779722690582, 0.16734468936920166, 0.1663714498281479, 0.1631004363298416, 0.15942703187465668, 0.15150348842144012, 0.15683290362358093, 0.16038809716701508, 0.15207728743553162, 0.14282256364822388, 0.142954483628273, 0.14546340703964233, 0.13795137405395508, 0.1366710513830185, 0.13953614234924316, 0.1406266987323761, 0.14176993072032928, 0.1455606073141098, 0.13895288109779358, 0.13008913397789001, 0.14535917341709137, 0.13548418879508972, 0.12738066911697388, 0.13839878141880035, 0.12611311674118042, 0.12858085334300995, 0.13420210778713226, 0.1325858235359192, 0.13373780250549316, 0.13246358931064606, 0.13819798827171326, 0.12752485275268555, 0.12399925291538239, 0.1344676911830902, 0.15711164474487305, 0.12704266607761383, 0.12828123569488525, 0.11906097829341888, 0.12329526990652084, 0.11731241643428802, 0.12576542794704437, 0.11829724907875061, 0.12052080035209656, 0.1160614863038063, 0.11803925037384033, 0.12161515653133392, 0.1282545030117035, 0.12344981729984283, 0.11515176296234131, 0.12298402190208435, 0.11249955743551254, 0.11831266433000565, 0.11548752337694168, 0.11368967592716217, 0.12607234716415405, 0.12506049871444702, 0.13238242268562317, 0.13105082511901855, 0.1113637387752533, 0.11985787004232407, 0.11316584050655365, 0.13036024570465088, 0.12117220461368561, 0.11594565957784653, 0.11166197806596756, 0.11544990539550781, 0.10595075786113739, 0.10615812987089157, 0.1070592924952507, 0.10637456178665161, 0.10461366176605225, 0.13410505652427673, 0.12462374567985535, 0.11777594685554504, 0.10700633376836777, 0.10813551396131516, 0.1039440855383873, 0.10423260927200317, 0.10528767853975296, 0.10605538636445999, 0.10912560671567917, 0.10166222602128983, 0.10053446143865585, 0.09948082268238068, 0.09692060947418213, 0.10184302926063538, 0.09058475494384766, 0.09084085375070572, 0.13932903110980988, 0.11799279600381851, 0.09001979976892471, 0.08932651579380035, 0.08675245940685272, 0.08484716713428497, 0.07756669074296951, 0.08043224364519119, 0.09231571853160858, 0.07700273394584656, 0.09483321011066437, 0.07527557015419006, 0.07262745499610901, 0.06646730750799179, 0.07117004692554474, 0.06927965581417084, 0.14237266778945923, 0.07026088237762451, 0.06160975992679596, 0.055195748805999756, 0.05181938782334328, 0.04852330684661865, 0.050100550055503845, 0.05165233463048935, 0.05839410051703453, 0.061424627900123596, 0.05216379091143608, 0.08942685276269913, 0.0478062778711319, 0.0628603994846344, 0.04880397021770477, 0.06474169343709946, 0.12213414162397385, 0.08818033337593079, 0.07719272375106812, 0.05456356331706047, 0.056990161538124084, 0.04286578670144081, 0.04969772323966026, 0.0499151274561882, 0.04770183563232422, 0.04766986146569252, 0.050774868577718735, 0.047358397394418716, 0.051546137779951096, 0.04360052943229675, 0.05358283594250679, 0.0506475605070591, 0.04938018321990967, 0.046298861503601074, 0.07839260995388031, 0.05525166541337967, 0.04766207933425903]"
0,"[50, 20]",leaky_relu,adamax,<keras.src.losses.losses.MeanSquaredError object at 0x73a3d7d3a450>,1,"[5.599681854248047, 5.573599815368652, 5.5777764320373535, 5.597787857055664, 5.576291561126709, 5.574662208557129, 5.577640056610107, 5.577349662780762, 5.6321587562561035, 5.57418155670166, 5.584481239318848, 5.591678142547607, 5.7002716064453125, 5.5981125831604]","[158.20867919921875, 14.91744327545166, 6.0319719314575195, 5.745671272277832, 5.669292449951172, 5.64567756652832, 5.62883186340332, 5.62057638168335, 5.612320899963379, 5.6099114418029785, 5.605396270751953, 5.61942195892334, 5.605180740356445, 5.608699321746826, 5.600001811981201, 5.5975165367126465, 5.609524250030518, 5.620820999145508, 5.596737861633301, 5.595286846160889, 5.61091947555542, 5.5933942794799805, 5.590987205505371, 5.596435546875, 5.587715148925781, 5.584352493286133, 5.592586040496826, 5.588040828704834, 5.591798782348633, 5.581820964813232, 5.589889049530029, 5.605658531188965, 5.579086780548096, 5.581958770751953, 5.579813003540039, 5.582483768463135, 5.578896522521973, 5.600209712982178, 5.5860772132873535, 5.577305793762207, 5.583484172821045, 5.601541042327881, 5.58031702041626, 5.5733160972595215, 5.606595516204834, 5.579130172729492, 5.5981245040893555, 5.581038475036621, 5.579423427581787, 5.583285808563232, 5.577066421508789, 5.5746893882751465, 5.576500415802002, 5.57869291305542, 5.573123455047607, 5.586260795593262, 5.591622352600098, 5.592055320739746, 5.57220983505249, 5.580357551574707, 5.58098840713501, 5.577241897583008, 5.582767009735107, 5.5795979499816895, 5.570531845092773, 5.583060264587402, 5.580904006958008, 5.56957483291626, 5.599681854248047, 5.573599815368652, 5.5777764320373535, 5.597787857055664, 5.576291561126709, 5.574662208557129, 5.577640056610107, 5.577349662780762, 5.6321587562561035, 5.57418155670166, 5.584481239318848, 5.591678142547607, 5.7002716064453125, 5.5981125831604, 5.60898494720459]"
0,"[50, 20]",leaky_relu,adamax,<keras.src.losses.losses.MeanSquaredError object at 0x73a3d7d3a450>,2,"[0.11501201242208481, 0.11229000985622406, 0.11388056725263596, 0.1142897754907608, 0.11159344762563705, 0.11392218619585037, 0.11418811231851578, 0.11063827574253082, 0.11551637202501297, 0.1136150062084198, 0.11368563771247864, 0.11312700808048248, 0.11462439596652985, 0.11231885850429535]","[79.3835678100586, 7.50062370300293, 6.155214309692383, 5.876659870147705, 5.753961086273193, 5.683653354644775, 5.6617960929870605, 5.615614891052246, 5.604299545288086, 5.592157363891602, 5.586053848266602, 5.584688186645508, 5.579751968383789, 5.5854973793029785, 5.593698978424072, 5.577704429626465, 5.577067852020264, 5.5814666748046875, 5.583954334259033, 5.5830078125, 5.574073314666748, 5.570958614349365, 5.579619884490967, 5.573178768157959, 5.581540584564209, 5.57698392868042, 5.56517219543457, 5.575910568237305, 5.563640117645264, 5.5546441078186035, 5.53759241104126, 5.535912990570068, 5.498301029205322, 5.46813440322876, 5.440749168395996, 5.381046772003174, 5.317973613739014, 5.200246334075928, 5.006588459014893, 4.67242956161499, 4.048713684082031, 3.1456141471862793, 2.112217664718628, 1.4543242454528809, 1.0821897983551025, 0.8881407976150513, 0.7503423094749451, 0.655454158782959, 0.5852632522583008, 0.5262426733970642, 0.47358438372612, 0.43440258502960205, 0.411514014005661, 0.3897186815738678, 0.37270399928092957, 0.36168035864830017, 0.35508644580841064, 0.3487078845500946, 0.3458297550678253, 0.3376947045326233, 0.3305465877056122, 0.32196173071861267, 0.31681469082832336, 0.31257909536361694, 0.30444106459617615, 0.29800689220428467, 0.2932239770889282, 0.2855044901371002, 0.28193792700767517, 0.27288272976875305, 0.2666012644767761, 0.2636139690876007, 0.253703236579895, 0.25046658515930176, 0.24029763042926788, 0.23661750555038452, 0.22910939157009125, 0.23100382089614868, 0.22834815084934235, 0.21438896656036377, 0.210052490234375, 0.20523490011692047, 0.20103628933429718, 0.19681841135025024, 0.1928657442331314, 0.18720239400863647, 0.182794988155365, 0.18043071031570435, 0.17846986651420593, 0.1738014966249466, 0.17217542231082916, 0.16474658250808716, 0.16965821385383606, 0.16370590031147003, 0.15936632454395294, 0.15336856245994568, 0.15840265154838562, 0.152448832988739, 0.15515607595443726, 0.15413206815719604, 0.14970694482326508, 0.14595375955104828, 0.15282222628593445, 0.14921846985816956, 0.1440591812133789, 0.14358213543891907, 0.14427177608013153, 0.14127320051193237, 0.14409659802913666, 0.14139202237129211, 0.14108969271183014, 0.13724154233932495, 0.139795184135437, 0.14275161921977997, 0.13812385499477386, 0.1341288536787033, 0.13658232986927032, 0.1344320923089981, 0.13993635773658752, 0.13548043370246887, 0.1378578394651413, 0.13857172429561615, 0.13617464900016785, 0.13300588726997375, 0.1297113299369812, 0.13194240629673004, 0.1287519335746765, 0.1354176551103592, 0.13129469752311707, 0.1282203644514084, 0.1344531923532486, 0.12696708738803864, 0.1271114945411682, 0.12776173651218414, 0.1314932256937027, 0.12775257229804993, 0.12508925795555115, 0.1261393427848816, 0.12821373343467712, 0.1293424367904663, 0.12390744686126709, 0.1310930848121643, 0.12736807763576508, 0.13290832936763763, 0.1318569928407669, 0.12934979796409607, 0.1233343780040741, 0.12328631430864334, 0.12555734813213348, 0.12650203704833984, 0.1294608861207962, 0.12733213603496552, 0.12821808457374573, 0.12496186792850494, 0.1344636082649231, 0.1226508617401123, 0.12948539853096008, 0.12312885373830795, 0.1282457858324051, 0.1253989338874817, 0.12690965831279755, 0.12383446097373962, 0.1268402636051178, 0.12787747383117676, 0.12777739763259888, 0.12265666574239731, 0.12316444516181946, 0.12165888398885727, 0.12172491103410721, 0.12350095808506012, 0.1349032074213028, 0.12209656834602356, 0.122314453125, 0.1239674910902977, 0.12166091799736023, 0.12219074368476868, 0.1230250746011734, 0.12224956601858139, 0.12161575257778168, 0.12140122801065445, 0.12264090031385422, 0.12116755545139313, 0.12099170684814453, 0.12368937581777573, 0.12254558503627777, 0.12205265462398529, 0.12050473690032959, 0.12303563952445984, 0.12089477479457855, 0.12407003343105316, 0.12367214262485504, 0.12504780292510986, 0.12637969851493835, 0.1181734949350357, 0.12178191542625427, 0.12379948049783707, 0.1184893473982811, 0.11905120313167572, 0.11939859390258789, 0.12391027808189392, 0.11860081553459167, 0.1250891089439392, 0.11892665922641754, 0.11744671314954758, 0.12075430899858475, 0.11769240349531174, 0.11919590085744858, 0.11726726591587067, 0.1177339181303978, 0.1178266629576683, 0.1192297637462616, 0.11471863836050034, 0.11522389948368073, 0.11345720291137695, 0.11580750346183777, 0.12152237445116043, 0.12090832740068436, 0.11708332598209381, 0.11545276641845703, 0.11762575060129166, 0.11420708149671555, 0.11550935357809067, 0.11776753515005112, 0.11729136109352112, 0.11281747370958328, 0.1176774874329567, 0.11427315324544907, 0.1212976798415184, 0.11415743827819824, 0.11407436430454254, 0.11345752328634262, 0.11907361447811127, 0.11630504578351974, 0.11495603621006012, 0.11433567106723785, 0.11325304955244064, 0.11446040123701096, 0.1146312952041626, 0.11249013990163803, 0.11400176584720612, 0.11181218177080154, 0.11416658014059067, 0.12161102890968323, 0.11282989382743835, 0.12141505628824234, 0.11328063905239105, 0.11924191564321518, 0.12179076671600342, 0.1151118278503418, 0.11297781020402908, 0.11021608114242554, 0.10988929867744446, 0.11501201242208481, 0.11229000985622406, 0.11388056725263596, 0.1142897754907608, 0.11159344762563705, 0.11392218619585037, 0.11418811231851578, 0.11063827574253082, 0.11551637202501297, 0.1136150062084198, 0.11368563771247864, 0.11312700808048248, 0.11462439596652985, 0.11231885850429535, 0.11172134429216385]"
0,"[50, 20]",leaky_relu,adamax,<keras.src.losses.losses.MeanSquaredError object at 0x73a3d7d3a450>,3,"[0.03154076635837555, 0.03193245828151703, 0.03124970570206642, 0.034450821578502655, 0.03397037088871002, 0.03282603621482849, 0.03134514391422272, 0.03270434960722923, 0.0328245609998703, 0.03154321014881134, 0.0325637124478817, 0.03196175396442413, 0.03227577731013298, 0.03294535353779793]","[95.23323059082031, 9.238030433654785, 6.034977436065674, 5.815288543701172, 5.736810684204102, 5.691840648651123, 5.662038803100586, 5.633566379547119, 5.619026184082031, 5.604530334472656, 5.5929856300354, 5.589673042297363, 5.553805828094482, 5.540166854858398, 5.519901752471924, 5.496175289154053, 5.459941864013672, 5.424020767211914, 5.321197032928467, 5.199110984802246, 5.016927242279053, 4.747117519378662, 4.337873935699463, 3.7139315605163574, 2.8847768306732178, 2.066077709197998, 1.4764512777328491, 1.1392301321029663, 0.9332316517829895, 0.8138511776924133, 0.7349217534065247, 0.6730988025665283, 0.6268592476844788, 0.5859788060188293, 0.5338113307952881, 0.4985414147377014, 0.4644201099872589, 0.430196613073349, 0.4051034152507782, 0.37778711318969727, 0.35386961698532104, 0.3352505564689636, 0.32036229968070984, 0.3014911413192749, 0.2893662452697754, 0.2765192985534668, 0.26545214653015137, 0.2586907148361206, 0.2458549290895462, 0.2383931428194046, 0.23323825001716614, 0.22358614206314087, 0.21674880385398865, 0.2125367969274521, 0.206540048122406, 0.20013867318630219, 0.19444714486598969, 0.18939322233200073, 0.18562883138656616, 0.18238279223442078, 0.17851890623569489, 0.17540352046489716, 0.1717521697282791, 0.1687147170305252, 0.16526257991790771, 0.16305819153785706, 0.1623058170080185, 0.1647314429283142, 0.1604481339454651, 0.1568455547094345, 0.15563583374023438, 0.15502674877643585, 0.1530713438987732, 0.1502041518688202, 0.15141820907592773, 0.1489672064781189, 0.1462372988462448, 0.15353159606456757, 0.14856955409049988, 0.15196222066879272, 0.14755898714065552, 0.1462877243757248, 0.14466920495033264, 0.14908766746520996, 0.14415621757507324, 0.1470627784729004, 0.14402665197849274, 0.14443612098693848, 0.14593815803527832, 0.14243358373641968, 0.14962533116340637, 0.14077535271644592, 0.14393572509288788, 0.14020301401615143, 0.142473503947258, 0.14058366417884827, 0.13887815177440643, 0.14725926518440247, 0.13926100730895996, 0.13705603778362274, 0.13909152150154114, 0.13969466090202332, 0.1396554708480835, 0.13973549008369446, 0.13498763740062714, 0.13698531687259674, 0.13882115483283997, 0.1416136622428894, 0.1414119303226471, 0.14523327350616455, 0.13586194813251495, 0.13431331515312195, 0.13657940924167633, 0.13372299075126648, 0.13502410054206848, 0.13267599046230316, 0.13610626757144928, 0.1338210105895996, 0.136349618434906, 0.1341964602470398, 0.13411740958690643, 0.13898058235645294, 0.13273142278194427, 0.13328701257705688, 0.14512981474399567, 0.1328573375940323, 0.13169190287590027, 0.13287284970283508, 0.1354319453239441, 0.13015411794185638, 0.13170966506004333, 0.13122601807117462, 0.13114649057388306, 0.13102015852928162, 0.1375950276851654, 0.12529785931110382, 0.12945419549942017, 0.12659363448619843, 0.1234937384724617, 0.12515166401863098, 0.12508641183376312, 0.13170306384563446, 0.125044047832489, 0.1220817044377327, 0.12163436412811279, 0.1231280192732811, 0.12425371259450912, 0.1195240318775177, 0.1196846142411232, 0.11694037914276123, 0.11742189526557922, 0.11406200379133224, 0.11244592070579529, 0.11263836920261383, 0.11099348217248917, 0.1140044555068016, 0.11073771119117737, 0.10943445563316345, 0.11041653156280518, 0.10965874791145325, 0.10395176708698273, 0.10767453163862228, 0.10249264538288116, 0.09975118190050125, 0.09824395179748535, 0.10100753605365753, 0.09685349464416504, 0.09864675998687744, 0.09659090638160706, 0.09395557641983032, 0.09415973722934723, 0.09421813488006592, 0.09512971341609955, 0.09133407473564148, 0.08757449686527252, 0.09021459519863129, 0.08453018218278885, 0.08449687063694, 0.08266198635101318, 0.08309463411569595, 0.08331301063299179, 0.0815056711435318, 0.07716772705316544, 0.0796063020825386, 0.08401167392730713, 0.07770618796348572, 0.08119754493236542, 0.07199858129024506, 0.07318868488073349, 0.07216864824295044, 0.07336441427469254, 0.07294896245002747, 0.07091379165649414, 0.06995783001184464, 0.06759697198867798, 0.07194150239229202, 0.06994620710611343, 0.06926529854536057, 0.06578624248504639, 0.06948503851890564, 0.06415123492479324, 0.06287987530231476, 0.06251922249794006, 0.06097404658794403, 0.0667085349559784, 0.05907820165157318, 0.06121094524860382, 0.06306275725364685, 0.0688142478466034, 0.05868621543049812, 0.05958530679345131, 0.058928199112415314, 0.06029167398810387, 0.06236294284462929, 0.06101173907518387, 0.06033104658126831, 0.05993930622935295, 0.05786195769906044, 0.05882861092686653, 0.060328781604766846, 0.05814991518855095, 0.061717689037323, 0.05995212122797966, 0.05626387149095535, 0.06261003017425537, 0.057970788329839706, 0.05544264614582062, 0.057345349341630936, 0.05503036454319954, 0.061604294925928116, 0.05557336285710335, 0.0563984252512455, 0.054985132068395615, 0.05471782758831978, 0.05556867644190788, 0.05444205552339554, 0.05822315439581871, 0.05481613054871559, 0.05256997421383858, 0.05405571311712265, 0.05446451157331467, 0.057239796966314316, 0.054028987884521484, 0.054785583168268204, 0.05452052876353264, 0.05306340008974075, 0.053039874881505966, 0.055191099643707275, 0.05295532941818237, 0.05174211040139198, 0.05621625855565071, 0.05102884769439697, 0.05231984704732895, 0.05282038450241089, 0.05022823065519333, 0.05175059288740158, 0.05516264960169792, 0.05056564509868622, 0.050593215972185135, 0.053748562932014465, 0.052990350872278214, 0.050052545964717865, 0.05241959169507027, 0.05062803998589516, 0.05082380771636963, 0.05319438502192497, 0.05295034497976303, 0.04889488220214844, 0.05151858925819397, 0.050600212067365646, 0.04837493225932121, 0.04971472918987274, 0.047972649335861206, 0.04893408343195915, 0.048167113214731216, 0.049707937985658646, 0.04901986941695213, 0.04916251450777054, 0.04999952018260956, 0.04835471510887146, 0.04889114946126938, 0.04816371947526932, 0.04738495871424675, 0.047544851899147034, 0.052720677107572556, 0.052794914692640305, 0.04614754021167755, 0.04803407937288284, 0.047261305153369904, 0.045672398060560226, 0.046242695301771164, 0.04948558285832405, 0.04715645685791969, 0.0459587387740612, 0.043339550495147705, 0.045294422656297684, 0.04789008945226669, 0.04514147341251373, 0.046749405562877655, 0.04324035719037056, 0.04359781742095947, 0.04362758249044418, 0.04187697172164917, 0.043727513402700424, 0.04265907034277916, 0.04326637089252472, 0.046846579760313034, 0.043074190616607666, 0.040830135345458984, 0.04360322654247284, 0.04546879231929779, 0.04428480565547943, 0.042627010494470596, 0.04238986596465111, 0.041869036853313446, 0.041290752589702606, 0.04030929505825043, 0.03953517973423004, 0.03945421427488327, 0.04220960661768913, 0.03827362880110741, 0.04126468673348427, 0.03897948935627937, 0.04021530598402023, 0.03990877419710159, 0.03891108185052872, 0.040245942771434784, 0.03826746344566345, 0.03972266614437103, 0.04023343324661255, 0.039558086544275284, 0.03829129412770271, 0.03889746591448784, 0.037894755601882935, 0.03892560303211212, 0.0426919162273407, 0.037162747234106064, 0.03613195940852165, 0.036341819912195206, 0.03795367851853371, 0.03656097501516342, 0.0365266427397728, 0.03694918379187584, 0.037134815007448196, 0.041487861424684525, 0.0371955968439579, 0.03664345666766167, 0.03846166282892227, 0.03507194668054581, 0.03504777327179909, 0.034063633531332016, 0.035582445561885834, 0.03682756423950195, 0.03672028332948685, 0.0366702526807785, 0.03665914759039879, 0.034434523433446884, 0.03450493887066841, 0.03588356450200081, 0.035662516951560974, 0.03398248180747032, 0.03410722315311432, 0.03608936071395874, 0.03473638370633125, 0.0346793457865715, 0.035118360072374344, 0.03649332374334335, 0.03675839304924011, 0.034702565521001816, 0.03513257950544357, 0.03426674008369446, 0.032461781054735184, 0.0347023569047451, 0.03218141198158264, 0.03394560515880585, 0.0323319286108017, 0.03222677484154701, 0.032832369208335876, 0.03575974702835083, 0.03327629715204239, 0.033811867237091064, 0.032614246010780334, 0.033957336097955704, 0.03151720017194748, 0.033890750259160995, 0.03326154500246048, 0.03256334364414215, 0.032779619097709656, 0.03354929760098457, 0.030934015288949013, 0.03154076635837555, 0.03193245828151703, 0.03124970570206642, 0.034450821578502655, 0.03397037088871002, 0.03282603621482849, 0.03134514391422272, 0.03270434960722923, 0.0328245609998703, 0.03154321014881134, 0.0325637124478817, 0.03196175396442413, 0.03227577731013298, 0.03294535353779793, 0.03192144259810448]"
0,"[50, 20]",leaky_relu,adamax,<keras.src.losses.losses.MeanSquaredError object at 0x73a3d7d3a450>,4,"[0.11247718334197998, 0.11490938067436218, 0.11190970987081528, 0.11224845051765442, 0.11067389696836472, 0.11841388791799545, 0.1157299131155014, 0.1127854436635971, 0.11106923967599869, 0.11624734848737717, 0.10848525911569595, 0.1084849163889885, 0.10943768918514252, 0.11336198449134827]","[64.32500457763672, 7.789626121520996, 6.51076602935791, 6.170298099517822, 5.9571404457092285, 5.832434177398682, 5.7419233322143555, 5.679007530212402, 5.639618396759033, 5.615008354187012, 5.594747066497803, 5.592710971832275, 5.5776519775390625, 5.576286792755127, 5.567229270935059, 5.559983253479004, 5.57765531539917, 5.552685260772705, 5.576235294342041, 5.551154613494873, 5.564107894897461, 5.536193370819092, 5.556848526000977, 5.526404857635498, 5.54267692565918, 5.507998466491699, 5.596419811248779, 5.491095542907715, 5.473747253417969, 5.443787097930908, 5.417736053466797, 5.3769354820251465, 5.3402628898620605, 5.270696640014648, 5.177736282348633, 5.0413498878479, 4.857771873474121, 4.596639156341553, 4.176319599151611, 3.307328224182129, 2.387354850769043, 1.7077620029449463, 1.2658969163894653, 1.004499912261963, 0.8186637163162231, 0.6643422245979309, 0.5677309036254883, 0.49628788232803345, 0.47127553820610046, 0.41639819741249084, 0.38725435733795166, 0.3824230432510376, 0.3566536009311676, 0.34993430972099304, 0.33716633915901184, 0.32393547892570496, 0.313509076833725, 0.30325162410736084, 0.2999626398086548, 0.2854510545730591, 0.2761070430278778, 0.2721192240715027, 0.274152547121048, 0.2555018961429596, 0.25199323892593384, 0.24455608427524567, 0.2427540421485901, 0.23475010693073273, 0.23526960611343384, 0.22688335180282593, 0.2206837385892868, 0.21445108950138092, 0.2088070511817932, 0.20465219020843506, 0.1978827267885208, 0.19839750230312347, 0.1929859071969986, 0.18231412768363953, 0.17991484701633453, 0.1776025891304016, 0.17130517959594727, 0.1708621233701706, 0.16238237917423248, 0.16132554411888123, 0.1570001095533371, 0.1547640711069107, 0.154237300157547, 0.15216480195522308, 0.14665047824382782, 0.14836245775222778, 0.14604178071022034, 0.14250318706035614, 0.14636312425136566, 0.14044155180454254, 0.14084677398204803, 0.13762453198432922, 0.13584202527999878, 0.13842827081680298, 0.13785716891288757, 0.13418713212013245, 0.13521233201026917, 0.13895876705646515, 0.13241605460643768, 0.14193516969680786, 0.1396276205778122, 0.130009725689888, 0.131675124168396, 0.1275440752506256, 0.12823769450187683, 0.13020236790180206, 0.13031521439552307, 0.12751398980617523, 0.12577396631240845, 0.13121601939201355, 0.1351015269756317, 0.12613797187805176, 0.13486939668655396, 0.12459725886583328, 0.13965155184268951, 0.1260787546634674, 0.12450427561998367, 0.12441912293434143, 0.12794683873653412, 0.12569303810596466, 0.1268085539340973, 0.1272839903831482, 0.126301109790802, 0.12240079790353775, 0.12485955655574799, 0.12198531627655029, 0.12801732122898102, 0.12947441637516022, 0.12696868181228638, 0.12164881825447083, 0.12446633726358414, 0.1260482668876648, 0.12232784181833267, 0.11990276724100113, 0.12237140536308289, 0.12149409204721451, 0.12004979699850082, 0.12703898549079895, 0.12568417191505432, 0.11862727254629135, 0.12085144966840744, 0.12467245012521744, 0.12474563717842102, 0.1168450266122818, 0.1251174956560135, 0.11667492985725403, 0.12073498219251633, 0.12446609884500504, 0.11920751631259918, 0.12229683995246887, 0.11742118000984192, 0.12297657132148743, 0.12199458479881287, 0.11880917102098465, 0.11614416539669037, 0.11972907930612564, 0.11622709780931473, 0.11736489832401276, 0.11436169594526291, 0.1153542697429657, 0.1164974793791771, 0.11881867796182632, 0.11566749215126038, 0.11594687402248383, 0.1168031319975853, 0.11692000925540924, 0.11785855889320374, 0.11275407671928406, 0.11499565094709396, 0.1125783771276474, 0.11449216306209564, 0.11210054904222488, 0.11523747444152832, 0.11307152360677719, 0.12839031219482422, 0.11607012152671814, 0.11116598546504974, 0.11874418705701828, 0.11345808953046799, 0.11073660105466843, 0.11121305823326111, 0.11245273053646088, 0.10998754948377609, 0.11401744931936264, 0.10984930396080017, 0.10889580100774765, 0.11277392506599426, 0.11123386025428772, 0.10806287825107574, 0.11247718334197998, 0.11490938067436218, 0.11190970987081528, 0.11224845051765442, 0.11067389696836472, 0.11841388791799545, 0.1157299131155014, 0.1127854436635971, 0.11106923967599869, 0.11624734848737717, 0.10848525911569595, 0.1084849163889885, 0.10943768918514252, 0.11336198449134827, 0.10997849702835083]"
0,"[50, 20]",leaky_relu,adamax,<keras.src.losses.losses.MeanSquaredError object at 0x73a3d7d3a450>,5,"[0.03642161190509796, 0.03422297164797783, 0.035668838769197464, 0.034462109208106995, 0.04177626594901085, 0.036023858934640884, 0.03497041016817093, 0.03442452847957611, 0.04286418855190277, 0.03484328091144562, 0.0346372127532959, 0.03656981140375137, 0.034272972494363785, 0.03425142914056778]","[60.73982238769531, 7.137237548828125, 6.04165506362915, 5.83974027633667, 5.727851867675781, 5.680243015289307, 5.630848407745361, 5.599248886108398, 5.578810691833496, 5.562602519989014, 5.571015357971191, 5.556468486785889, 5.539944648742676, 5.525758266448975, 5.513814449310303, 5.483670234680176, 5.473352909088135, 5.409937858581543, 5.369915008544922, 5.264896392822266, 5.160345077514648, 4.994228839874268, 4.680625915527344, 4.232500076293945, 3.4045145511627197, 2.440110445022583, 1.6967023611068726, 1.202283263206482, 0.9277306795120239, 0.7529835104942322, 0.6383576393127441, 0.5521817207336426, 0.4944511950016022, 0.45393064618110657, 0.4297983944416046, 0.41287267208099365, 0.40032923221588135, 0.3915839195251465, 0.3914746642112732, 0.3799378573894501, 0.37582555413246155, 0.3708115220069885, 0.3687663674354553, 0.3656545877456665, 0.3661257028579712, 0.36435526609420776, 0.3611866533756256, 0.36181825399398804, 0.3582788109779358, 0.3539924919605255, 0.351699560880661, 0.34852415323257446, 0.3459893465042114, 0.34669527411460876, 0.34488144516944885, 0.34693342447280884, 0.3453695774078369, 0.334115207195282, 0.3358982503414154, 0.3291299343109131, 0.3241885304450989, 0.3230697214603424, 0.3193884491920471, 0.3131822347640991, 0.3084118366241455, 0.304405152797699, 0.29663950204849243, 0.2965516746044159, 0.28943759202957153, 0.28784170746803284, 0.2783709764480591, 0.2774098217487335, 0.26911652088165283, 0.2613978683948517, 0.25782105326652527, 0.2541545629501343, 0.24595218896865845, 0.23697656393051147, 0.234198197722435, 0.22085480391979218, 0.21747498214244843, 0.20710976421833038, 0.20058991014957428, 0.19357667863368988, 0.1907886117696762, 0.18418285250663757, 0.17774012684822083, 0.17241311073303223, 0.166548952460289, 0.16643783450126648, 0.16186779737472534, 0.15695570409297943, 0.15875688195228577, 0.15487538278102875, 0.1507434993982315, 0.15025010704994202, 0.14637939631938934, 0.14285925030708313, 0.14528042078018188, 0.1442185640335083, 0.1400635987520218, 0.1397963911294937, 0.13902169466018677, 0.14159315824508667, 0.1398760974407196, 0.13656920194625854, 0.13271652162075043, 0.14242450892925262, 0.13453830778598785, 0.13388821482658386, 0.13790404796600342, 0.1468547284603119, 0.13657481968402863, 0.1349838376045227, 0.13229486346244812, 0.1330215334892273, 0.1365792602300644, 0.1323218047618866, 0.1309310793876648, 0.13252395391464233, 0.13542896509170532, 0.1304461658000946, 0.13364659249782562, 0.12833623588085175, 0.13044309616088867, 0.13348224759101868, 0.1252361387014389, 0.13458991050720215, 0.1361643224954605, 0.13263514637947083, 0.1270577609539032, 0.127242773771286, 0.12978170812129974, 0.1298275589942932, 0.1273709535598755, 0.12885980308055878, 0.12507162988185883, 0.12719060480594635, 0.13234205543994904, 0.1265714466571808, 0.12618328630924225, 0.12401889264583588, 0.12225821614265442, 0.12593971192836761, 0.13161970674991608, 0.12065264582633972, 0.121466726064682, 0.1216064840555191, 0.12818379700183868, 0.12212509661912918, 0.125620037317276, 0.11921877413988113, 0.12021443247795105, 0.12619787454605103, 0.12790454924106598, 0.12008237838745117, 0.11890937387943268, 0.11808864027261734, 0.1238735243678093, 0.1170971691608429, 0.11663096398115158, 0.11893174052238464, 0.1165054515004158, 0.11701107025146484, 0.1173500344157219, 0.11559420078992844, 0.1133611872792244, 0.11605250835418701, 0.11443337798118591, 0.11844657361507416, 0.11441748589277267, 0.11263041943311691, 0.10934622585773468, 0.11771044135093689, 0.11544684320688248, 0.1102282926440239, 0.11665891110897064, 0.10905632376670837, 0.1127251386642456, 0.11742903292179108, 0.1077643409371376, 0.10912635922431946, 0.10729357600212097, 0.11102944612503052, 0.11030241847038269, 0.10563859343528748, 0.11062857508659363, 0.10775593668222427, 0.10705390572547913, 0.10415127873420715, 0.10276912897825241, 0.10131795704364777, 0.10260657221078873, 0.09827740490436554, 0.09840329736471176, 0.0991644635796547, 0.09983120858669281, 0.0999172031879425, 0.09552554786205292, 0.10422241687774658, 0.09886951744556427, 0.0998900756239891, 0.0972159132361412, 0.09288251399993896, 0.09262806177139282, 0.09469549357891083, 0.0924341157078743, 0.0919797345995903, 0.09151444584131241, 0.09292140603065491, 0.08904177695512772, 0.08766833692789078, 0.09090694785118103, 0.09183239191770554, 0.0849326029419899, 0.08919448405504227, 0.08753196895122528, 0.08316102623939514, 0.08388405293226242, 0.08380761742591858, 0.08000914752483368, 0.07953299582004547, 0.08021321892738342, 0.07806452363729477, 0.07874265313148499, 0.07497495412826538, 0.07446438819169998, 0.07262402772903442, 0.07144161313772202, 0.07721870392560959, 0.07069665938615799, 0.07050196081399918, 0.07051196694374084, 0.06703323870897293, 0.06844420731067657, 0.0663112998008728, 0.06863634288311005, 0.06771496683359146, 0.06448332965373993, 0.06067150831222534, 0.06514278799295425, 0.06124374642968178, 0.0626615583896637, 0.06261641532182693, 0.05841681733727455, 0.07216433435678482, 0.058872222900390625, 0.05653997138142586, 0.05788739398121834, 0.05572603642940521, 0.05472623556852341, 0.05643830820918083, 0.055489346385002136, 0.05668286606669426, 0.05814514681696892, 0.05282869189977646, 0.055234842002391815, 0.05778704211115837, 0.05467686429619789, 0.05586724728345871, 0.05442933738231659, 0.05269642174243927, 0.05421961843967438, 0.05124391242861748, 0.05226364731788635, 0.0518256239593029, 0.05097110569477081, 0.054065052419900894, 0.055691078305244446, 0.05260820314288139, 0.05309581756591797, 0.050956085324287415, 0.05087967962026596, 0.05192619934678078, 0.05247201398015022, 0.051415249705314636, 0.05492652207612991, 0.05198507010936737, 0.05138101801276207, 0.049465324729681015, 0.0490155965089798, 0.05222531035542488, 0.049018099904060364, 0.04884312301874161, 0.05071304738521576, 0.049392979592084885, 0.0503087155520916, 0.05149224027991295, 0.04912229999899864, 0.055521029978990555, 0.05168989673256874, 0.04874012619256973, 0.048796605318784714, 0.05632259324193001, 0.05225074663758278, 0.05012590065598488, 0.04769900068640709, 0.047954484820365906, 0.04682822525501251, 0.04914097487926483, 0.05177152901887894, 0.04868697002530098, 0.052559465169906616, 0.04901209846138954, 0.05075712129473686, 0.048023588955402374, 0.051698196679353714, 0.046254582703113556, 0.04768151044845581, 0.047203972935676575, 0.04648980498313904, 0.046903420239686966, 0.04981780797243118, 0.04957766830921173, 0.04749320447444916, 0.052852071821689606, 0.04558432847261429, 0.04854081943631172, 0.046136096119880676, 0.046440817415714264, 0.04632175341248512, 0.04774521663784981, 0.04683993384242058, 0.0478646494448185, 0.04921971261501312, 0.0463019460439682, 0.04550497606396675, 0.047588128596544266, 0.04797535389661789, 0.04593512788414955, 0.04432561993598938, 0.045486077666282654, 0.04723860323429108, 0.04560181125998497, 0.046861376613378525, 0.04552316665649414, 0.04764951020479202, 0.046298764646053314, 0.047577712684869766, 0.045022230595350266, 0.04458383843302727, 0.04415316879749298, 0.043266721069812775, 0.04336070641875267, 0.044050708413124084, 0.04348058998584747, 0.04323902353644371, 0.04174245893955231, 0.04185895994305611, 0.04241657629609108, 0.040729325264692307, 0.047011688351631165, 0.04281437397003174, 0.04334034025669098, 0.04191616550087929, 0.04201097786426544, 0.04092683643102646, 0.042826708406209946, 0.0414658822119236, 0.040425997227430344, 0.04225064441561699, 0.04998132586479187, 0.04021483659744263, 0.04315309226512909, 0.040426403284072876, 0.04247847571969032, 0.04377252608537674, 0.042896050959825516, 0.03893391042947769, 0.04959988594055176, 0.039433013647794724, 0.03750085085630417, 0.03940756991505623, 0.03944602608680725, 0.039667364209890366, 0.03823564946651459, 0.04439287632703781, 0.03951847553253174, 0.041990432888269424, 0.037326350808143616, 0.03799250349402428, 0.03931698575615883, 0.0378074124455452, 0.039146557450294495, 0.03776805102825165, 0.03912806510925293, 0.03845354542136192, 0.039463110268116, 0.039602942764759064, 0.04223693534731865, 0.0390099436044693, 0.036342840641736984, 0.03849217668175697, 0.0379939004778862, 0.037270836532115936, 0.03953588753938675, 0.03518558293581009, 0.037205297499895096, 0.0412563681602478, 0.0376451350748539, 0.04307937994599342, 0.03833650052547455, 0.03552984446287155, 0.04001474007964134, 0.038947902619838715, 0.039411868900060654, 0.03633672744035721, 0.036627113819122314, 0.034898001700639725, 0.037468865513801575, 0.035683780908584595, 0.039706867188215256, 0.03718813881278038, 0.03668458014726639, 0.036123160272836685, 0.03529210016131401, 0.04099452495574951, 0.035367872565984726, 0.03447927534580231, 0.0346461683511734, 0.0376836322247982, 0.03483632579445839, 0.03359970822930336, 0.03642161190509796, 0.03422297164797783, 0.035668838769197464, 0.034462109208106995, 0.04177626594901085, 0.036023858934640884, 0.03497041016817093, 0.03442452847957611, 0.04286418855190277, 0.03484328091144562, 0.0346372127532959, 0.03656981140375137, 0.034272972494363785, 0.03425142914056778, 0.0370328426361084]"
0,"[50, 20]",leaky_relu,adamax,<keras.src.losses.losses.MeanSquaredError object at 0x73a3d7d3a450>,6,"[0.02408030442893505, 0.025099296122789383, 0.025391684845089912, 0.02616124227643013, 0.024881599470973015, 0.02525489777326584, 0.024218298494815826, 0.024541297927498817, 0.025140531361103058, 0.02528192847967148, 0.024313606321811676, 0.02583240531384945, 0.029007133096456528, 0.026028325781226158]","[79.8115005493164, 7.759422302246094, 6.187148094177246, 5.878361225128174, 5.729644298553467, 5.653528213500977, 5.614536762237549, 5.588201522827148, 5.553743362426758, 5.519211769104004, 5.504490852355957, 5.466920852661133, 5.428773880004883, 5.396879196166992, 5.340033531188965, 5.281938552856445, 5.180600166320801, 5.047811508178711, 4.856453895568848, 4.5802388191223145, 4.226555347442627, 3.688002586364746, 3.015455484390259, 2.394263744354248, 1.8897215127944946, 1.5697935819625854, 1.3342843055725098, 1.1734254360198975, 1.038672924041748, 0.9281659722328186, 0.8405579328536987, 0.7613890171051025, 0.7017929553985596, 0.6435859799385071, 0.6003053188323975, 0.565302848815918, 0.5258353352546692, 0.4836512804031372, 0.4536147713661194, 0.42844218015670776, 0.4239407777786255, 0.4041703939437866, 0.3798620402812958, 0.3734320402145386, 0.3750584125518799, 0.35651132464408875, 0.35407310724258423, 0.34829580783843994, 0.34428930282592773, 0.3375868797302246, 0.3369276821613312, 0.3279092013835907, 0.32724106311798096, 0.3274146318435669, 0.31984999775886536, 0.31886887550354004, 0.31427180767059326, 0.30972254276275635, 0.3047840893268585, 0.2956094741821289, 0.29538023471832275, 0.28860747814178467, 0.2885521948337555, 0.2756911814212799, 0.27671459317207336, 0.2694469094276428, 0.2623472213745117, 0.2577013373374939, 0.25268465280532837, 0.24733130633831024, 0.24251896142959595, 0.23599465191364288, 0.23622862994670868, 0.2275291532278061, 0.22345441579818726, 0.2151981145143509, 0.2104204297065735, 0.20740391314029694, 0.20378604531288147, 0.196652352809906, 0.18782787024974823, 0.18401837348937988, 0.18081942200660706, 0.1814163327217102, 0.17462439835071564, 0.16684938967227936, 0.16385458409786224, 0.15979857742786407, 0.16338279843330383, 0.1518668532371521, 0.15186841785907745, 0.14569778740406036, 0.15292564034461975, 0.14235708117485046, 0.14220601320266724, 0.1385456770658493, 0.14902819693088531, 0.13961707055568695, 0.1349688321352005, 0.13183587789535522, 0.13504572212696075, 0.12834027409553528, 0.1321841925382614, 0.12957312166690826, 0.12507867813110352, 0.12515372037887573, 0.12000785768032074, 0.12011007219552994, 0.12217537313699722, 0.1183243840932846, 0.11687824130058289, 0.11452744901180267, 0.11517170071601868, 0.1135111004114151, 0.11089824140071869, 0.11422129720449448, 0.11201580613851547, 0.11188510060310364, 0.10844972729682922, 0.10818751901388168, 0.1045030727982521, 0.10635314881801605, 0.10782818496227264, 0.1040385439991951, 0.11139295995235443, 0.10395326465368271, 0.1007106676697731, 0.10479900985956192, 0.10588695853948593, 0.10548145323991776, 0.09882768988609314, 0.1088380515575409, 0.10647378116846085, 0.10484473407268524, 0.0981050655245781, 0.09733263403177261, 0.0958913266658783, 0.09867996722459793, 0.09678583592176437, 0.09525570273399353, 0.09348195046186447, 0.08747271448373795, 0.08937717974185944, 0.08753671497106552, 0.08655313402414322, 0.08403097838163376, 0.0859690010547638, 0.08830997347831726, 0.0874130055308342, 0.08774910122156143, 0.08056864142417908, 0.08638681471347809, 0.08570513874292374, 0.0810542106628418, 0.08490843325853348, 0.08473046869039536, 0.07804278284311295, 0.08205269277095795, 0.08424486964941025, 0.0742301195859909, 0.07869376242160797, 0.08044968545436859, 0.08094356209039688, 0.0733172744512558, 0.07281393557786942, 0.07069383561611176, 0.07427448779344559, 0.07202885299921036, 0.07223658263683319, 0.06886200606822968, 0.07747828960418701, 0.06753727048635483, 0.06802788376808167, 0.07021761685609818, 0.06987717747688293, 0.07147511839866638, 0.0665995180606842, 0.06575961410999298, 0.06312120705842972, 0.06437107920646667, 0.0624832920730114, 0.07192474603652954, 0.06433352828025818, 0.06288499385118484, 0.06391419470310211, 0.06372810900211334, 0.06402561068534851, 0.06544375419616699, 0.05996629223227501, 0.06396718323230743, 0.06411927193403244, 0.06288884580135345, 0.062108322978019714, 0.06468354910612106, 0.06465987116098404, 0.06353477388620377, 0.05948929488658905, 0.06311552226543427, 0.06028486043214798, 0.06079631298780441, 0.06082858517765999, 0.06045064702630043, 0.0601169727742672, 0.06459406763315201, 0.05701955035328865, 0.05884091183543205, 0.0585404634475708, 0.05619017407298088, 0.05638238415122032, 0.05555977299809456, 0.056146543473005295, 0.06088311970233917, 0.05433010682463646, 0.05437259003520012, 0.05395551025867462, 0.059705886989831924, 0.053586848080158234, 0.056747693568468094, 0.05832662805914879, 0.05498192459344864, 0.057880885899066925, 0.05298685282468796, 0.05379897728562355, 0.052249129861593246, 0.052454013377428055, 0.053920820355415344, 0.05039409175515175, 0.05180602893233299, 0.05131141468882561, 0.049935199320316315, 0.049149662256240845, 0.04799545556306839, 0.04822668805718422, 0.059054091572761536, 0.04886841028928757, 0.04949016496539116, 0.04964727163314819, 0.045926712453365326, 0.04810309037566185, 0.0467035211622715, 0.05658022686839104, 0.046267833560705185, 0.04643194377422333, 0.04858403652906418, 0.04914901778101921, 0.044763728976249695, 0.04482483118772507, 0.04455219954252243, 0.04310000315308571, 0.046180084347724915, 0.044136449694633484, 0.041623156517744064, 0.04358223080635071, 0.045246705412864685, 0.05339609086513519, 0.04291148483753204, 0.045659832656383514, 0.042954668402671814, 0.04010719060897827, 0.04168254882097244, 0.040034614503383636, 0.04362558573484421, 0.03872592747211456, 0.04065852239727974, 0.04046117141842842, 0.0383247546851635, 0.04029830917716026, 0.03830381855368614, 0.03960812836885452, 0.04022320732474327, 0.04699884355068207, 0.040986742824316025, 0.037216778844594955, 0.03842942416667938, 0.041159991174936295, 0.04323982074856758, 0.04084736108779907, 0.03908929228782654, 0.037888266146183014, 0.03717964142560959, 0.04029932618141174, 0.037050019949674606, 0.037453100085258484, 0.03679536655545235, 0.03737028315663338, 0.03655238449573517, 0.0372626967728138, 0.03552068769931793, 0.03912137448787689, 0.03744733706116676, 0.036917492747306824, 0.03569194674491882, 0.03782305866479874, 0.0369410514831543, 0.036526381969451904, 0.036305978894233704, 0.037426479160785675, 0.03398577868938446, 0.036389827728271484, 0.0344385951757431, 0.03379342705011368, 0.036876823753118515, 0.037355318665504456, 0.03500695154070854, 0.0318140834569931, 0.032938070595264435, 0.035396117717027664, 0.03427134454250336, 0.03435163199901581, 0.03640907257795334, 0.034912046045064926, 0.032129447907209396, 0.03212226554751396, 0.0409182645380497, 0.03318125009536743, 0.03279793635010719, 0.032804977148771286, 0.031351055949926376, 0.03451774641871452, 0.03522875905036926, 0.03315303102135658, 0.033616963773965836, 0.03244248405098915, 0.032720260322093964, 0.03230941295623779, 0.03029698133468628, 0.03277216851711273, 0.03492055460810661, 0.030826039612293243, 0.03260897099971771, 0.03266812488436699, 0.03328443691134453, 0.03267313539981842, 0.03132103011012077, 0.03128214180469513, 0.03304629027843475, 0.03268180042505264, 0.030001644045114517, 0.030087050050497055, 0.031681086868047714, 0.03405813127756119, 0.03468669578433037, 0.035537105053663254, 0.028987910598516464, 0.028970807790756226, 0.030293822288513184, 0.031114330515265465, 0.029861250892281532, 0.030930986627936363, 0.0320768766105175, 0.030302472412586212, 0.028250673785805702, 0.03051559068262577, 0.031096918508410454, 0.03084477409720421, 0.031083162873983383, 0.031063519418239594, 0.032555289566516876, 0.028971293941140175, 0.03124065510928631, 0.029114067554473877, 0.0313958078622818, 0.02863227389752865, 0.034600865095853806, 0.028035584837198257, 0.032411038875579834, 0.02839638479053974, 0.030600199475884438, 0.0276152566075325, 0.02768654003739357, 0.02755116857588291, 0.028547992929816246, 0.028784487396478653, 0.02817579172551632, 0.027146419510245323, 0.03292215242981911, 0.028305716812610626, 0.030583087354898453, 0.03010755404829979, 0.03174471855163574, 0.031049244105815887, 0.0285339392721653, 0.030440710484981537, 0.028919925913214684, 0.026045355945825577, 0.02827385812997818, 0.02632954902946949, 0.028138266876339912, 0.028914259746670723, 0.026551563292741776, 0.036720700562000275, 0.025757301598787308, 0.026233352720737457, 0.025347206741571426, 0.028027065098285675, 0.02520248480141163, 0.026558807119727135, 0.025824256241321564, 0.03353135660290718, 0.027057236060500145, 0.025899633765220642, 0.02892325632274151, 0.026154860854148865, 0.024966513738036156, 0.026384398341178894, 0.025964949280023575, 0.029126418754458427, 0.02711663581430912, 0.029575424268841743, 0.025530176237225533, 0.024925896897912025, 0.02579791657626629, 0.027606209740042686, 0.024952329695224762, 0.025288507342338562, 0.02473425306379795, 0.02476954273879528, 0.02657666802406311, 0.026980318129062653, 0.025193797424435616, 0.025099096819758415, 0.029506035149097443, 0.02696823887526989, 0.036714982241392136, 0.025579256936907768, 0.027253532782197, 0.02721598371863365, 0.02382543310523033, 0.02408030442893505, 0.025099296122789383, 0.025391684845089912, 0.02616124227643013, 0.024881599470973015, 0.02525489777326584, 0.024218298494815826, 0.024541297927498817, 0.025140531361103058, 0.02528192847967148, 0.024313606321811676, 0.02583240531384945, 0.029007133096456528, 0.026028325781226158, 0.027698438614606857]"
0,"[50, 20]",leaky_relu,adamax,<keras.src.losses.losses.MeanSquaredError object at 0x73a3d7d3a450>,7,"[0.04238887131214142, 0.04423683136701584, 0.04673432931303978, 0.04221015423536301, 0.04465968534350395, 0.046540964394807816, 0.04329394921660423, 0.04252680391073227, 0.04169560968875885, 0.04476144537329674, 0.04165411740541458, 0.04320244491100311, 0.052635882049798965, 0.04693005979061127]","[44.22543716430664, 6.984704971313477, 6.067055702209473, 5.830720901489258, 5.722843647003174, 5.652034282684326, 5.614336013793945, 5.614421844482422, 5.589084148406982, 5.575858116149902, 5.564931869506836, 5.564316749572754, 5.564611434936523, 5.562928199768066, 5.568353652954102, 5.538969993591309, 5.536978721618652, 5.525333404541016, 5.520963668823242, 5.5096964836120605, 5.510833740234375, 5.488274574279785, 5.467841148376465, 5.454308032989502, 5.419595718383789, 5.392631530761719, 5.360141754150391, 5.315413951873779, 5.26181173324585, 5.179680824279785, 5.048368453979492, 4.889928817749023, 4.637604713439941, 4.3054399490356445, 3.7446208000183105, 2.822838544845581, 2.001842975616455, 1.4306782484054565, 1.105776309967041, 0.919111967086792, 0.7484552264213562, 0.6332753896713257, 0.5399712324142456, 0.4701164960861206, 0.42942559719085693, 0.4072768986225128, 0.3809903562068939, 0.36944353580474854, 0.3638439476490021, 0.358426034450531, 0.3491734564304352, 0.34808287024497986, 0.34111499786376953, 0.3409845232963562, 0.32988303899765015, 0.32627052068710327, 0.32515835762023926, 0.31614455580711365, 0.31427207589149475, 0.3098341226577759, 0.3052598237991333, 0.3009915351867676, 0.2936630845069885, 0.29003530740737915, 0.29714977741241455, 0.2852194607257843, 0.2786608040332794, 0.2770257890224457, 0.2709769606590271, 0.2700531780719757, 0.2652739882469177, 0.2610049247741699, 0.2629866898059845, 0.25786906480789185, 0.25208982825279236, 0.257048636674881, 0.253888338804245, 0.2478916347026825, 0.24127544462680817, 0.24133147299289703, 0.24111612141132355, 0.23544462025165558, 0.2295657843351364, 0.22553293406963348, 0.22495773434638977, 0.21871338784694672, 0.21183480322360992, 0.20765388011932373, 0.2060706913471222, 0.2038314938545227, 0.19970619678497314, 0.196092888712883, 0.1946926712989807, 0.18818901479244232, 0.19023288786411285, 0.18921491503715515, 0.18209262192249298, 0.17424947023391724, 0.18567895889282227, 0.17094047367572784, 0.16205522418022156, 0.16090160608291626, 0.15613187849521637, 0.15294013917446136, 0.15706875920295715, 0.14993931353092194, 0.14850476384162903, 0.14669816195964813, 0.14420488476753235, 0.14923834800720215, 0.14563466608524323, 0.15252096951007843, 0.1427183598279953, 0.13310328125953674, 0.13598500192165375, 0.14166583120822906, 0.13159023225307465, 0.13609226047992706, 0.1317732036113739, 0.13043364882469177, 0.13562507927417755, 0.12802618741989136, 0.12718725204467773, 0.13102753460407257, 0.12566135823726654, 0.12421294301748276, 0.12478521466255188, 0.12530142068862915, 0.12514573335647583, 0.12176978588104248, 0.12348798662424088, 0.12677128612995148, 0.12378842383623123, 0.12246167659759521, 0.12355058640241623, 0.12600886821746826, 0.12408763915300369, 0.12972675263881683, 0.12079153954982758, 0.12333659082651138, 0.12657038867473602, 0.11905407905578613, 0.12199616432189941, 0.11995082348585129, 0.1264621764421463, 0.12380717694759369, 0.1264456957578659, 0.1203397661447525, 0.12191348522901535, 0.1214938685297966, 0.11728145182132721, 0.11995276808738708, 0.11757567524909973, 0.11927206069231033, 0.11891792714595795, 0.11647766083478928, 0.12053036689758301, 0.11815142631530762, 0.11556126177310944, 0.11576540023088455, 0.12142103165388107, 0.11714347451925278, 0.11513663828372955, 0.11899573355913162, 0.1164545863866806, 0.11491750180721283, 0.11692461371421814, 0.11525379121303558, 0.1136731430888176, 0.11561593413352966, 0.12726932764053345, 0.11164200305938721, 0.11254464089870453, 0.11166942119598389, 0.10977960377931595, 0.1136803925037384, 0.11008358001708984, 0.10981719195842743, 0.11248315870761871, 0.11566761136054993, 0.11124616116285324, 0.11307045817375183, 0.11372257769107819, 0.11302872747182846, 0.11966370046138763, 0.11773256212472916, 0.11132457852363586, 0.10848395526409149, 0.10693934559822083, 0.10840808600187302, 0.10768620669841766, 0.10661159455776215, 0.10955404490232468, 0.11057928204536438, 0.10725563764572144, 0.1073584035038948, 0.10972435772418976, 0.10943146049976349, 0.11995812505483627, 0.10511007905006409, 0.11080358922481537, 0.10436580330133438, 0.10368453711271286, 0.11221469938755035, 0.10080014914274216, 0.1045306921005249, 0.10360990464687347, 0.10004349797964096, 0.1024990975856781, 0.10668027400970459, 0.09973064810037613, 0.10526164621114731, 0.1009146049618721, 0.10191335529088974, 0.10118070989847183, 0.10143677890300751, 0.09889783710241318, 0.09858960658311844, 0.10600577294826508, 0.10855203866958618, 0.09844117611646652, 0.09726475179195404, 0.11256452649831772, 0.09477847069501877, 0.09470280259847641, 0.0981978178024292, 0.09468637406826019, 0.09521713852882385, 0.09650961309671402, 0.09548448771238327, 0.09819518029689789, 0.0983366146683693, 0.111748605966568, 0.09430861473083496, 0.09288764744997025, 0.09496024996042252, 0.09332194924354553, 0.09930625557899475, 0.09776517748832703, 0.09258081018924713, 0.09256677329540253, 0.09388602524995804, 0.0937332957983017, 0.0901137962937355, 0.09503057599067688, 0.0886787474155426, 0.08862259984016418, 0.0896475613117218, 0.08999425172805786, 0.0863509401679039, 0.08865004777908325, 0.08765442669391632, 0.08543548732995987, 0.09470883011817932, 0.08565177768468857, 0.08794239163398743, 0.08631759136915207, 0.08847510814666748, 0.08663573861122131, 0.08346332609653473, 0.08784949779510498, 0.09003707766532898, 0.08292468637228012, 0.08052190393209457, 0.08413884043693542, 0.07981684803962708, 0.07904937863349915, 0.0830354392528534, 0.0780852884054184, 0.07780078053474426, 0.07689565420150757, 0.074190653860569, 0.07710067182779312, 0.07922404259443283, 0.07162335515022278, 0.07611745595932007, 0.07618003338575363, 0.07785996794700623, 0.06895727664232254, 0.06843432039022446, 0.074361152946949, 0.07674424350261688, 0.07191051542758942, 0.06771789491176605, 0.08485743403434753, 0.06796574592590332, 0.06555262953042984, 0.06641694158315659, 0.06291064620018005, 0.06317882239818573, 0.06044073775410652, 0.06009872630238533, 0.05885104462504387, 0.06014525890350342, 0.06359401345252991, 0.057574883103370667, 0.06279446929693222, 0.0608179047703743, 0.056234076619148254, 0.05392634868621826, 0.053074080497026443, 0.05397609993815422, 0.05654948204755783, 0.05445289611816406, 0.06052010506391525, 0.052968356758356094, 0.057424724102020264, 0.05502928048372269, 0.04973432049155235, 0.05211940407752991, 0.04982714354991913, 0.05029825493693352, 0.05131888762116432, 0.04887248948216438, 0.04997517541050911, 0.049494992941617966, 0.0480128638446331, 0.05230499058961868, 0.0496210902929306, 0.05373366177082062, 0.05364401638507843, 0.049243491142988205, 0.056085653603076935, 0.04845363646745682, 0.05117766931653023, 0.05088680237531662, 0.04492605850100517, 0.053874388337135315, 0.0494551807641983, 0.04919368773698807, 0.047349195927381516, 0.047874096781015396, 0.05173257365822792, 0.04531063139438629, 0.04784272238612175, 0.05317344143986702, 0.06364172697067261, 0.0441078282892704, 0.04670280963182449, 0.0464354045689106, 0.04684481397271156, 0.05043671652674675, 0.04925336316227913, 0.044918593019247055, 0.04688462242484093, 0.046660009771585464, 0.04998452961444855, 0.04406118020415306, 0.053633663803339005, 0.04342871904373169, 0.04969099164009094, 0.048100218176841736, 0.04638604447245598, 0.04747988283634186, 0.043020378798246384, 0.04728245735168457, 0.04671292379498482, 0.04719217121601105, 0.0543505996465683, 0.04352821409702301, 0.058064673095941544, 0.04217792674899101, 0.04147833585739136, 0.04238887131214142, 0.04423683136701584, 0.04673432931303978, 0.04221015423536301, 0.04465968534350395, 0.046540964394807816, 0.04329394921660423, 0.04252680391073227, 0.04169560968875885, 0.04476144537329674, 0.04165411740541458, 0.04320244491100311, 0.052635882049798965, 0.04693005979061127, 0.04368094727396965]"
0,"[200, 100]",leaky_relu,adam,<keras.src.losses.losses.MeanSquaredError object at 0x73a3d7d3a450>,1,"[5.58746862411499, 5.599494934082031, 5.572439670562744, 5.5765814781188965, 5.584403991699219, 5.574552059173584, 5.593094825744629, 5.579385757446289, 5.580199241638184, 5.608438491821289, 5.578815937042236, 5.612245082855225, 5.608073711395264, 5.638123512268066]","[12.773696899414062, 5.78143310546875, 5.635549545288086, 5.572078704833984, 5.58746862411499, 5.599494934082031, 5.572439670562744, 5.5765814781188965, 5.584403991699219, 5.574552059173584, 5.593094825744629, 5.579385757446289, 5.580199241638184, 5.608438491821289, 5.578815937042236, 5.612245082855225, 5.608073711395264, 5.638123512268066, 5.638101577758789]"
0,"[200, 100]",leaky_relu,adam,<keras.src.losses.losses.MeanSquaredError object at 0x73a3d7d3a450>,2,"[0.16337373852729797, 0.09006023406982422, 0.09030494093894958, 0.10055925697088242, 0.10114315152168274, 0.08874594420194626, 0.12691834568977356, 0.09212008118629456, 0.08980961889028549, 0.12192583084106445, 0.12452241778373718, 0.08680806308984756, 0.0888422429561615, 0.12193361669778824]","[9.050235748291016, 5.728734970092773, 5.56467866897583, 5.5715837478637695, 5.4865803718566895, 5.210014343261719, 2.169081687927246, 0.713961660861969, 0.45637866854667664, 0.31277814507484436, 0.2703441381454468, 0.22369864583015442, 0.20551292598247528, 0.18526560068130493, 0.18171809613704681, 0.1942581683397293, 0.1688539832830429, 0.16569884121418, 0.15240983664989471, 0.14627955853939056, 0.16120365262031555, 0.12970227003097534, 0.18073038756847382, 0.2528243660926819, 0.25373002886772156, 0.14008896052837372, 0.1782892346382141, 0.12586382031440735, 0.12729698419570923, 0.5859387516975403, 0.1635298877954483, 0.1206265538930893, 0.12304658442735672, 0.1273002177476883, 0.11663002520799637, 0.11116381734609604, 0.13537496328353882, 0.13077996671199799, 0.10900987684726715, 0.17305544018745422, 0.12021274119615555, 0.11066603660583496, 0.23933416604995728, 0.12720941007137299, 0.20668205618858337, 0.12373156100511551, 0.1950235664844513, 0.449114054441452, 0.14421723783016205, 0.1165691614151001, 0.11546209454536438, 0.11642832309007645, 0.10838130116462708, 0.10598758608102798, 0.12268926203250885, 0.1689218431711197, 0.18701347708702087, 0.108391173183918, 0.1062493845820427, 0.11201480031013489, 0.1308022439479828, 0.1968974471092224, 0.1465812474489212, 0.1528894603252411, 0.10231936722993851, 0.10635537654161453, 0.11702871322631836, 0.10614669322967529, 0.12449055165052414, 0.10334786772727966, 0.10760191828012466, 0.40598371624946594, 0.11227475106716156, 0.09668965637683868, 0.10113184154033661, 0.17653682827949524, 0.10254821926355362, 0.12746456265449524, 0.1417294293642044, 0.09597763419151306, 0.09683075547218323, 0.10273613780736923, 0.09659289568662643, 0.1111738309264183, 0.1752486526966095, 0.10511267930269241, 0.203730970621109, 0.14495497941970825, 0.09313713014125824, 0.1105761006474495, 0.09453767538070679, 0.09866157919168472, 0.09256187081336975, 0.3245084583759308, 0.1086973324418068, 0.10054899752140045, 0.13415659964084625, 0.1041991338133812, 0.09068633615970612, 0.09660722315311432, 0.114866241812706, 0.08599919825792313, 0.11773893237113953, 0.26279324293136597, 0.09442687034606934, 0.294848769903183, 0.13520599901676178, 0.08735343813896179, 0.09337566792964935, 0.08894293755292892, 0.09418092668056488, 0.11892713606357574, 0.1054513156414032, 0.09885566681623459, 0.11675135046243668, 0.08481916785240173, 0.16337373852729797, 0.09006023406982422, 0.09030494093894958, 0.10055925697088242, 0.10114315152168274, 0.08874594420194626, 0.12691834568977356, 0.09212008118629456, 0.08980961889028549, 0.12192583084106445, 0.12452241778373718, 0.08680806308984756, 0.0888422429561615, 0.12193361669778824, 0.11624392867088318]"
0,"[200, 100]",leaky_relu,adam,<keras.src.losses.losses.MeanSquaredError object at 0x73a3d7d3a450>,3,"[0.05250980332493782, 0.05203944444656372, 0.037186045199632645, 0.03443214297294617, 0.08908882737159729, 0.03636566549539566, 0.03510401025414467, 0.03262125700712204, 0.03595224395394325, 0.061890944838523865, 0.039445661008358, 0.03475167229771614, 0.054050371050834656, 0.05318628251552582]","[9.32138442993164, 5.67750358581543, 5.56452751159668, 5.520453929901123, 5.413286209106445, 4.767914772033691, 1.3004155158996582, 0.5458574891090393, 0.43019139766693115, 0.3635474145412445, 0.28678974509239197, 0.2846110165119171, 0.21990863978862762, 0.22683075070381165, 0.18821212649345398, 0.21386197209358215, 0.2490011602640152, 0.17691147327423096, 0.17322152853012085, 0.15083065629005432, 0.16590569913387299, 0.6394485831260681, 0.17885442078113556, 0.14241239428520203, 0.15757615864276886, 0.1420190930366516, 0.13696016371250153, 0.1271800398826599, 0.12695150077342987, 0.12485317140817642, 0.12263557314872742, 0.12250762432813644, 0.12118613719940186, 0.11854706704616547, 0.12382010370492935, 0.12559470534324646, 0.12159115821123123, 0.11964130401611328, 0.27008309960365295, 0.12205430865287781, 0.13775640726089478, 0.1364414095878601, 0.11404498666524887, 0.16421294212341309, 0.14288659393787384, 0.11227938532829285, 0.11347762495279312, 0.12015553563833237, 0.11517945677042007, 0.11001572012901306, 0.14006367325782776, 0.22268778085708618, 0.11523918062448502, 0.16857025027275085, 0.11817797273397446, 0.10955488681793213, 0.12379002571105957, 0.11573515832424164, 0.1270071119070053, 0.10506358742713928, 0.10516730695962906, 0.1040908545255661, 0.10441414266824722, 0.10715202987194061, 0.18679267168045044, 0.10672619193792343, 0.15631259977817535, 0.1362362653017044, 0.10512810945510864, 0.10843926668167114, 0.0858594998717308, 0.10843884199857712, 0.11055558174848557, 0.09473658353090286, 0.08033066242933273, 0.06621629744768143, 0.0804520696401596, 0.06258468329906464, 0.058249473571777344, 0.06531320512294769, 0.12065890431404114, 0.04750930890440941, 0.07009793817996979, 0.05317927151918411, 0.07510325312614441, 0.09351321309804916, 0.04650089144706726, 0.08786168694496155, 0.06228756904602051, 0.051724426448345184, 0.061353955417871475, 0.05721410736441612, 0.04567381367087364, 0.05102352425456047, 0.05705305561423302, 0.04651035740971565, 0.04365785792469978, 0.21845512092113495, 0.34092748165130615, 0.11249593645334244, 0.039827629923820496, 0.04196212440729141, 0.03546784445643425, 0.03741282597184181, 0.0380430743098259, 0.03911823034286499, 0.05584517493844032, 0.039803218096494675, 0.04685971513390541, 0.04536454379558563, 0.16558228433132172, 0.07756475359201431, 0.04625363647937775, 0.03900429233908653, 0.03850288689136505, 0.03243376314640045, 0.05250980332493782, 0.05203944444656372, 0.037186045199632645, 0.03443214297294617, 0.08908882737159729, 0.03636566549539566, 0.03510401025414467, 0.03262125700712204, 0.03595224395394325, 0.061890944838523865, 0.039445661008358, 0.03475167229771614, 0.054050371050834656, 0.05318628251552582, 0.03514609858393669]"
0,"[200, 100]",leaky_relu,adam,<keras.src.losses.losses.MeanSquaredError object at 0x73a3d7d3a450>,4,"[0.049755387008190155, 0.12884730100631714, 0.11853411793708801, 0.045450542122125626, 0.05564431846141815, 0.3458271622657776, 0.05352184921503067, 0.06990672647953033, 0.054740823805332184, 0.06754523515701294, 0.04834296181797981, 0.056443359702825546, 0.05116032063961029, 0.08315159380435944]","[9.011374473571777, 5.938347816467285, 5.584427356719971, 5.354384422302246, 4.31764030456543, 1.0229716300964355, 0.773395299911499, 0.4455031156539917, 0.365678071975708, 0.3865725100040436, 0.30727413296699524, 0.2569448947906494, 0.2525906562805176, 0.2135297656059265, 0.22041058540344238, 0.18375608325004578, 0.198072150349617, 0.17691980302333832, 0.1706147938966751, 0.15227431058883667, 0.14918304979801178, 0.16833770275115967, 0.19072052836418152, 0.27574336528778076, 0.22526152431964874, 0.1573079228401184, 0.1760859340429306, 0.16734986007213593, 0.1349458247423172, 0.12662489712238312, 0.13237346708774567, 0.12343192100524902, 0.12175250053405762, 0.11865606904029846, 0.12524451315402985, 0.11879592388868332, 0.1197582334280014, 0.12620115280151367, 0.13286426663398743, 0.13104310631752014, 0.10450969636440277, 0.10466860979795456, 0.10208512097597122, 0.3280682861804962, 0.104342982172966, 0.0736965760588646, 0.10076717287302017, 0.07889647036790848, 0.06156923994421959, 0.07677856087684631, 0.3112722933292389, 0.09637632966041565, 0.05794968083500862, 0.0518835075199604, 0.05054319649934769, 0.053554967045784, 0.04864247515797615, 0.0449901707470417, 0.049755387008190155, 0.12884730100631714, 0.11853411793708801, 0.045450542122125626, 0.05564431846141815, 0.3458271622657776, 0.05352184921503067, 0.06990672647953033, 0.054740823805332184, 0.06754523515701294, 0.04834296181797981, 0.056443359702825546, 0.05116032063961029, 0.08315159380435944, 0.052663736045360565]"
0,"[200, 100]",leaky_relu,adam,<keras.src.losses.losses.MeanSquaredError object at 0x73a3d7d3a450>,5,"[0.04172724485397339, 0.038293298333883286, 0.04782187193632126, 0.03520242124795914, 0.03705964982509613, 0.04265310615301132, 0.044355835765600204, 0.03660259768366814, 0.03252066671848297, 0.037459347397089005, 0.04236403852701187, 0.05810527503490448, 0.10482537001371384, 0.03591735288500786]","[8.666215896606445, 5.689027309417725, 5.6456475257873535, 5.587767601013184, 5.555810451507568, 5.513444900512695, 5.2628607749938965, 1.729417324066162, 0.5945244431495667, 0.38777369260787964, 0.31584781408309937, 0.2906515896320343, 0.27118104696273804, 0.2501617670059204, 0.25384747982025146, 0.2061726450920105, 0.17982399463653564, 0.17559146881103516, 0.16639690101146698, 0.14697051048278809, 0.1523461490869522, 0.1789516657590866, 0.1356150209903717, 0.13995805382728577, 0.15984277427196503, 0.14036302268505096, 0.3191487789154053, 0.13626664876937866, 0.1403774619102478, 0.12456650286912918, 0.12032319605350494, 0.1297379434108734, 0.12056981027126312, 0.1323445439338684, 0.22747410833835602, 0.12445452809333801, 0.12164746224880219, 0.1188633069396019, 0.16404174268245697, 0.10902592539787292, 0.16065968573093414, 0.10189574956893921, 0.09903127700090408, 0.12593895196914673, 0.1349155604839325, 0.10444418340921402, 0.11637771129608154, 0.08415362983942032, 0.07666554301977158, 0.08509752154350281, 0.1005515605211258, 0.08529142290353775, 0.10236822068691254, 0.06326493620872498, 0.2889574468135834, 0.29309573769569397, 0.06063804402947426, 0.05492149665951729, 0.04702506959438324, 0.04658609256148338, 0.04450495168566704, 0.06257885694503784, 0.052112702280282974, 0.04313347488641739, 0.06968360394239426, 0.04591482877731323, 0.04696786403656006, 0.05399803817272186, 0.20062118768692017, 0.08517122268676758, 0.05565354600548744, 0.04201941192150116, 0.053851962089538574, 0.041712865233421326, 0.04408895969390869, 0.15312610566616058, 0.047476936131715775, 0.040673546493053436, 0.07445842027664185, 0.08083265274763107, 0.04693206027150154, 0.04239272698760033, 0.045236118137836456, 0.43648040294647217, 0.052812058478593826, 0.046953991055488586, 0.05097903311252594, 0.03738147392868996, 0.1300244927406311, 0.042673539370298386, 0.04157179594039917, 0.10552695393562317, 0.05142844840884209, 0.03715948015451431, 0.03762844204902649, 0.032850880175828934, 0.1051514521241188, 0.15959452092647552, 0.06925727427005768, 0.03493722900748253, 0.03379534184932709, 0.03237958252429962, 0.04172724485397339, 0.038293298333883286, 0.04782187193632126, 0.03520242124795914, 0.03705964982509613, 0.04265310615301132, 0.044355835765600204, 0.03660259768366814, 0.03252066671848297, 0.037459347397089005, 0.04236403852701187, 0.05810527503490448, 0.10482537001371384, 0.03591735288500786, 0.035885341465473175]"
0,"[200, 100]",leaky_relu,adam,<keras.src.losses.losses.MeanSquaredError object at 0x73a3d7d3a450>,6,"[0.03026425465941429, 0.0408443957567215, 0.02910529263317585, 0.032847654074430466, 0.03711487352848053, 0.049039531499147415, 0.09616915881633759, 0.052200522273778915, 0.032711878418922424, 0.070030078291893, 0.056600987911224365, 0.054619889706373215, 0.08452591300010681, 0.04080839827656746]","[8.336623191833496, 5.69123649597168, 5.530585289001465, 5.310232162475586, 3.619701862335205, 1.085701823234558, 0.6906766891479492, 0.4211319386959076, 0.3879239857196808, 0.3589785397052765, 0.2527503967285156, 0.24421650171279907, 0.2075398713350296, 0.20576615631580353, 0.20095781981945038, 0.19892239570617676, 0.2109808474779129, 0.21395592391490936, 0.18200573325157166, 0.1673363298177719, 0.15596243739128113, 0.17469102144241333, 0.16887284815311432, 0.14082562923431396, 0.15112775564193726, 0.13550680875778198, 0.21759992837905884, 0.16316847503185272, 0.26400384306907654, 0.14625947177410126, 0.12658172845840454, 0.1326104998588562, 0.12110023945569992, 0.11706149578094482, 0.1420302391052246, 0.10230016708374023, 0.1063179150223732, 0.09767799824476242, 0.09163881093263626, 0.09047619253396988, 0.08372557163238525, 0.1076725497841835, 0.13458402454853058, 0.1787552684545517, 0.0788264125585556, 0.07163631916046143, 0.05800202116370201, 0.08173615485429764, 0.10160352289676666, 0.27600783109664917, 0.13555267453193665, 0.0748615637421608, 0.051285114139318466, 0.05482987314462662, 0.048306096345186234, 0.047994375228881836, 0.04994533956050873, 0.048047736287117004, 0.047772690653800964, 0.07198335230350494, 0.049445103853940964, 0.08122933655977249, 0.04735182225704193, 0.07390246540307999, 0.09220331907272339, 0.07588120549917221, 0.055015258491039276, 0.11796396225690842, 0.0993761345744133, 0.04718907177448273, 0.04809253662824631, 0.04134898632764816, 0.06549585610628128, 0.05872023105621338, 0.047952279448509216, 0.1021374762058258, 0.06416609138250351, 0.04952872917056084, 0.4059034287929535, 0.08680573850870132, 0.05817658454179764, 0.060277268290519714, 0.05111144483089447, 0.05016214773058891, 0.05061761662364006, 0.053017061203718185, 0.038743287324905396, 0.06182422116398811, 0.0552835650742054, 0.03756314516067505, 0.1295323371887207, 0.07837692648172379, 0.14059001207351685, 0.06777682900428772, 0.03692617639899254, 0.09633351862430573, 0.040448181331157684, 0.0459798201918602, 0.28332772850990295, 0.03891259804368019, 0.03618703782558441, 0.0404854491353035, 0.03872055560350418, 0.03997179865837097, 0.03963134065270424, 0.03832055628299713, 0.09941758215427399, 0.14219039678573608, 0.035705119371414185, 0.1259378045797348, 0.13374821841716766, 0.035803038626909256, 0.035009995102882385, 0.05379919335246086, 0.038921501487493515, 0.14031212031841278, 0.0636606216430664, 0.05193600803613663, 0.03342757001519203, 0.03618502989411354, 0.0349346362054348, 0.03417177498340607, 0.055230218917131424, 0.05078798905014992, 0.09101679921150208, 0.059508759528398514, 0.029840171337127686, 0.031175676733255386, 0.031016012653708458, 0.03842266649007797, 0.02956423908472061, 0.032860830426216125, 0.08650273084640503, 0.051852405071258545, 0.22692087292671204, 0.05349532142281532, 0.02782580256462097, 0.03026425465941429, 0.0408443957567215, 0.02910529263317585, 0.032847654074430466, 0.03711487352848053, 0.049039531499147415, 0.09616915881633759, 0.052200522273778915, 0.032711878418922424, 0.070030078291893, 0.056600987911224365, 0.054619889706373215, 0.08452591300010681, 0.04080839827656746, 0.030719731003046036]"
0,"[200, 100]",leaky_relu,adam,<keras.src.losses.losses.MeanSquaredError object at 0x73a3d7d3a450>,7,"[0.3534705936908722, 0.050089966505765915, 0.05199310928583145, 0.4250377118587494, 0.04933098331093788, 0.03592003136873245, 0.03414652496576309, 0.03137800842523575, 0.2567463219165802, 0.03761447221040726, 0.03372783958911896, 0.0642329677939415, 0.058630865067243576, 0.03339867293834686]","[8.367283821105957, 5.567121505737305, 5.155271530151367, 3.347214937210083, 0.952742338180542, 0.545444905757904, 0.6073352694511414, 0.3244383633136749, 0.28404590487480164, 0.24791938066482544, 0.3114846646785736, 0.2242864966392517, 0.1741526871919632, 0.1620919108390808, 0.1582505702972412, 0.16238254308700562, 0.14607378840446472, 0.1404048353433609, 0.13833647966384888, 0.1355164796113968, 0.1329759806394577, 0.1299714297056198, 0.46126875281333923, 0.13184069097042084, 0.1429879069328308, 0.12239441275596619, 0.11971649527549744, 0.12200045585632324, 0.16540955007076263, 0.14499369263648987, 0.10543540120124817, 0.0968094989657402, 0.10338760167360306, 0.08980533480644226, 0.10439581423997879, 0.08074946701526642, 0.16638025641441345, 0.07780864834785461, 0.09912797063589096, 0.057873137295246124, 0.060471851378679276, 0.05140111595392227, 0.07053952664136887, 0.056248120963573456, 0.04652075096964836, 0.07644305378198624, 0.05839983746409416, 0.0951131209731102, 0.04640505090355873, 0.054898377507925034, 0.06557965278625488, 0.07103952020406723, 0.06670785695314407, 0.07509853690862656, 0.05966589227318764, 0.04441795125603676, 0.061069633811712265, 0.06352278590202332, 0.056536369025707245, 0.08882134407758713, 0.04723896458745003, 0.04182608425617218, 0.04282388836145401, 0.04797692224383354, 0.07461437582969666, 0.052984729409217834, 0.039833299815654755, 0.05531065911054611, 0.053545720875263214, 0.03744641691446304, 0.0351586788892746, 0.03764243423938751, 0.08767027407884598, 0.04484270513057709, 0.03500961512327194, 0.032339852303266525, 0.05368611589074135, 0.07150092720985413, 0.16379013657569885, 0.09202221035957336, 0.03642798960208893, 0.04255884885787964, 0.0317370668053627, 0.04363993927836418, 0.03815019130706787, 0.03482550010085106, 0.03572222217917442, 0.056425657123327255, 0.04593999683856964, 0.029689231887459755, 0.3534705936908722, 0.050089966505765915, 0.05199310928583145, 0.4250377118587494, 0.04933098331093788, 0.03592003136873245, 0.03414652496576309, 0.03137800842523575, 0.2567463219165802, 0.03761447221040726, 0.03372783958911896, 0.0642329677939415, 0.058630865067243576, 0.03339867293834686, 0.05903306230902672]"
0,"[200, 100]",leaky_relu,nadam,<keras.src.losses.losses.MeanSquaredError object at 0x73a3d7d3a450>,1,"[5.591946125030518, 5.6442461013793945, 7.069977760314941, 5.632275104522705, 5.608232021331787, 5.5896124839782715, 5.82314395904541, 5.8997321128845215, 5.587810039520264, 5.635471820831299, 5.958954811096191, 5.679224014282227, 5.714956760406494, 5.608381271362305]","[5.789140701293945, 5.611492156982422, 5.764647483825684, 5.628169536590576, 5.614741802215576, 5.61676549911499, 5.646395206451416, 5.605775356292725, 5.815555572509766, 5.633689880371094, 5.655220985412598, 5.6927080154418945, 5.861865520477295, 5.593419551849365, 5.81122350692749, 6.075467109680176, 5.613033771514893, 5.901132583618164, 5.624715328216553, 5.579122066497803, 5.8661980628967285, 5.65053653717041, 5.667697429656982, 5.8421783447265625, 5.747342109680176, 5.784339904785156, 5.752035617828369, 5.588542461395264, 5.699121475219727, 5.752187728881836, 5.771049976348877, 5.602682113647461, 6.171716690063477, 5.57177734375, 5.591946125030518, 5.6442461013793945, 7.069977760314941, 5.632275104522705, 5.608232021331787, 5.5896124839782715, 5.82314395904541, 5.8997321128845215, 5.587810039520264, 5.635471820831299, 5.958954811096191, 5.679224014282227, 5.714956760406494, 5.608381271362305, 6.325132369995117]"
0,"[200, 100]",leaky_relu,nadam,<keras.src.losses.losses.MeanSquaredError object at 0x73a3d7d3a450>,2,"[0.4507337808609009, 0.11562009900808334, 0.14557084441184998, 0.1815578192472458, 0.3634128272533417, 0.28542014956474304, 0.3046420216560364, 0.2173934280872345, 0.153741255402565, 0.291964054107666, 0.4251607656478882, 0.15985356271266937, 0.14062470197677612, 0.21234244108200073]","[5.7756476402282715, 5.594821453094482, 5.0481438636779785, 1.476635456085205, 0.5682423114776611, 0.3965730369091034, 0.32402244210243225, 0.3503463864326477, 0.27357974648475647, 0.20330122113227844, 0.5836888551712036, 0.17042037844657898, 0.43150007724761963, 0.16674292087554932, 0.3126559555530548, 0.8190734386444092, 0.14944036304950714, 0.4073079824447632, 0.22248536348342896, 0.2337164282798767, 0.2133760154247284, 0.27478379011154175, 0.14197710156440735, 0.1437118947505951, 0.34339073300361633, 0.13090834021568298, 0.13121335208415985, 0.15755142271518707, 0.7433149814605713, 0.126954585313797, 0.11595889180898666, 0.9486669898033142, 0.12255825102329254, 0.1342838555574417, 0.11403778195381165, 0.14761532843112946, 1.0584301948547363, 0.12460778653621674, 0.12015531957149506, 0.1491534262895584, 0.11329846829175949, 0.4507337808609009, 0.11562009900808334, 0.14557084441184998, 0.1815578192472458, 0.3634128272533417, 0.28542014956474304, 0.3046420216560364, 0.2173934280872345, 0.153741255402565, 0.291964054107666, 0.4251607656478882, 0.15985356271266937, 0.14062470197677612, 0.21234244108200073, 0.18294265866279602]"
0,"[200, 100]",leaky_relu,nadam,<keras.src.losses.losses.MeanSquaredError object at 0x73a3d7d3a450>,3,"[0.13155817985534668, 0.7143903970718384, 0.1908455342054367, 0.11923997849225998, 0.21437519788742065, 0.22523219883441925, 0.24609459936618805, 0.1552136242389679, 0.4142376482486725, 0.24893790483474731, 0.202928364276886, 0.19206753373146057, 0.32920312881469727, 0.30067670345306396]","[5.693151473999023, 5.611672401428223, 5.532181739807129, 5.202207565307617, 2.562981367111206, 0.5977501273155212, 0.3956471383571625, 0.31353241205215454, 1.1390540599822998, 0.24505342543125153, 0.37622520327568054, 0.19747905433177948, 0.1751699000597, 0.6061108112335205, 0.1655118465423584, 0.19663524627685547, 0.2971423864364624, 0.3511967658996582, 0.21435168385505676, 0.2770637571811676, 0.1801503300666809, 0.7469959259033203, 0.21013659238815308, 0.2840789258480072, 0.3162337839603424, 0.15210239589214325, 0.15284042060375214, 0.305729478597641, 0.12959758937358856, 0.12709882855415344, 0.21260613203048706, 0.3065003752708435, 0.12315413355827332, 0.1339656263589859, 0.15841099619865417, 0.2815588712692261, 0.12160059809684753, 0.12039927393198013, 0.14342443645000458, 0.4750315845012665, 0.149372398853302, 0.1586020141839981, 0.732226550579071, 0.2770653963088989, 0.11330465227365494, 0.13155817985534668, 0.7143903970718384, 0.1908455342054367, 0.11923997849225998, 0.21437519788742065, 0.22523219883441925, 0.24609459936618805, 0.1552136242389679, 0.4142376482486725, 0.24893790483474731, 0.202928364276886, 0.19206753373146057, 0.32920312881469727, 0.30067670345306396, 0.12367220968008041]"
0,"[200, 100]",leaky_relu,nadam,<keras.src.losses.losses.MeanSquaredError object at 0x73a3d7d3a450>,4,"[0.12329856306314468, 0.1273559182882309, 0.13122908771038055, 0.601297914981842, 0.14386528730392456, 0.18284553289413452, 0.15670377016067505, 1.0668892860412598, 0.11339569091796875, 0.15167906880378723, 0.2644581198692322, 0.11730305105447769, 0.13237155973911285, 0.41047152876853943]","[5.668193817138672, 5.48758602142334, 5.2686567306518555, 1.5692082643508911, 0.5144291520118713, 0.38849586248397827, 0.3362472355365753, 1.4460927248001099, 0.27294132113456726, 0.46440961956977844, 0.24852871894836426, 0.4533388912677765, 0.3659718930721283, 0.44894981384277344, 0.21888715028762817, 0.19314470887184143, 1.431767225265503, 0.14994534850120544, 0.18774141371250153, 0.44431108236312866, 0.1810605823993683, 0.6351943612098694, 0.3465445041656494, 0.15761037170886993, 0.1953531801700592, 0.16331976652145386, 0.15172284841537476, 0.24232074618339539, 0.31271931529045105, 0.27272045612335205, 0.18782009184360504, 0.4294886291027069, 0.14808782935142517, 0.3344111144542694, 0.14965151250362396, 0.13437145948410034, 0.2521115243434906, 0.5945937037467957, 0.13176116347312927, 0.12710420787334442, 0.30172762274742126, 0.2562085688114166, 0.14714129269123077, 0.20370815694332123, 0.578289270401001, 0.14659836888313293, 0.12167900055646896, 0.13776451349258423, 0.4413633346557617, 0.3424997627735138, 0.11583743989467621, 0.14642852544784546, 1.2650402784347534, 0.10930818319320679, 0.12329856306314468, 0.1273559182882309, 0.13122908771038055, 0.601297914981842, 0.14386528730392456, 0.18284553289413452, 0.15670377016067505, 1.0668892860412598, 0.11339569091796875, 0.15167906880378723, 0.2644581198692322, 0.11730305105447769, 0.13237155973911285, 0.41047152876853943, 0.14435984194278717]"
0,"[200, 100]",leaky_relu,nadam,<keras.src.losses.losses.MeanSquaredError object at 0x73a3d7d3a450>,5,"[0.0676812157034874, 0.0621851421892643, 0.43930187821388245, 0.06845796853303909, 0.07337447255849838, 0.06363772600889206, 0.99488765001297, 0.07102871686220169, 0.09634564816951752, 0.06287160515785217, 0.21353629231452942, 0.09374263882637024, 0.08529571443796158, 0.4100438058376312]","[5.857705593109131, 5.56505012512207, 5.578775405883789, 8.201647758483887, 1.265807867050171, 0.634696900844574, 0.37935182452201843, 1.0671344995498657, 0.27704769372940063, 0.2470192164182663, 0.36730650067329407, 0.21112841367721558, 0.44129249453544617, 0.23718327283859253, 0.22472593188285828, 0.20450550317764282, 0.1679273247718811, 0.19143487513065338, 0.3300299644470215, 0.16900581121444702, 0.15153731405735016, 0.816059410572052, 0.14748825132846832, 0.14632661640644073, 0.5188190937042236, 0.15216098725795746, 0.1632765680551529, 0.46387746930122375, 0.27926328778266907, 0.5301171541213989, 0.249032124876976, 0.2740565240383148, 0.13687868416309357, 0.14957568049430847, 1.36417818069458, 0.17487581074237823, 0.14196397364139557, 0.2566622495651245, 0.27766168117523193, 0.17301496863365173, 0.4643108546733856, 0.16135652363300323, 0.2271510809659958, 0.7765853404998779, 0.13530246913433075, 0.16817066073417664, 0.4124669134616852, 0.20512497425079346, 0.11764401942491531, 0.10685943067073822, 0.7838637232780457, 0.1416429877281189, 0.14646075665950775, 0.20568127930164337, 0.5373386740684509, 0.17236381769180298, 0.18235892057418823, 0.27723145484924316, 0.07331358641386032, 0.14914090931415558, 0.5762435793876648, 0.06343404203653336, 0.08123534917831421, 0.35487958788871765, 0.14023606479167938, 0.06632360816001892, 0.2548969089984894, 0.09098532050848007, 0.20621800422668457, 0.11968196928501129, 0.08970274031162262, 0.2339731901884079, 0.10471611469984055, 0.06217154487967491, 0.10756754875183105, 0.2879524827003479, 0.0590188093483448, 0.0676812157034874, 0.0621851421892643, 0.43930187821388245, 0.06845796853303909, 0.07337447255849838, 0.06363772600889206, 0.99488765001297, 0.07102871686220169, 0.09634564816951752, 0.06287160515785217, 0.21353629231452942, 0.09374263882637024, 0.08529571443796158, 0.4100438058376312, 0.12352577596902847]"
0,"[200, 100]",leaky_relu,nadam,<keras.src.losses.losses.MeanSquaredError object at 0x73a3d7d3a450>,6,"[0.11792942136526108, 0.378625750541687, 0.14968176186084747, 0.15574972331523895, 0.13076668977737427, 0.47623205184936523, 0.15233474969863892, 0.23174422979354858, 0.34512972831726074, 0.1511864811182022, 0.1198568046092987, 0.5723472833633423, 0.15084117650985718, 0.2378426194190979]","[5.743194580078125, 5.607954978942871, 5.551316261291504, 5.589358329772949, 5.652619361877441, 5.43699836730957, 2.2488925457000732, 0.6801445484161377, 0.487576425075531, 0.6186652779579163, 0.2512859106063843, 0.569415807723999, 0.21084477007389069, 0.19330497086048126, 1.4628409147262573, 0.18235141038894653, 0.203154057264328, 1.321391224861145, 0.15160943567752838, 0.1649513989686966, 0.25269243121147156, 0.4924100637435913, 0.17182782292366028, 0.2973250150680542, 0.22813780605793, 0.23407761752605438, 0.5372028350830078, 0.16045206785202026, 0.22872985899448395, 0.9725017547607422, 0.1308315396308899, 0.13673417270183563, 0.36018747091293335, 0.2968074381351471, 0.1272306740283966, 0.12317115813493729, 0.13378602266311646, 0.4867340624332428, 0.1347830444574356, 0.15914182364940643, 0.6756418347358704, 0.1436011642217636, 0.12198448181152344, 0.1549237072467804, 1.0344440937042236, 0.12253297865390778, 0.12022246420383453, 0.15027086436748505, 0.2397409826517105, 0.2582477331161499, 0.2273213118314743, 0.15413855016231537, 1.1005773544311523, 0.14745286107063293, 0.11387743055820465, 0.17699459195137024, 0.40601933002471924, 0.21329089999198914, 0.15213394165039062, 0.24175280332565308, 0.45463186502456665, 0.12580150365829468, 0.2075508087873459, 0.1889827698469162, 0.3532528281211853, 0.13338525593280792, 0.24915234744548798, 0.48458802700042725, 0.13541656732559204, 0.10168080031871796, 0.11792942136526108, 0.378625750541687, 0.14968176186084747, 0.15574972331523895, 0.13076668977737427, 0.47623205184936523, 0.15233474969863892, 0.23174422979354858, 0.34512972831726074, 0.1511864811182022, 0.1198568046092987, 0.5723472833633423, 0.15084117650985718, 0.2378426194190979, 0.13307207822799683]"
0,"[200, 100]",leaky_relu,nadam,<keras.src.losses.losses.MeanSquaredError object at 0x73a3d7d3a450>,7,"[0.07871627807617188, 0.11314262449741364, 0.15243186056613922, 0.0769912451505661, 0.13721443712711334, 0.3777638375759125, 0.14791777729988098, 0.07123284786939621, 0.09259314835071564, 0.7575583457946777, 0.09297192841768265, 0.09870000928640366, 0.1677239090204239, 0.35903018712997437]","[5.809567928314209, 5.5477705001831055, 5.313417911529541, 3.6175596714019775, 0.9273051023483276, 0.5015442371368408, 0.719444990158081, 0.3332543969154358, 0.3225562572479248, 0.28243952989578247, 0.25454357266426086, 0.7521815896034241, 0.199483722448349, 0.4635103940963745, 0.6605747938156128, 0.25057870149612427, 0.3056684136390686, 0.1851828694343567, 0.3859909474849701, 0.26093441247940063, 0.2573624849319458, 0.27640917897224426, 0.26332274079322815, 0.1957448124885559, 0.2554931044578552, 0.43340831995010376, 0.14333096146583557, 0.1584973931312561, 0.6642126441001892, 0.11795292794704437, 0.16738197207450867, 0.29013705253601074, 0.15248684585094452, 0.1902526617050171, 0.6246517300605774, 0.12070364505052567, 0.18819910287857056, 0.11926988512277603, 0.5166412591934204, 0.1879434734582901, 0.13452330231666565, 0.3697004020214081, 0.14150632917881012, 0.09375876933336258, 0.47108548879623413, 0.15559130907058716, 0.07158859074115753, 0.08584962785243988, 0.5865777134895325, 0.12171599268913269, 0.07090961188077927, 0.10955920815467834, 0.5609006881713867, 0.0681438148021698, 0.1473165899515152, 0.29285523295402527, 0.06558487564325333, 0.6066451668739319, 0.11556188017129898, 0.06061194837093353, 0.07871627807617188, 0.11314262449741364, 0.15243186056613922, 0.0769912451505661, 0.13721443712711334, 0.3777638375759125, 0.14791777729988098, 0.07123284786939621, 0.09259314835071564, 0.7575583457946777, 0.09297192841768265, 0.09870000928640366, 0.1677239090204239, 0.35903018712997437, 0.20083290338516235]"
0,"[200, 100]",leaky_relu,adamw,<keras.src.losses.losses.MeanSquaredError object at 0x73a3d7d3a450>,1,"[5.595353603363037, 5.588879108428955, 5.589480400085449, 5.580704689025879, 5.619296550750732, 5.629213333129883, 5.585020542144775, 5.577906608581543, 5.59566068649292, 5.62312126159668, 5.5872015953063965, 5.611674785614014, 5.622575759887695, 5.68719482421875]","[8.86578369140625, 5.69871711730957, 5.5823564529418945, 5.58275032043457, 5.574472427368164, 5.595353603363037, 5.588879108428955, 5.589480400085449, 5.580704689025879, 5.619296550750732, 5.629213333129883, 5.585020542144775, 5.577906608581543, 5.59566068649292, 5.62312126159668, 5.5872015953063965, 5.611674785614014, 5.622575759887695, 5.68719482421875, 5.6071672439575195]"
0,"[200, 100]",leaky_relu,adamw,<keras.src.losses.losses.MeanSquaredError object at 0x73a3d7d3a450>,2,"[0.0952194556593895, 0.18061204254627228, 0.11786450445652008, 0.08848942816257477, 0.11262713372707367, 0.08372536301612854, 0.0914081335067749, 0.30219539999961853, 0.1467316746711731, 0.09578558802604675, 0.08482418954372406, 0.18070703744888306, 0.23668204247951508, 0.10835838317871094]","[8.40273380279541, 5.684174060821533, 5.575854301452637, 5.585909843444824, 5.601468563079834, 5.5799880027771, 5.5871195793151855, 5.55985164642334, 5.429418087005615, 2.305094003677368, 0.5925427675247192, 0.3761187195777893, 0.30826860666275024, 0.26504480838775635, 0.2298853099346161, 0.20550833642482758, 0.20239132642745972, 0.18237441778182983, 0.16496166586875916, 0.16171878576278687, 0.15272602438926697, 0.15331269800662994, 0.14317864179611206, 0.13439935445785522, 0.1533665806055069, 0.1505647450685501, 0.204544335603714, 0.1738618165254593, 0.1341141015291214, 0.15251217782497406, 0.13058894872665405, 0.12680235505104065, 0.11740990728139877, 0.13876089453697205, 0.12165053933858871, 0.11767077445983887, 0.1222677230834961, 0.1505585014820099, 0.15570062398910522, 0.11513794958591461, 0.11698489636182785, 0.11616994440555573, 0.1958674192428589, 0.11088147759437561, 0.11306401342153549, 0.11403635889291763, 0.10778293013572693, 0.11085429042577744, 0.13458411395549774, 0.14544016122817993, 0.1294817477464676, 0.19069832563400269, 0.107542984187603, 0.1157258078455925, 0.13531455397605896, 0.12471132725477219, 0.11087958514690399, 0.11778996884822845, 0.12985073029994965, 0.11417362093925476, 0.12439028173685074, 0.14042483270168304, 0.10227546095848083, 0.11942344158887863, 0.11119631677865982, 0.12921375036239624, 0.12138883024454117, 0.13217708468437195, 0.12053065747022629, 0.11430369317531586, 0.105683833360672, 0.11917927861213684, 0.10154431313276291, 0.09760293364524841, 0.12600184977054596, 0.10907885432243347, 0.10864809155464172, 0.12204459309577942, 0.13359400629997253, 0.1574334055185318, 0.10151955485343933, 0.09765625, 0.09533520042896271, 0.09785028547048569, 0.10785312950611115, 0.14644472301006317, 0.12688924372196198, 0.2029593586921692, 0.10870472341775894, 0.09526408463716507, 0.10257049649953842, 0.16821061074733734, 0.12864258885383606, 0.10352815687656403, 0.10255634784698486, 0.08695107698440552, 0.0868716686964035, 0.1213480606675148, 0.1362762451171875, 0.11793437600135803, 0.0891856849193573, 0.09460444003343582, 0.09495522826910019, 0.10135579854249954, 0.1736510545015335, 0.15131200850009918, 0.1751147359609604, 0.08493413031101227, 0.09384045749902725, 0.11906954646110535, 0.11092391610145569, 0.10016436874866486, 0.08143313974142075, 0.0952194556593895, 0.18061204254627228, 0.11786450445652008, 0.08848942816257477, 0.11262713372707367, 0.08372536301612854, 0.0914081335067749, 0.30219539999961853, 0.1467316746711731, 0.09578558802604675, 0.08482418954372406, 0.18070703744888306, 0.23668204247951508, 0.10835838317871094, 0.10669934749603271]"
0,"[200, 100]",leaky_relu,adamw,<keras.src.losses.losses.MeanSquaredError object at 0x73a3d7d3a450>,3,"[0.037935949862003326, 0.04459235817193985, 0.06052935868501663, 0.081422358751297, 0.038340602070093155, 0.061515774577856064, 0.04095238819718361, 0.03620602935552597, 0.03597836568951607, 0.2781500220298767, 0.1433124840259552, 0.06490232050418854, 0.06201443448662758, 0.03538370877504349]","[8.36117172241211, 5.705729961395264, 5.535138130187988, 5.441278457641602, 5.109067916870117, 2.7742743492126465, 0.7724816203117371, 0.7634329199790955, 0.4529147148132324, 0.3209295868873596, 0.2886979281902313, 0.25967052578926086, 0.41929569840431213, 0.263858824968338, 0.2108389139175415, 0.2083129584789276, 0.19841940701007843, 0.20381635427474976, 0.19786253571510315, 0.1652504801750183, 0.15270845592021942, 0.14684300124645233, 0.15238898992538452, 0.18511822819709778, 0.17231623828411102, 0.2018018513917923, 0.14369656145572662, 0.2576411962509155, 0.15008579194545746, 0.16827858984470367, 0.1462688148021698, 0.13366036117076874, 0.12834316492080688, 0.12275513261556625, 0.1987665295600891, 0.1254117488861084, 0.1458018720149994, 0.17246156930923462, 0.1535062938928604, 0.11425905674695969, 0.1276179999113083, 0.11581230163574219, 0.1331607550382614, 0.16160719096660614, 0.09934591501951218, 0.09679041057825089, 0.1432609260082245, 0.15608979761600494, 0.09016622602939606, 0.14608222246170044, 0.10870811343193054, 0.11500777304172516, 0.1181332916021347, 0.10027772188186646, 0.2538010776042938, 0.07510080933570862, 0.20560291409492493, 0.13373899459838867, 0.07017241418361664, 0.05801651254296303, 0.28566205501556396, 0.08434447646141052, 0.11333838105201721, 0.09035181999206543, 0.06115027889609337, 0.05368241295218468, 0.06562788784503937, 0.08375799655914307, 0.06505169719457626, 0.047961898148059845, 0.05227185785770416, 0.08147066086530685, 0.046084437519311905, 0.3204936981201172, 0.061293140053749084, 0.04440953955054283, 0.0534520149230957, 0.04762975871562958, 0.16879534721374512, 0.07588167488574982, 0.06918879598379135, 0.056596629321575165, 0.05132121220231056, 0.126793771982193, 0.056438326835632324, 0.039590366184711456, 0.04158488288521767, 0.04496392980217934, 0.10504922270774841, 0.04505399987101555, 0.055381886661052704, 0.10092893242835999, 0.06340416520833969, 0.049176640808582306, 0.05782897770404816, 0.06469199806451797, 0.07618999481201172, 0.0411057323217392, 0.03663071244955063, 0.04611067473888397, 0.06771732866764069, 0.058385685086250305, 0.05209726840257645, 0.06336261332035065, 0.1691461205482483, 0.039671167731285095, 0.05191219225525856, 0.03406547009944916, 0.037935949862003326, 0.04459235817193985, 0.06052935868501663, 0.081422358751297, 0.038340602070093155, 0.061515774577856064, 0.04095238819718361, 0.03620602935552597, 0.03597836568951607, 0.2781500220298767, 0.1433124840259552, 0.06490232050418854, 0.06201443448662758, 0.03538370877504349, 0.039095859974622726]"
0,"[200, 100]",leaky_relu,adamw,<keras.src.losses.losses.MeanSquaredError object at 0x73a3d7d3a450>,4,"[0.07183311134576797, 0.06841208040714264, 0.5443357825279236, 0.09356936812400818, 0.052598051726818085, 0.05652232468128204, 0.04773876070976257, 0.05011653155088425, 0.0544784739613533, 0.048094525933265686, 0.05438271909952164, 0.0685778334736824, 0.05290519446134567, 0.12315375357866287]","[9.158011436462402, 5.713412761688232, 5.661765098571777, 5.505274295806885, 5.231972694396973, 2.1666762828826904, 0.657456636428833, 0.4228111505508423, 0.35653260350227356, 0.31309419870376587, 0.2536708116531372, 0.29074254631996155, 0.3899894952774048, 0.2199484258890152, 0.20082759857177734, 0.2336372286081314, 0.18497596681118011, 0.15730983018875122, 0.21193353831768036, 0.16893087327480316, 0.15203016996383667, 0.15107782185077667, 0.13765627145767212, 0.21177414059638977, 0.17124372720718384, 0.1430988907814026, 0.12845198810100555, 0.12813657522201538, 0.13393095135688782, 0.1497054547071457, 0.21871444582939148, 0.14483869075775146, 0.7054544687271118, 0.1714896410703659, 0.11160436272621155, 0.11804410815238953, 0.11053040623664856, 0.10722330957651138, 0.12033531069755554, 0.11114206910133362, 0.09352010488510132, 0.09166569262742996, 0.09151340276002884, 0.08210267126560211, 0.08028772473335266, 0.12267002463340759, 0.06973472982645035, 0.23723728954792023, 0.06388840079307556, 0.06826230138540268, 0.05504520609974861, 0.0755365714430809, 0.3625733554363251, 0.0564240962266922, 0.05481460317969322, 0.058178678154945374, 0.053595706820487976, 0.05531860515475273, 0.05055145174264908, 0.05457897111773491, 0.06199074536561966, 0.06732891499996185, 0.049466583877801895, 0.05327619984745979, 0.08600681275129318, 0.06924201548099518, 0.04803413152694702, 0.04492401331663132, 0.07183311134576797, 0.06841208040714264, 0.5443357825279236, 0.09356936812400818, 0.052598051726818085, 0.05652232468128204, 0.04773876070976257, 0.05011653155088425, 0.0544784739613533, 0.048094525933265686, 0.05438271909952164, 0.0685778334736824, 0.05290519446134567, 0.12315375357866287, 0.06163129583001137]"
0,"[200, 100]",leaky_relu,adamw,<keras.src.losses.losses.MeanSquaredError object at 0x73a3d7d3a450>,5,"[0.04492983594536781, 0.03346074000000954, 0.04596274346113205, 0.038141071796417236, 0.09146925061941147, 0.08595234155654907, 0.04406936094164848, 0.04859841614961624, 0.04636498540639877, 0.03397258743643761, 0.03849271684885025, 0.07059306651353836, 0.09846676886081696, 0.050043512135744095]","[8.565544128417969, 5.65305233001709, 5.562215805053711, 5.319329261779785, 2.5877227783203125, 0.718693196773529, 0.5652344226837158, 0.3966018259525299, 0.3985960781574249, 0.3008645474910736, 0.2677299976348877, 0.2535945177078247, 0.230162113904953, 0.20157819986343384, 0.1847681850194931, 0.23627585172653198, 0.18586872518062592, 0.15930865705013275, 0.15840989351272583, 0.1818791627883911, 0.1411118507385254, 0.17465069890022278, 0.16017338633537292, 0.1477990746498108, 0.1439286768436432, 0.17560607194900513, 0.1690153181552887, 0.18155698478221893, 0.24367734789848328, 0.3383573889732361, 0.14144207537174225, 0.13240773975849152, 0.12996631860733032, 0.128373384475708, 0.13162237405776978, 0.12900328636169434, 0.1257978230714798, 0.19027294218540192, 0.17180182039737701, 0.14585714042186737, 0.15661773085594177, 0.13419798016548157, 0.21277795732021332, 0.12525609135627747, 0.1329360455274582, 0.14927732944488525, 0.12929771840572357, 0.11557523161172867, 0.1168413981795311, 0.1432843804359436, 0.1172531470656395, 0.1129843145608902, 0.11157234758138657, 0.11973968148231506, 0.13591179251670837, 0.18182772397994995, 0.23393331468105316, 0.16666589677333832, 0.1609485149383545, 0.15024343132972717, 0.12950986623764038, 0.2125583291053772, 0.14624661207199097, 0.1044575646519661, 0.10797969996929169, 0.14614209532737732, 0.12351487576961517, 0.1307055503129959, 0.1458621323108673, 0.13880884647369385, 0.1212145984172821, 0.11612734198570251, 0.13031339645385742, 0.18583571910858154, 0.2055385410785675, 0.3147648274898529, 0.11101600527763367, 0.10360941290855408, 0.10437313467264175, 0.14520542323589325, 0.10987509787082672, 0.09492988139390945, 0.08885268121957779, 0.09459418058395386, 0.08936997503042221, 0.16225163638591766, 0.10102874785661697, 0.12996970117092133, 0.07478051632642746, 0.06357105821371078, 0.06544908881187439, 0.060847826302051544, 0.06951743364334106, 0.053328000009059906, 0.05203115567564964, 0.16439706087112427, 0.05204179883003235, 0.08566201478242874, 0.12610599398612976, 0.0621224045753479, 0.04189439117908478, 0.048031285405159, 0.049791306257247925, 0.04409897327423096, 0.13050422072410583, 0.31810978055000305, 0.1458146870136261, 0.056143779307603836, 0.03975594788789749, 0.04074235260486603, 0.03956202417612076, 0.043195877224206924, 0.03768971189856529, 0.06252112239599228, 0.04038423299789429, 0.055106207728385925, 0.06956135481595993, 0.049044858664274216, 0.037355437874794006, 0.03548587113618851, 0.03744804114103317, 0.05403579771518707, 0.23608578741550446, 0.06763850897550583, 0.040034789592027664, 0.03705793246626854, 0.035325128585100174, 0.04370145499706268, 0.03441937640309334, 0.04091484844684601, 0.03654932975769043, 0.046174485236406326, 0.04509607329964638, 0.03558015078306198, 0.03783533349633217, 0.06669759005308151, 0.051249489188194275, 0.0363052561879158, 0.03377510979771614, 0.046462927013635635, 0.35317733883857727, 0.04880305379629135, 0.03517299145460129, 0.03274925425648689, 0.04492983594536781, 0.03346074000000954, 0.04596274346113205, 0.038141071796417236, 0.09146925061941147, 0.08595234155654907, 0.04406936094164848, 0.04859841614961624, 0.04636498540639877, 0.03397258743643761, 0.03849271684885025, 0.07059306651353836, 0.09846676886081696, 0.050043512135744095, 0.047087162733078]"
0,"[200, 100]",leaky_relu,adamw,<keras.src.losses.losses.MeanSquaredError object at 0x73a3d7d3a450>,6,"[0.04889358952641487, 0.13021469116210938, 0.0692472830414772, 0.03519516810774803, 0.042280957102775574, 0.03621692955493927, 0.04909141734242439, 0.039031267166137695, 0.043261557817459106, 0.5038138628005981, 0.03558003157377243, 0.033427827060222626, 0.09848537296056747, 0.23467649519443512]","[8.672977447509766, 5.6368279457092285, 5.495229244232178, 5.189633369445801, 2.3487703800201416, 0.7074968814849854, 0.3801077604293823, 0.2962386906147003, 0.26489558815956116, 0.2464410960674286, 0.24488121271133423, 0.3309371769428253, 0.18106479942798615, 0.1690315455198288, 0.16362278163433075, 0.16155743598937988, 0.155882328748703, 0.17317573726177216, 0.16022492945194244, 0.2979951798915863, 0.1378176361322403, 0.17138847708702087, 0.22573788464069366, 0.13049012422561646, 0.152614027261734, 0.18693047761917114, 0.12604425847530365, 0.14695493876934052, 0.1281440556049347, 0.19876497983932495, 0.14423716068267822, 0.12130236625671387, 0.11693278700113297, 0.11574264615774155, 0.12015806138515472, 0.11393570899963379, 0.1524834930896759, 0.1636984795331955, 0.24806196987628937, 0.14705944061279297, 0.11668828129768372, 0.10915123671293259, 0.10049571096897125, 0.10984455049037933, 0.10746143758296967, 0.09387803077697754, 0.10639312863349915, 0.08699789643287659, 0.11652377992868423, 0.07596980035305023, 0.09364496171474457, 0.07210960984230042, 0.12941139936447144, 0.09440945088863373, 0.15933558344841003, 0.0923132598400116, 0.057709138840436935, 0.05606742575764656, 0.09484078735113144, 0.06768462061882019, 0.10430928319692612, 0.056850068271160126, 0.04947969689965248, 0.06714615970849991, 0.06979134678840637, 0.055713627487421036, 0.05080030858516693, 0.047105178236961365, 0.05182170122861862, 0.04451733082532883, 0.038810040801763535, 0.047931477427482605, 0.10954788327217102, 0.191775381565094, 0.06314153224229813, 0.07408419251441956, 0.14986716210842133, 0.04174959659576416, 0.04962184652686119, 0.03790517523884773, 0.06411036849021912, 0.0492088608443737, 0.05641118064522743, 0.13523505628108978, 0.09498285502195358, 0.037232108414173126, 0.035516053438186646, 0.06813984364271164, 0.056576091796159744, 0.21858994662761688, 0.04349517077207565, 0.034067265689373016, 0.03755641728639603, 0.035938963294029236, 0.07878579944372177, 0.05863885208964348, 0.04087856784462929, 0.03599727898836136, 0.04269776493310928, 0.03320879116654396, 0.03154589235782623, 0.03704206645488739, 0.03740588203072548, 0.03399685025215149, 0.03770432993769646, 0.06478624045848846, 0.041605714708566666, 0.06177237257361412, 0.04401751607656479, 0.038848042488098145, 0.03669198974967003, 0.03028438426554203, 0.04889358952641487, 0.13021469116210938, 0.0692472830414772, 0.03519516810774803, 0.042280957102775574, 0.03621692955493927, 0.04909141734242439, 0.039031267166137695, 0.043261557817459106, 0.5038138628005981, 0.03558003157377243, 0.033427827060222626, 0.09848537296056747, 0.23467649519443512, 0.03194946423172951]"
0,"[200, 100]",leaky_relu,adamw,<keras.src.losses.losses.MeanSquaredError object at 0x73a3d7d3a450>,7,"[0.03762448579072952, 0.04244503378868103, 0.03898973762989044, 0.04145031049847603, 0.05259270593523979, 0.034329235553741455, 0.0364481583237648, 0.035567883402109146, 0.07330311834812164, 0.16757237911224365, 0.03661995381116867, 0.05241397023200989, 0.04244576022028923, 0.05769537389278412]","[8.935344696044922, 5.658742904663086, 5.478845119476318, 5.077963829040527, 2.0182459354400635, 0.648574948310852, 0.37989234924316406, 0.28936436772346497, 0.2526189684867859, 0.21572214365005493, 0.20110927522182465, 0.17667603492736816, 0.22585521638393402, 0.1680562049150467, 0.1842276155948639, 0.1542605310678482, 0.16265900433063507, 0.14981438219547272, 0.14796559512615204, 0.14820212125778198, 0.14140115678310394, 0.18164218962192535, 0.13681499660015106, 0.137691929936409, 0.13932183384895325, 0.17279283702373505, 0.1375318169593811, 0.27223527431488037, 0.19538652896881104, 0.1662912219762802, 0.12164106965065002, 0.11922066658735275, 0.11503461748361588, 0.1290464699268341, 0.21851086616516113, 0.12933768332004547, 0.11236713826656342, 0.12245646119117737, 0.11392606794834137, 0.12327878922224045, 0.14725326001644135, 0.14448636770248413, 0.13038665056228638, 0.12708741426467896, 0.1374397724866867, 0.11586180329322815, 0.12760035693645477, 0.1211915835738182, 0.15234634280204773, 0.142050638794899, 0.11394437402486801, 0.10404219478368759, 0.13959866762161255, 0.24317437410354614, 0.220542773604393, 0.12821978330612183, 0.11964701116085052, 0.10401671379804611, 0.13476228713989258, 0.15559327602386475, 0.1210726872086525, 0.10140237212181091, 0.09799548983573914, 0.09380224347114563, 0.09234023839235306, 0.140550896525383, 0.10208209604024887, 0.09679260849952698, 0.19090864062309265, 0.12391719222068787, 0.0991244912147522, 0.08576040714979172, 0.07548114657402039, 0.07113616913557053, 0.06279274821281433, 0.06111034378409386, 0.05140694975852966, 0.08634588122367859, 0.049048859626054764, 0.049027763307094574, 0.7375411987304688, 0.15133920311927795, 0.1040022075176239, 0.0493958555161953, 0.04557723551988602, 0.040667824447155, 0.04325428232550621, 0.04048930108547211, 0.0581190399825573, 0.1154009997844696, 0.05144502595067024, 0.04701416939496994, 0.0497664250433445, 0.2418719381093979, 0.06385867297649384, 0.04021746292710304, 0.1561349481344223, 0.04570898041129112, 0.04323115572333336, 0.05704440549015999, 0.25338879227638245, 0.20253436267375946, 0.040657564997673035, 0.03810455650091171, 0.03728226199746132, 0.05097125098109245, 0.03964589163661003, 0.032965049147605896, 0.03762448579072952, 0.04244503378868103, 0.03898973762989044, 0.04145031049847603, 0.05259270593523979, 0.034329235553741455, 0.0364481583237648, 0.035567883402109146, 0.07330311834812164, 0.16757237911224365, 0.03661995381116867, 0.05241397023200989, 0.04244576022028923, 0.05769537389278412, 0.29187700152397156]"
0,"[200, 100]",leaky_relu,adamax,<keras.src.losses.losses.MeanSquaredError object at 0x73a3d7d3a450>,1,"[5.577779769897461, 5.577630996704102, 5.572599411010742, 5.579099178314209, 5.619692802429199, 5.588186264038086, 5.583280086517334, 5.601420879364014, 5.582754135131836, 5.60115385055542, 5.574953079223633, 5.577986240386963, 5.59193754196167, 5.585194110870361]","[9.976236343383789, 6.079622268676758, 5.677347660064697, 5.639599323272705, 5.586972236633301, 5.592685222625732, 5.5934600830078125, 5.573589324951172, 5.624541282653809, 5.572317123413086, 5.577779769897461, 5.577630996704102, 5.572599411010742, 5.579099178314209, 5.619692802429199, 5.588186264038086, 5.583280086517334, 5.601420879364014, 5.582754135131836, 5.60115385055542, 5.574953079223633, 5.577986240386963, 5.59193754196167, 5.585194110870361, 5.650524616241455]"
0,"[200, 100]",leaky_relu,adamax,<keras.src.losses.losses.MeanSquaredError object at 0x73a3d7d3a450>,2,"[0.11385396122932434, 0.1107623428106308, 0.1083262488245964, 0.11806406080722809, 0.10883410274982452, 0.10955101996660233, 0.11162962019443512, 0.1143442913889885, 0.1083349958062172, 0.10802526026964188, 0.11782363057136536, 0.11247766017913818, 0.1080772802233696, 0.11388104408979416]","[15.440495491027832, 6.084972858428955, 5.689515113830566, 5.631671905517578, 5.616954326629639, 5.602656364440918, 5.608061790466309, 5.577144622802734, 5.57236909866333, 5.560991287231445, 5.582643508911133, 5.529545783996582, 5.507594108581543, 5.432549953460693, 5.336190700531006, 5.091769695281982, 4.536438941955566, 3.252793550491333, 1.245824933052063, 0.6940264105796814, 0.5396405458450317, 0.4643303453922272, 0.4180152118206024, 0.38815838098526, 0.36640357971191406, 0.35305535793304443, 0.3291337788105011, 0.31710073351860046, 0.3047025501728058, 0.2954544126987457, 0.28263914585113525, 0.2660156786441803, 0.2540593445301056, 0.2419406622648239, 0.23059320449829102, 0.22142401337623596, 0.21104076504707336, 0.2041192352771759, 0.19623401761054993, 0.1890726089477539, 0.1799396425485611, 0.17615798115730286, 0.16988706588745117, 0.16226497292518616, 0.16158829629421234, 0.1528930813074112, 0.15013790130615234, 0.14615078270435333, 0.14444363117218018, 0.14025536179542542, 0.13651593029499054, 0.1333649605512619, 0.13134293258190155, 0.13357318937778473, 0.13076408207416534, 0.1269410401582718, 0.12780243158340454, 0.12552012503147125, 0.12821410596370697, 0.12817029654979706, 0.12089763581752777, 0.12387505918741226, 0.11924203485250473, 0.1228126659989357, 0.11785313487052917, 0.12080522626638412, 0.11901365220546722, 0.11789105832576752, 0.12406161427497864, 0.11740671098232269, 0.11811084300279617, 0.11851106584072113, 0.11488890647888184, 0.11316350847482681, 0.11271590739488602, 0.11623325943946838, 0.11553226411342621, 0.11436727643013, 0.11369558423757553, 0.11169162392616272, 0.11389368027448654, 0.11246555298566818, 0.11486547440290451, 0.11093778163194656, 0.1119738295674324, 0.10864097625017166, 0.11537709832191467, 0.1178310215473175, 0.11424626410007477, 0.11069336533546448, 0.10928639769554138, 0.11142104119062424, 0.11079315096139908, 0.11090287566184998, 0.10681077837944031, 0.11385396122932434, 0.1107623428106308, 0.1083262488245964, 0.11806406080722809, 0.10883410274982452, 0.10955101996660233, 0.11162962019443512, 0.1143442913889885, 0.1083349958062172, 0.10802526026964188, 0.11782363057136536, 0.11247766017913818, 0.1080772802233696, 0.11388104408979416, 0.11100181192159653]"
0,"[200, 100]",leaky_relu,adamax,<keras.src.losses.losses.MeanSquaredError object at 0x73a3d7d3a450>,3,"[0.03093380481004715, 0.03432510793209076, 0.033943720161914825, 0.03503252565860748, 0.06967085599899292, 0.033986642956733704, 0.04297840967774391, 0.03195592761039734, 0.034975647926330566, 0.03202380612492561, 0.037328511476516724, 0.07416978478431702, 0.03128944709897041, 0.03230378404259682]","[10.868470191955566, 5.975205898284912, 5.682656288146973, 5.619443416595459, 5.583290100097656, 5.573921203613281, 5.581110000610352, 5.556351661682129, 5.53898811340332, 5.53369140625, 5.480149269104004, 5.423054218292236, 5.319197654724121, 5.115910053253174, 4.611858367919922, 3.3107426166534424, 1.7840361595153809, 1.0900835990905762, 0.7426512241363525, 0.5562654137611389, 0.44935423135757446, 0.39762333035469055, 0.35954195261001587, 0.33692291378974915, 0.32223203778266907, 0.30885446071624756, 0.29459840059280396, 0.28347012400627136, 0.27275320887565613, 0.26539817452430725, 0.2567882239818573, 0.24913495779037476, 0.23584164679050446, 0.22731317579746246, 0.22549162805080414, 0.21214072406291962, 0.20145301520824432, 0.19564978778362274, 0.18817655742168427, 0.18781869113445282, 0.18082992732524872, 0.17555339634418488, 0.17203372716903687, 0.16436408460140228, 0.16255266964435577, 0.15911655128002167, 0.1603965163230896, 0.15123941004276276, 0.167864590883255, 0.14903341233730316, 0.14867593348026276, 0.14612248539924622, 0.14874571561813354, 0.14090858399868011, 0.14038409292697906, 0.13766664266586304, 0.1386938840150833, 0.13736043870449066, 0.1353735327720642, 0.13554546236991882, 0.1348641961812973, 0.13060015439987183, 0.1371658891439438, 0.13854625821113586, 0.14694829285144806, 0.1278487741947174, 0.13120779395103455, 0.1314474493265152, 0.1338849663734436, 0.12673714756965637, 0.12470519542694092, 0.12522068619728088, 0.12686127424240112, 0.12898428738117218, 0.12956438958644867, 0.13142129778862, 0.13444927334785461, 0.12899690866470337, 0.12362388521432877, 0.1243056207895279, 0.1257879137992859, 0.12360351532697678, 0.15418562293052673, 0.1267666518688202, 0.1199566125869751, 0.12440510839223862, 0.12792804837226868, 0.13617807626724243, 0.11989471316337585, 0.11780982464551926, 0.11965242028236389, 0.11791147291660309, 0.11939387768507004, 0.11461418122053146, 0.12165641784667969, 0.1295752078294754, 0.12166331708431244, 0.11472340673208237, 0.11513160169124603, 0.12774629890918732, 0.11295143514871597, 0.1219043880701065, 0.12129168957471848, 0.11313232779502869, 0.10949444025754929, 0.11010494828224182, 0.10678885132074356, 0.10687168687582016, 0.10771425068378448, 0.0988665521144867, 0.10154685378074646, 0.09865857660770416, 0.0989101454615593, 0.10384639352560043, 0.10786508768796921, 0.09223509579896927, 0.09486615657806396, 0.11652762442827225, 0.08945957571268082, 0.09105658531188965, 0.082099050283432, 0.08069553971290588, 0.09313785284757614, 0.07686123251914978, 0.09357574582099915, 0.06739351898431778, 0.06399942934513092, 0.06139415502548218, 0.07012542337179184, 0.09994879364967346, 0.08212197571992874, 0.056798502802848816, 0.054933514446020126, 0.08612138777971268, 0.05880860984325409, 0.06020084396004677, 0.05166691541671753, 0.05163668841123581, 0.05097317323088646, 0.0512167252600193, 0.04777006804943085, 0.04534943401813507, 0.052981164306402206, 0.04583301022648811, 0.051846183836460114, 0.048306968063116074, 0.045223087072372437, 0.05075155198574066, 0.04602436721324921, 0.04570862650871277, 0.05001705512404442, 0.10942455381155014, 0.0455612987279892, 0.04648976027965546, 0.04398978129029274, 0.04670439660549164, 0.04487108439207077, 0.049529943615198135, 0.05211770534515381, 0.04329497739672661, 0.04006190598011017, 0.04151052236557007, 0.04672791808843613, 0.053334079682826996, 0.0381498783826828, 0.04600537568330765, 0.06929846853017807, 0.04659184440970421, 0.04151284694671631, 0.06880506873130798, 0.04057684168219566, 0.05539313331246376, 0.04942832887172699, 0.07171845436096191, 0.06451337039470673, 0.03891896456480026, 0.045945510268211365, 0.0636199340224266, 0.0343899130821228, 0.03971588611602783, 0.037250593304634094, 0.0385863333940506, 0.0455671064555645, 0.06810146570205688, 0.039704665541648865, 0.03553704917430878, 0.035982970148324966, 0.0359739325940609, 0.04226415976881981, 0.0354410856962204, 0.03341122344136238, 0.04574277997016907, 0.06041793152689934, 0.0318797267973423, 0.03569047525525093, 0.032899077981710434, 0.031602222472429276, 0.07441902160644531, 0.03489140048623085, 0.033888768404722214, 0.03381827473640442, 0.032272711396217346, 0.029294289648532867, 0.03093380481004715, 0.03432510793209076, 0.033943720161914825, 0.03503252565860748, 0.06967085599899292, 0.033986642956733704, 0.04297840967774391, 0.03195592761039734, 0.034975647926330566, 0.03202380612492561, 0.037328511476516724, 0.07416978478431702, 0.03128944709897041, 0.03230378404259682, 0.0444764643907547]"
0,"[200, 100]",leaky_relu,adamax,<keras.src.losses.losses.MeanSquaredError object at 0x73a3d7d3a450>,4,"[0.024770760908722878, 0.034440748393535614, 0.023159209638834, 0.0432315394282341, 0.024259911850094795, 0.0242456141859293, 0.024284932762384415, 0.024434750899672508, 0.027638131752610207, 0.02755308896303177, 0.052827704697847366, 0.036095697432756424, 0.02295900695025921, 0.02317921072244644]","[10.128046989440918, 6.0218963623046875, 5.659097671508789, 5.541741371154785, 5.476322650909424, 5.408841609954834, 5.248987674713135, 4.978360652923584, 4.375246047973633, 3.1448068618774414, 1.9427214860916138, 1.4220210313796997, 1.139578938484192, 0.9404499530792236, 0.78592449426651, 0.6592088341712952, 0.5710924863815308, 0.44862857460975647, 0.3870548605918884, 0.3272325396537781, 0.29248109459877014, 0.2572794556617737, 0.24182026088237762, 0.23137637972831726, 0.2209240198135376, 0.21225810050964355, 0.20177346467971802, 0.1976759284734726, 0.18931587040424347, 0.17996138334274292, 0.17341578006744385, 0.16784769296646118, 0.16589778661727905, 0.16253632307052612, 0.15748021006584167, 0.1559423804283142, 0.15438593924045563, 0.1515551656484604, 0.1494607925415039, 0.14692239463329315, 0.14491504430770874, 0.1456795036792755, 0.14199502766132355, 0.1402585655450821, 0.136718288064003, 0.14207273721694946, 0.13475549221038818, 0.1341872364282608, 0.13118253648281097, 0.1378568559885025, 0.12961989641189575, 0.13075661659240723, 0.1259697675704956, 0.13416355848312378, 0.12669166922569275, 0.131179079413414, 0.13874611258506775, 0.12512211501598358, 0.12330697476863861, 0.12499674409627914, 0.12177249789237976, 0.12219173461198807, 0.12108617275953293, 0.12344275414943695, 0.12271816283464432, 0.12018421292304993, 0.11903080344200134, 0.11909426748752594, 0.11971698701381683, 0.11544402688741684, 0.14565417170524597, 0.11551528424024582, 0.11563798785209656, 0.11963257193565369, 0.11244837194681168, 0.11675369739532471, 0.1205427348613739, 0.11542467027902603, 0.1175433099269867, 0.1139385849237442, 0.11164098232984543, 0.1092224270105362, 0.11233145743608475, 0.12856927514076233, 0.1119060143828392, 0.17327553033828735, 0.11447165906429291, 0.10808733850717545, 0.11224350333213806, 0.10653160512447357, 0.10944052040576935, 0.10694697499275208, 0.10806363075971603, 0.11042933166027069, 0.1338837593793869, 0.11539658159017563, 0.11439479887485504, 0.10424064099788666, 0.10616514086723328, 0.11245933920145035, 0.11289145052433014, 0.10703181475400925, 0.1063568964600563, 0.11220289766788483, 0.10536898672580719, 0.1072939857840538, 0.12560489773750305, 0.1149858608841896, 0.10239285230636597, 0.10045390576124191, 0.09866678714752197, 0.09895244985818863, 0.09939180314540863, 0.09981587529182434, 0.09849125146865845, 0.09783859550952911, 0.0985967218875885, 0.10607132315635681, 0.11518224328756332, 0.11765134334564209, 0.10404277592897415, 0.10102619230747223, 0.09647213667631149, 0.09992620348930359, 0.09285876154899597, 0.0955214649438858, 0.09626039117574692, 0.09575812518596649, 0.09766390919685364, 0.09881754219532013, 0.09979154169559479, 0.10169002413749695, 0.0955868661403656, 0.09282228350639343, 0.10523927211761475, 0.09157451242208481, 0.08966480195522308, 0.09380097687244415, 0.09845730662345886, 0.08730655908584595, 0.08850797265768051, 0.0868929773569107, 0.08416362851858139, 0.0848119929432869, 0.0824137032032013, 0.09538403898477554, 0.07835999131202698, 0.07607421278953552, 0.0710931122303009, 0.09885914623737335, 0.05850991979241371, 0.07892660051584244, 0.06533734500408173, 0.05280772224068642, 0.05584203451871872, 0.05410664901137352, 0.05255942791700363, 0.041756656020879745, 0.041847389191389084, 0.057613566517829895, 0.046363040804862976, 0.03891095146536827, 0.043868664652109146, 0.09334935247898102, 0.04086434096097946, 0.06502428650856018, 0.03989249840378761, 0.03999491035938263, 0.06285793334245682, 0.04508669674396515, 0.04730870947241783, 0.03884764015674591, 0.03691206872463226, 0.03601636365056038, 0.04282757639884949, 0.054639242589473724, 0.042753588408231735, 0.03649023920297623, 0.05243518576025963, 0.03564639016985893, 0.035855069756507874, 0.037383779883384705, 0.03600121662020683, 0.0391668900847435, 0.03972567245364189, 0.036469534039497375, 0.03556203469634056, 0.03347691521048546, 0.040312908589839935, 0.0350174717605114, 0.04078468680381775, 0.042439647018909454, 0.03175157308578491, 0.03513304516673088, 0.031077517196536064, 0.03318135440349579, 0.03126774728298187, 0.034456171095371246, 0.03273777663707733, 0.034950945526361465, 0.04765571281313896, 0.03033190220594406, 0.04139680042862892, 0.055560402572155, 0.034666623920202255, 0.030988795682787895, 0.032882269471883774, 0.04265671223402023, 0.033206596970558167, 0.03351183980703354, 0.029117338359355927, 0.03018544800579548, 0.03136713430285454, 0.047725677490234375, 0.03234238177537918, 0.029306046664714813, 0.029447343200445175, 0.030266841873526573, 0.028059549629688263, 0.046851616352796555, 0.028569184243679047, 0.0323542095720768, 0.027144424617290497, 0.028574131429195404, 0.03000086545944214, 0.029103871434926987, 0.02960304170846939, 0.036815304309129715, 0.02835197001695633, 0.028995467349886894, 0.06765104830265045, 0.030319157987833023, 0.026131484657526016, 0.02553141862154007, 0.029397228732705116, 0.02821868658065796, 0.06682286411523819, 0.03098566271364689, 0.02995591051876545, 0.025434181094169617, 0.028490232303738594, 0.03106032870709896, 0.02679542824625969, 0.028408335521817207, 0.029700689017772675, 0.026257513090968132, 0.02730139158666134, 0.02464248053729534, 0.024432362988591194, 0.026883088052272797, 0.029923714697360992, 0.03236192837357521, 0.045967791229486465, 0.028040187433362007, 0.04798731207847595, 0.026215821504592896, 0.03325071930885315, 0.02657875418663025, 0.025118499994277954, 0.02316758595407009, 0.025698693469166756, 0.023845423012971878, 0.03009161725640297, 0.028905246406793594, 0.045362770557403564, 0.025379665195941925, 0.022397011518478394, 0.024689752608537674, 0.02252954989671707, 0.022394295781850815, 0.021518195047974586, 0.02664438635110855, 0.026687761768698692, 0.02574753575026989, 0.022100504487752914, 0.023717176169157028, 0.02820553444325924, 0.02497250586748123, 0.030517257750034332, 0.024695876985788345, 0.028910726308822632, 0.022547973319888115, 0.02392972819507122, 0.0213997233659029, 0.024770760908722878, 0.034440748393535614, 0.023159209638834, 0.0432315394282341, 0.024259911850094795, 0.0242456141859293, 0.024284932762384415, 0.024434750899672508, 0.027638131752610207, 0.02755308896303177, 0.052827704697847366, 0.036095697432756424, 0.02295900695025921, 0.02317921072244644, 0.02508552186191082]"
0,"[200, 100]",leaky_relu,adamax,<keras.src.losses.losses.MeanSquaredError object at 0x73a3d7d3a450>,5,"[0.04164377972483635, 0.03853490203619003, 0.03940314054489136, 0.03443783521652222, 0.03493520990014076, 0.04283410310745239, 0.04073260352015495, 0.033117201179265976, 0.033099446445703506, 0.03347355127334595, 0.03182576969265938, 0.0374135784804821, 0.03428290784358978, 0.03263603150844574]","[10.108654022216797, 5.819708824157715, 5.61729621887207, 5.587597846984863, 5.536166667938232, 5.486344337463379, 5.419495582580566, 5.2919206619262695, 5.025811195373535, 4.463568210601807, 3.1317434310913086, 1.7563289403915405, 1.1552164554595947, 0.8874973654747009, 0.7294119000434875, 0.6105301380157471, 0.5323885083198547, 0.47065460681915283, 0.41884109377861023, 0.37322643399238586, 0.34718745946884155, 0.32563501596450806, 0.3131175637245178, 0.3006824254989624, 0.28412649035453796, 0.2730512320995331, 0.26485541462898254, 0.24891024827957153, 0.23828691244125366, 0.22822128236293793, 0.2168906331062317, 0.20850402116775513, 0.20232389867305756, 0.19470931589603424, 0.19175325334072113, 0.18394701182842255, 0.1777058243751526, 0.1714661717414856, 0.16707508265972137, 0.1673462986946106, 0.15648382902145386, 0.15675804018974304, 0.1491987407207489, 0.1530897170305252, 0.14409421384334564, 0.15010397136211395, 0.14106564223766327, 0.15237641334533691, 0.13722139596939087, 0.13648122549057007, 0.13026279211044312, 0.13185833394527435, 0.13463805615901947, 0.13303208351135254, 0.1270039826631546, 0.14167888462543488, 0.14065538346767426, 0.1271047592163086, 0.12408321350812912, 0.123897023499012, 0.12309220433235168, 0.11718760430812836, 0.16443726420402527, 0.11718475818634033, 0.11477698385715485, 0.11863210797309875, 0.11800025403499603, 0.11964162439107895, 0.11836666613817215, 0.11775951832532883, 0.11896339058876038, 0.11897989362478256, 0.11038282513618469, 0.11651076376438141, 0.11057015508413315, 0.11802145838737488, 0.12910433113574982, 0.11187127977609634, 0.11327053606510162, 0.11052875965833664, 0.10711013525724411, 0.10643075406551361, 0.10581518709659576, 0.10893934965133667, 0.10104592889547348, 0.13366323709487915, 0.10159853100776672, 0.10211524367332458, 0.10025070607662201, 0.11865850538015366, 0.09730447083711624, 0.09562098979949951, 0.09567515552043915, 0.09322994947433472, 0.09280690550804138, 0.09097900986671448, 0.09841793030500412, 0.09132283180952072, 0.08793076127767563, 0.10150451213121414, 0.08691103756427765, 0.07747532427310944, 0.08135626465082169, 0.07942438870668411, 0.08356531709432602, 0.1170453354716301, 0.06360650807619095, 0.08209589123725891, 0.07403715699911118, 0.06927706301212311, 0.05457600578665733, 0.056357938796281815, 0.05355001986026764, 0.050225842744112015, 0.04615115374326706, 0.05556861683726311, 0.04881792515516281, 0.05310973525047302, 0.04787730053067207, 0.04356325417757034, 0.048140790313482285, 0.04567072167992592, 0.07649774849414825, 0.04405323415994644, 0.042741790413856506, 0.04153051599860191, 0.04206031560897827, 0.06449694186449051, 0.04603877291083336, 0.041345760226249695, 0.03937048837542534, 0.041831329464912415, 0.046005748212337494, 0.06439520418643951, 0.041753288358449936, 0.039738286286592484, 0.039388351142406464, 0.04475200176239014, 0.03842780739068985, 0.037476811558008194, 0.04311413690447807, 0.036862872540950775, 0.04251924529671669, 0.043920692056417465, 0.07940319925546646, 0.04927406087517738, 0.03492996469140053, 0.04290497675538063, 0.04061110317707062, 0.04220699518918991, 0.04602525010704994, 0.039936404675245285, 0.04465870559215546, 0.03186770901083946, 0.06400516629219055, 0.03565056622028351, 0.03663619980216026, 0.03536544740200043, 0.051794759929180145, 0.039551179856061935, 0.04933279752731323, 0.03646313399076462, 0.030954936519265175, 0.04164377972483635, 0.03853490203619003, 0.03940314054489136, 0.03443783521652222, 0.03493520990014076, 0.04283410310745239, 0.04073260352015495, 0.033117201179265976, 0.033099446445703506, 0.03347355127334595, 0.03182576969265938, 0.0374135784804821, 0.03428290784358978, 0.03263603150844574, 0.03620858117938042]"
0,"[200, 100]",leaky_relu,adamax,<keras.src.losses.losses.MeanSquaredError object at 0x73a3d7d3a450>,6,"[0.031455595046281815, 0.03096383810043335, 0.03210814669728279, 0.031593453139066696, 0.03544151782989502, 0.03335968405008316, 0.0307004377245903, 0.04032636806368828, 0.03721310570836067, 0.043071553111076355, 0.033739667385816574, 0.034101370722055435, 0.031680330634117126, 0.03472220152616501]","[10.62308120727539, 6.091399192810059, 5.666286945343018, 5.618743419647217, 5.58038854598999, 5.56292724609375, 5.552947998046875, 5.543642520904541, 5.560384273529053, 5.496187686920166, 5.458395004272461, 5.3519463539123535, 5.148556232452393, 4.557278156280518, 3.182231903076172, 1.620674729347229, 1.037030577659607, 0.7950961589813232, 0.6246446967124939, 0.5079658031463623, 0.4390783905982971, 0.3696190118789673, 0.3262162506580353, 0.29698070883750916, 0.2835356593132019, 0.2715485692024231, 0.2582799196243286, 0.2474980354309082, 0.23830583691596985, 0.23054896295070648, 0.22015056014060974, 0.20958739519119263, 0.2015538215637207, 0.19672729074954987, 0.18901515007019043, 0.18345384299755096, 0.17621155083179474, 0.1755754053592682, 0.16570979356765747, 0.16252252459526062, 0.15828807651996613, 0.154873788356781, 0.15150874853134155, 0.15079885721206665, 0.14620202779769897, 0.14414620399475098, 0.14492829144001007, 0.1428861767053604, 0.14242789149284363, 0.1440439522266388, 0.14071422815322876, 0.13864216208457947, 0.14201682806015015, 0.13643807172775269, 0.13980479538440704, 0.1394914984703064, 0.13811489939689636, 0.13667529821395874, 0.13237705826759338, 0.13535906374454498, 0.13127659261226654, 0.13070760667324066, 0.13387860357761383, 0.1329221874475479, 0.132021963596344, 0.1370527744293213, 0.1377096027135849, 0.13274118304252625, 0.13778460025787354, 0.13032245635986328, 0.1402558982372284, 0.1289857029914856, 0.12461989372968674, 0.12717847526073456, 0.12916222214698792, 0.1261935532093048, 0.12525443732738495, 0.1378389447927475, 0.12350478768348694, 0.12599685788154602, 0.1490156203508377, 0.12792077660560608, 0.12227436155080795, 0.12168557196855545, 0.11976604908704758, 0.12175030261278152, 0.12736934423446655, 0.12114986777305603, 0.12855468690395355, 0.11886370182037354, 0.1230744943022728, 0.1200825497508049, 0.12163403630256653, 0.11959437280893326, 0.11662855744361877, 0.11574000865221024, 0.1342499554157257, 0.11446685343980789, 0.12303362786769867, 0.11942791938781738, 0.12075797468423843, 0.12961316108703613, 0.12069150805473328, 0.11423929780721664, 0.1336125284433365, 0.11552415788173676, 0.11327310651540756, 0.11081433296203613, 0.112981878221035, 0.11380220949649811, 0.12640386819839478, 0.1082523986697197, 0.1349540799856186, 0.11295042932033539, 0.1118667796254158, 0.10972025990486145, 0.10730335116386414, 0.1164344921708107, 0.11526254564523697, 0.12358196824789047, 0.10454535484313965, 0.11460024863481522, 0.10572132468223572, 0.1172885075211525, 0.09919288009405136, 0.09800530225038528, 0.10165958106517792, 0.09834921360015869, 0.09833589196205139, 0.09692759811878204, 0.09745484590530396, 0.09562750905752182, 0.09247903525829315, 0.09950205683708191, 0.12647199630737305, 0.09404207020998001, 0.08641904592514038, 0.08244810253381729, 0.08956658840179443, 0.0894315093755722, 0.06355631351470947, 0.06264044344425201, 0.06219126656651497, 0.059976741671562195, 0.05110110342502594, 0.05321982502937317, 0.05122736468911171, 0.04907899349927902, 0.04519264027476311, 0.053929343819618225, 0.053501009941101074, 0.048364728689193726, 0.04328487813472748, 0.041941821575164795, 0.04231555759906769, 0.04489395022392273, 0.042643699795007706, 0.03834730014204979, 0.04112175107002258, 0.042783912271261215, 0.04239688441157341, 0.03733164817094803, 0.038113005459308624, 0.04118654504418373, 0.040710970759391785, 0.05808411166071892, 0.039090417325496674, 0.03719417378306389, 0.042356863617897034, 0.04306386783719063, 0.033694420009851456, 0.04267209768295288, 0.044668447226285934, 0.048083946108818054, 0.03727227449417114, 0.036434758454561234, 0.03535453602671623, 0.03987320885062218, 0.03635057061910629, 0.03966880962252617, 0.04352545738220215, 0.04364420473575592, 0.03977781906723976, 0.034225206822156906, 0.04349197447299957, 0.03328046202659607, 0.03869248926639557, 0.03300938010215759, 0.029978850856423378, 0.031455595046281815, 0.03096383810043335, 0.03210814669728279, 0.031593453139066696, 0.03544151782989502, 0.03335968405008316, 0.0307004377245903, 0.04032636806368828, 0.03721310570836067, 0.043071553111076355, 0.033739667385816574, 0.034101370722055435, 0.031680330634117126, 0.03472220152616501, 0.035533662885427475]"
0,"[200, 100]",leaky_relu,adamax,<keras.src.losses.losses.MeanSquaredError object at 0x73a3d7d3a450>,7,"[0.02964603155851364, 0.03058513067662716, 0.06804957240819931, 0.03279675543308258, 0.03331117704510689, 0.03766058385372162, 0.056784000247716904, 0.03210800141096115, 0.06215069815516472, 0.03018794395029545, 0.034920159727334976, 0.03135940060019493, 0.03728971257805824, 0.03735803812742233]","[10.18655014038086, 5.844496250152588, 5.601868629455566, 5.528733730316162, 5.503007888793945, 5.429516792297363, 5.353611469268799, 5.203799247741699, 4.945396900177002, 4.3433003425598145, 3.02225661277771, 1.6313117742538452, 1.048012375831604, 0.7582032680511475, 0.5631930828094482, 0.4659229516983032, 0.3975670039653778, 0.36133742332458496, 0.3323085904121399, 0.31629687547683716, 0.3022545576095581, 0.2871701419353485, 0.2769392430782318, 0.2632169723510742, 0.25390127301216125, 0.2446104735136032, 0.23353470861911774, 0.22547833621501923, 0.21704210340976715, 0.21034516394138336, 0.205158069729805, 0.19509847462177277, 0.18849043548107147, 0.180812269449234, 0.1741459220647812, 0.1703694760799408, 0.16601283848285675, 0.16023753583431244, 0.15474219620227814, 0.15249831974506378, 0.14639127254486084, 0.14732438325881958, 0.14118410646915436, 0.13782763481140137, 0.13530564308166504, 0.13312292098999023, 0.13440963625907898, 0.13059628009796143, 0.1296631395816803, 0.12873820960521698, 0.1267397105693817, 0.12633414566516876, 0.1230115219950676, 0.1250159591436386, 0.12318197637796402, 0.12172356992959976, 0.12789344787597656, 0.11932907998561859, 0.12015589326620102, 0.11934583634138107, 0.11584443598985672, 0.11938611418008804, 0.1130397841334343, 0.11634184420108795, 0.11129430681467056, 0.11585230380296707, 0.10857629030942917, 0.11067058891057968, 0.10794200003147125, 0.11022382229566574, 0.10404332727193832, 0.1099652349948883, 0.1052417904138565, 0.10584507882595062, 0.10181299597024918, 0.09791259467601776, 0.09987840056419373, 0.09538501501083374, 0.09871046990156174, 0.09960129857063293, 0.09918604046106339, 0.09446683526039124, 0.0975939929485321, 0.08318117260932922, 0.07831089943647385, 0.07856546342372894, 0.07574377954006195, 0.07896522432565689, 0.06785684078931808, 0.0958646908402443, 0.06516531854867935, 0.061603255569934845, 0.06645973026752472, 0.0572463683784008, 0.06015976145863533, 0.05843757092952728, 0.07136574387550354, 0.05342131480574608, 0.05451255291700363, 0.07267776876688004, 0.05129104107618332, 0.05059659481048584, 0.06267532706260681, 0.059840720146894455, 0.05049718916416168, 0.050242360681295395, 0.05073845386505127, 0.05066271871328354, 0.056116342544555664, 0.04573174566030502, 0.043489739298820496, 0.04779793694615364, 0.045339055359363556, 0.04673122987151146, 0.05951576679944992, 0.04677867144346237, 0.041384365409612656, 0.04578358680009842, 0.04220373183488846, 0.05424150824546814, 0.04370265454053879, 0.04335165396332741, 0.04327671229839325, 0.054307013750076294, 0.05277766287326813, 0.03943581506609917, 0.04914230853319168, 0.040442630648612976, 0.04312048479914665, 0.039163049310445786, 0.040457434952259064, 0.03932369127869606, 0.039758384227752686, 0.04064345359802246, 0.042019862681627274, 0.04297805204987526, 0.04608976095914841, 0.042600855231285095, 0.047203872352838516, 0.06136581674218178, 0.041665222495794296, 0.040397439152002335, 0.03982202336192131, 0.03484709933400154, 0.0409972257912159, 0.0508514828979969, 0.041678451001644135, 0.03416828066110611, 0.03905459865927696, 0.0348823256790638, 0.03525577485561371, 0.037997741252183914, 0.04820223152637482, 0.055408038198947906, 0.03984993323683739, 0.03487711399793625, 0.031124787405133247, 0.03380696475505829, 0.032984357327222824, 0.03635336086153984, 0.03334256261587143, 0.03423000127077103, 0.03666304051876068, 0.0327334851026535, 0.03651432693004608, 0.03343191370368004, 0.03556855022907257, 0.03138231486082077, 0.029198352247476578, 0.03267155587673187, 0.03862931206822395, 0.04709169268608093, 0.03036966547369957, 0.044088345021009445, 0.029123028740286827, 0.02964603155851364, 0.03058513067662716, 0.06804957240819931, 0.03279675543308258, 0.03331117704510689, 0.03766058385372162, 0.056784000247716904, 0.03210800141096115, 0.06215069815516472, 0.03018794395029545, 0.034920159727334976, 0.03135940060019493, 0.03728971257805824, 0.03735803812742233, 0.04354067146778107]"
0,"[500, 250, 100]",leaky_relu,adam,<keras.src.losses.losses.MeanSquaredError object at 0x73a3d7d3a450>,1,"[5.575392723083496, 5.581963539123535, 5.578021049499512, 5.73847770690918, 5.699530124664307, 5.576338768005371, 5.583439350128174, 5.600125312805176, 5.629335403442383, 5.575549602508545, 5.599423408508301, 5.627931594848633, 5.582590579986572, 5.7528300285339355]","[8.93358325958252, 5.6443963050842285, 5.62315034866333, 5.572818279266357, 5.575392723083496, 5.581963539123535, 5.578021049499512, 5.73847770690918, 5.699530124664307, 5.576338768005371, 5.583439350128174, 5.600125312805176, 5.629335403442383, 5.575549602508545, 5.599423408508301, 5.627931594848633, 5.582590579986572, 5.7528300285339355, 5.585256576538086]"
0,"[500, 250, 100]",leaky_relu,adam,<keras.src.losses.losses.MeanSquaredError object at 0x73a3d7d3a450>,2,"[0.12679925560951233, 0.12423483282327652, 0.17491070926189423, 0.3256204426288605, 0.23802617192268372, 0.14804573357105255, 0.12205663323402405, 0.1755761206150055, 0.2669386863708496, 0.12703078985214233, 0.1496967077255249, 0.3013451397418976, 0.12237516790628433, 0.1300789713859558]","[7.478633403778076, 5.635000228881836, 5.566091537475586, 5.44090461730957, 1.3625832796096802, 0.8244761228561401, 0.35584360361099243, 0.29609206318855286, 0.34811416268348694, 0.1727793961763382, 0.15871292352676392, 0.14222818613052368, 0.16152161359786987, 0.142264723777771, 0.14004802703857422, 0.35602468252182007, 0.17971675097942352, 0.21750520169734955, 0.33095329999923706, 0.43962937593460083, 0.29075199365615845, 0.16890665888786316, 0.12817364931106567, 0.13500624895095825, 0.12597280740737915, 0.1319369226694107, 0.11554181575775146, 0.11754243820905685, 0.13431738317012787, 0.27322423458099365, 0.36667773127555847, 0.5395500659942627, 0.13358378410339355, 0.12084497511386871, 0.13469260931015015, 0.12343888729810715, 0.11874641478061676, 0.1772438883781433, 0.1196228563785553, 0.11914388090372086, 0.13171759247779846, 0.1135682761669159, 0.12679925560951233, 0.12423483282327652, 0.17491070926189423, 0.3256204426288605, 0.23802617192268372, 0.14804573357105255, 0.12205663323402405, 0.1755761206150055, 0.2669386863708496, 0.12703078985214233, 0.1496967077255249, 0.3013451397418976, 0.12237516790628433, 0.1300789713859558, 0.2808517515659332]"
0,"[500, 250, 100]",leaky_relu,adam,<keras.src.losses.losses.MeanSquaredError object at 0x73a3d7d3a450>,3,"[0.48348966240882874, 0.6529267430305481, 0.19043315947055817, 0.1230371817946434, 0.11879755556583405, 0.13167032599449158, 0.1073862761259079, 0.4987533390522003, 0.5847557187080383, 0.1528870016336441, 0.11768695712089539, 0.11007913202047348, 0.12306005507707596, 0.32915928959846497]","[6.893873691558838, 5.5951313972473145, 5.443110466003418, 1.7074360847473145, 0.5466343760490417, 0.7582002878189087, 0.48507505655288696, 0.1752198487520218, 0.1522132307291031, 0.13509899377822876, 0.1408551186323166, 0.15222200751304626, 0.1394149661064148, 0.1557912975549698, 0.14104193449020386, 0.12793296575546265, 0.11826232075691223, 0.41450589895248413, 0.5514285564422607, 0.17213217914104462, 0.13763156533241272, 0.2892301082611084, 0.4505908191204071, 0.17920151352882385, 0.19045832753181458, 0.17040660977363586, 0.12625987827777863, 0.1395372450351715, 0.12897813320159912, 0.12286754697561264, 0.10435982793569565, 0.48348966240882874, 0.6529267430305481, 0.19043315947055817, 0.1230371817946434, 0.11879755556583405, 0.13167032599449158, 0.1073862761259079, 0.4987533390522003, 0.5847557187080383, 0.1528870016336441, 0.11768695712089539, 0.11007913202047348, 0.12306005507707596, 0.32915928959846497, 0.3002054989337921]"
0,"[500, 250, 100]",leaky_relu,adam,<keras.src.losses.losses.MeanSquaredError object at 0x73a3d7d3a450>,4,"[0.049128420650959015, 0.04287261888384819, 0.10874629765748978, 0.13668228685855865, 0.11401792615652084, 0.04201875999569893, 0.44672542810440063, 0.46272897720336914, 0.07917353510856628, 0.04345471411943436, 0.038492314517498016, 0.08687570691108704, 0.04757240042090416, 0.03945077583193779]","[6.887603282928467, 5.521394729614258, 3.3159329891204834, 0.5519748330116272, 0.2926378846168518, 0.22132305800914764, 0.19902196526527405, 0.17390026152133942, 0.20561978220939636, 0.451208233833313, 0.21427887678146362, 0.21530789136886597, 0.17039020359516144, 0.15249571204185486, 0.1623285859823227, 0.11998496949672699, 0.18495571613311768, 0.13338831067085266, 0.613070011138916, 0.4302721619606018, 0.14288677275180817, 0.19228316843509674, 0.2561449706554413, 0.35687699913978577, 0.15119414031505585, 0.1102026179432869, 0.1426648050546646, 0.11007382720708847, 0.1708410382270813, 0.17300118505954742, 0.15890689194202423, 2.876593589782715, 0.2551199197769165, 0.1369985193014145, 0.10058082640171051, 0.09134065359830856, 0.08993209898471832, 0.0882287248969078, 0.07080452889204025, 0.06523508578538895, 0.07194279134273529, 0.05129231885075569, 0.06645140796899796, 0.0485210046172142, 0.33384907245635986, 0.3768712282180786, 0.1976976990699768, 0.04829118400812149, 0.04224948585033417, 0.041918568313121796, 0.04014376923441887, 0.04174718260765076, 0.038587313145399094, 0.055185332894325256, 0.03826894238591194, 0.044779080897569656, 0.11183648556470871, 0.09299710392951965, 0.7998949289321899, 0.048668552190065384, 0.03492150455713272, 0.049128420650959015, 0.04287261888384819, 0.10874629765748978, 0.13668228685855865, 0.11401792615652084, 0.04201875999569893, 0.44672542810440063, 0.46272897720336914, 0.07917353510856628, 0.04345471411943436, 0.038492314517498016, 0.08687570691108704, 0.04757240042090416, 0.03945077583193779, 0.0391763299703598]"
0,"[500, 250, 100]",leaky_relu,adam,<keras.src.losses.losses.MeanSquaredError object at 0x73a3d7d3a450>,5,"[0.13272525370121002, 0.1341891884803772, 0.12853075563907623, 0.16926363110542297, 0.33284562826156616, 0.26614269614219666, 0.19405007362365723, 0.17961184680461884, 0.13912010192871094, 0.12045753002166748, 0.13074614107608795, 0.1221507117152214, 0.1600354164838791, 1.8628202676773071]","[6.918481826782227, 5.58142614364624, 5.236603260040283, 1.0237672328948975, 0.36255282163619995, 0.3174837827682495, 0.34496161341667175, 0.19184038043022156, 0.17404204607009888, 0.21408936381340027, 0.24307990074157715, 0.22276237607002258, 0.12789982557296753, 0.23092743754386902, 0.29928526282310486, 0.13989347219467163, 0.13034337759017944, 0.11503822356462479, 0.13272525370121002, 0.1341891884803772, 0.12853075563907623, 0.16926363110542297, 0.33284562826156616, 0.26614269614219666, 0.19405007362365723, 0.17961184680461884, 0.13912010192871094, 0.12045753002166748, 0.13074614107608795, 0.1221507117152214, 0.1600354164838791, 1.8628202676773071, 0.19074243307113647]"
0,"[500, 250, 100]",leaky_relu,adam,<keras.src.losses.losses.MeanSquaredError object at 0x73a3d7d3a450>,6,"[0.04721583425998688, 0.03936289623379707, 0.03476439416408539, 0.08357441425323486, 0.07228203862905502, 0.08156304061412811, 0.08710125833749771, 0.23988454043865204, 0.036477427929639816, 0.0476531982421875, 0.03592030704021454, 0.1299719512462616, 0.14137053489685059, 0.18825727701187134]","[6.542447566986084, 5.517113208770752, 4.201086044311523, 1.0250109434127808, 0.34308943152427673, 0.26695334911346436, 0.25895893573760986, 0.20134474337100983, 0.3726790249347687, 0.19916409254074097, 0.1736193150281906, 0.13823111355304718, 0.2244509905576706, 0.2990807294845581, 0.1817789077758789, 0.22958463430404663, 0.13982319831848145, 0.20886516571044922, 0.28772029280662537, 0.2948418855667114, 0.15805885195732117, 0.11230552196502686, 0.11890175938606262, 0.14304198324680328, 0.18826241791248322, 0.12384450435638428, 0.13654090464115143, 0.17388908565044403, 0.4046081602573395, 0.11464241147041321, 0.11757262796163559, 0.22575300931930542, 0.17041632533073425, 0.18433666229248047, 0.27036967873573303, 0.078467458486557, 0.4247080385684967, 0.15962566435337067, 0.09490769356489182, 0.059986453503370285, 0.053079549223184586, 0.08769604563713074, 1.460530161857605, 2.941519021987915, 0.1936788409948349, 0.07078340649604797, 0.04558158293366432, 0.0450255386531353, 0.037227943539619446, 0.03933103755116463, 0.03781849890947342, 0.0392148457467556, 0.03722630441188812, 0.04097868874669075, 0.036296162754297256, 0.03678382933139801, 0.034711260348558426, 0.0490204356610775, 0.03602750599384308, 0.0997609794139862, 0.037606313824653625, 0.034438759088516235, 0.04721583425998688, 0.03936289623379707, 0.03476439416408539, 0.08357441425323486, 0.07228203862905502, 0.08156304061412811, 0.08710125833749771, 0.23988454043865204, 0.036477427929639816, 0.0476531982421875, 0.03592030704021454, 0.1299719512462616, 0.14137053489685059, 0.18825727701187134, 0.07096679508686066]"
0,"[500, 250, 100]",leaky_relu,adam,<keras.src.losses.losses.MeanSquaredError object at 0x73a3d7d3a450>,7,"[0.04593481868505478, 0.036163732409477234, 0.06317982077598572, 0.11227788031101227, 0.09028211236000061, 0.08515414595603943, 0.4282696545124054, 0.5885869264602661, 0.20442268252372742, 0.08664383739233017, 0.04320317879319191, 0.16538351774215698, 0.07608389854431152, 0.03724046051502228]","[6.545314788818359, 5.568685531616211, 5.380640506744385, 1.4125676155090332, 0.4639476239681244, 0.28914791345596313, 0.2073490023612976, 0.17472033202648163, 0.17889264225959778, 0.16043692827224731, 0.20616881549358368, 0.1983599066734314, 0.13160832226276398, 0.20403295755386353, 0.1273205578327179, 0.15919692814350128, 0.35122960805892944, 0.513055682182312, 0.902084231376648, 0.14443562924861908, 0.1520019918680191, 0.12607629597187042, 0.12234655767679214, 0.12683995068073273, 0.14371371269226074, 0.1657312512397766, 0.5225770473480225, 0.2479529082775116, 0.20405524969100952, 0.11913304775953293, 0.15276387333869934, 0.13350677490234375, 0.11431988328695297, 0.9092798233032227, 0.4001889228820801, 0.1180684044957161, 0.11832865327596664, 0.1047157272696495, 0.1099034920334816, 0.11619368195533752, 0.18607939779758453, 0.1025695651769638, 0.12236598134040833, 0.1360442042350769, 0.1780340075492859, 0.17380735278129578, 0.09368325024843216, 0.15967532992362976, 0.09715946763753891, 0.7617501616477966, 0.09870739281177521, 0.07390787452459335, 0.04901757463812828, 0.13361866772174835, 0.21487239003181458, 0.17182496190071106, 0.12063271552324295, 0.1425498127937317, 0.12044838815927505, 0.11046545207500458, 0.13462431728839874, 0.04466531053185463, 0.10445628315210342, 0.0848156288266182, 0.04170454666018486, 0.03630479797720909, 0.04379025101661682, 0.5188760757446289, 0.16946741938591003, 0.07855870574712753, 0.08054956793785095, 0.07484367489814758, 0.4333110451698303, 0.1646386682987213, 0.03563014045357704, 0.04148565232753754, 0.04040592908859253, 0.033460285514593124, 0.04593481868505478, 0.036163732409477234, 0.06317982077598572, 0.11227788031101227, 0.09028211236000061, 0.08515414595603943, 0.4282696545124054, 0.5885869264602661, 0.20442268252372742, 0.08664383739233017, 0.04320317879319191, 0.16538351774215698, 0.07608389854431152, 0.03724046051502228, 0.04261115565896034]"
0,"[500, 250, 100]",leaky_relu,nadam,<keras.src.losses.losses.MeanSquaredError object at 0x73a3d7d3a450>,1,"[5.824674606323242, 5.747004985809326, 6.5540032386779785, 5.689732074737549, 6.162087917327881, 5.726866722106934, 6.509641170501709, 5.891094207763672, 6.822686672210693, 5.714384078979492, 6.110057353973389, 5.959222793579102, 6.126138687133789, 5.744804382324219]","[5.624049663543701, 5.591636657714844, 5.824674606323242, 5.747004985809326, 6.5540032386779785, 5.689732074737549, 6.162087917327881, 5.726866722106934, 6.509641170501709, 5.891094207763672, 6.822686672210693, 5.714384078979492, 6.110057353973389, 5.959222793579102, 6.126138687133789, 5.744804382324219, 6.110696315765381]"
0,"[500, 250, 100]",leaky_relu,nadam,<keras.src.losses.losses.MeanSquaredError object at 0x73a3d7d3a450>,2,"[0.42309504747390747, 1.2869853973388672, 0.11671944707632065, 0.167867049574852, 0.3370000422000885, 0.49691295623779297, 0.25655293464660645, 0.4043482840061188, 0.5158545970916748, 0.5848571062088013, 0.13740168511867523, 0.26345932483673096, 0.6224697828292847, 0.22014038264751434]","[5.618092060089111, 5.638620376586914, 5.586139678955078, 8.798717498779297, 5.592792510986328, 6.080608367919922, 6.518626689910889, 5.73384428024292, 7.1136474609375, 0.9394633173942566, 0.32625529170036316, 0.30755457282066345, 0.33114516735076904, 0.17638814449310303, 0.3777619004249573, 0.18380458652973175, 0.14582759141921997, 0.18681876361370087, 3.8404078483581543, 0.1511019617319107, 0.23152971267700195, 0.9672533869743347, 0.2176653891801834, 0.24351170659065247, 1.5548583269119263, 0.12178158760070801, 0.7960638999938965, 0.6853321194648743, 0.12199313193559647, 0.15336813032627106, 2.2461888790130615, 0.14402469992637634, 0.11496898531913757, 1.4570013284683228, 0.17307287454605103, 0.11378681659698486, 0.198172926902771, 1.3040556907653809, 0.14752401411533356, 0.11319734156131744, 0.42309504747390747, 1.2869853973388672, 0.11671944707632065, 0.167867049574852, 0.3370000422000885, 0.49691295623779297, 0.25655293464660645, 0.4043482840061188, 0.5158545970916748, 0.5848571062088013, 0.13740168511867523, 0.26345932483673096, 0.6224697828292847, 0.22014038264751434, 0.286340594291687]"
0,"[500, 250, 100]",leaky_relu,nadam,<keras.src.losses.losses.MeanSquaredError object at 0x73a3d7d3a450>,3,"[0.14204663038253784, 1.5073165893554688, 0.08375698328018188, 0.09104114025831223, 0.08551158010959625, 0.09504158049821854, 0.48455333709716797, 0.3583425283432007, 0.21545995771884918, 0.1669684201478958, 0.3756757378578186, 0.41508352756500244, 0.14581824839115143, 1.3087249994277954]","[5.623090744018555, 5.573320388793945, 5.683837890625, 7.926216125488281, 5.712446212768555, 5.941609859466553, 7.288219928741455, 3.043177604675293, 0.47233331203460693, 2.585174083709717, 0.20671722292900085, 0.1848311424255371, 0.7873479127883911, 0.15229429304599762, 1.1820608377456665, 0.3225095868110657, 0.1742231249809265, 2.536858320236206, 0.12869733572006226, 0.20122773945331573, 0.8723114132881165, 0.4372537136077881, 0.3468455970287323, 0.8729897737503052, 0.4994752109050751, 0.12467455863952637, 1.4970135688781738, 0.3669125735759735, 0.12421265989542007, 0.1905730962753296, 0.9672367572784424, 0.20212365686893463, 0.301519513130188, 0.7179949879646301, 0.3037572503089905, 1.562021255493164, 0.16493861377239227, 0.14513318240642548, 1.5970333814620972, 0.280283659696579, 0.11074906587600708, 0.11942645162343979, 0.15803053975105286, 0.5368120670318604, 0.3279091417789459, 0.3215714991092682, 0.2780974209308624, 0.9077694416046143, 0.162502720952034, 0.3887947201728821, 0.561283528804779, 0.09313040226697922, 0.12193584442138672, 0.7651307582855225, 0.16477778553962708, 0.19055454432964325, 1.6116100549697876, 0.15168367326259613, 0.1679995059967041, 0.10277107357978821, 0.6853137016296387, 0.29099181294441223, 0.16876095533370972, 0.33367159962654114, 0.8615075349807739, 0.10850954800844193, 0.09177453815937042, 0.11806416511535645, 9.550323486328125, 0.11528429388999939, 0.18494218587875366, 0.09907349944114685, 0.09335695952177048, 0.11971182376146317, 0.16353915631771088, 0.08419480919837952, 0.09218856692314148, 0.17621761560440063, 0.2358248233795166, 0.07993234694004059, 0.14204663038253784, 1.5073165893554688, 0.08375698328018188, 0.09104114025831223, 0.08551158010959625, 0.09504158049821854, 0.48455333709716797, 0.3583425283432007, 0.21545995771884918, 0.1669684201478958, 0.3756757378578186, 0.41508352756500244, 0.14581824839115143, 1.3087249994277954, 0.1394238919019699]"
0,"[500, 250, 100]",leaky_relu,nadam,<keras.src.losses.losses.MeanSquaredError object at 0x73a3d7d3a450>,4,"[0.11275996267795563, 2.137578010559082, 0.1881709098815918, 0.08718690276145935, 0.08685462921857834, 1.4304782152175903, 0.4403877556324005, 0.10512851178646088, 0.09532182663679123, 0.9918406009674072, 0.2762863039970398, 0.11410895735025406, 0.436145156621933, 1.0952200889587402]","[5.662464618682861, 5.7221784591674805, 5.28764533996582, 0.7803859710693359, 1.7977547645568848, 0.2258724421262741, 4.080573558807373, 0.1741066575050354, 1.13790762424469, 0.4138660430908203, 1.2706061601638794, 0.13339020311832428, 2.9446334838867188, 0.20089496672153473, 0.18248504400253296, 3.284423828125, 0.12394879758358002, 2.224717140197754, 0.16547700762748718, 0.3154512941837311, 1.732170581817627, 0.1221264898777008, 0.13598410785198212, 0.3585819602012634, 0.2906939685344696, 0.7051451206207275, 0.17586351931095123, 0.4448288679122925, 0.46829426288604736, 0.26592981815338135, 0.3278799057006836, 0.8454039096832275, 0.40148335695266724, 0.10864950716495514, 0.36583539843559265, 1.8060981035232544, 0.14386416971683502, 0.17903593182563782, 1.1102532148361206, 0.25094085931777954, 0.2844467759132385, 0.5712540149688721, 0.3269425928592682, 0.3875897228717804, 0.23876316845417023, 0.10275865346193314, 2.4081623554229736, 0.15079541504383087, 0.12342711538076401, 0.2975505590438843, 3.8427276611328125, 0.19521155953407288, 0.1136721521615982, 0.1384463906288147, 1.0610289573669434, 0.1416289359331131, 0.0981525182723999, 0.34292158484458923, 0.6217283010482788, 0.1414916217327118, 0.10255271196365356, 0.2365664392709732, 0.7548387050628662, 0.16328616440296173, 0.09185875207185745, 0.23703758418560028, 1.4719318151474, 0.11423717439174652, 0.08658334612846375, 0.11275996267795563, 2.137578010559082, 0.1881709098815918, 0.08718690276145935, 0.08685462921857834, 1.4304782152175903, 0.4403877556324005, 0.10512851178646088, 0.09532182663679123, 0.9918406009674072, 0.2762863039970398, 0.11410895735025406, 0.436145156621933, 1.0952200889587402, 0.25782373547554016]"
0,"[500, 250, 100]",leaky_relu,nadam,<keras.src.losses.losses.MeanSquaredError object at 0x73a3d7d3a450>,5,"[0.4345945417881012, 0.506015956401825, 0.46163272857666016, 0.13842950761318207, 0.18657580018043518, 1.442312479019165, 0.16321924328804016, 0.2254592776298523, 0.8048677444458008, 0.22599871456623077, 0.19775068759918213, 0.12624871730804443, 1.571860671043396, 0.22570422291755676]","[5.75441312789917, 5.547090530395508, 6.660268306732178, 0.9341357350349426, 0.37245291471481323, 1.5588898658752441, 0.4670341908931732, 0.9202725291252136, 0.2849935293197632, 1.6751106977462769, 0.247139111161232, 0.8058445453643799, 0.29336196184158325, 0.4652467966079712, 0.6750827431678772, 1.0556553602218628, 0.36774909496307373, 0.8339383602142334, 0.5415855050086975, 0.557068407535553, 2.1773557662963867, 0.2420203983783722, 0.2044907957315445, 0.8162363767623901, 0.35978472232818604, 0.3907459080219269, 0.6154234409332275, 0.1864342838525772, 3.4336657524108887, 0.1829727590084076, 0.1268586963415146, 0.4355602562427521, 0.6628330945968628, 0.2494409680366516, 0.17910078167915344, 0.3297058343887329, 0.5980440378189087, 0.12580817937850952, 0.44282764196395874, 0.597450315952301, 0.6325355172157288, 0.1227322667837143, 0.4345945417881012, 0.506015956401825, 0.46163272857666016, 0.13842950761318207, 0.18657580018043518, 1.442312479019165, 0.16321924328804016, 0.2254592776298523, 0.8048677444458008, 0.22599871456623077, 0.19775068759918213, 0.12624871730804443, 1.571860671043396, 0.22570422291755676, 0.3209698796272278]"
0,"[500, 250, 100]",leaky_relu,nadam,<keras.src.losses.losses.MeanSquaredError object at 0x73a3d7d3a450>,6,"[0.2753054201602936, 1.2664117813110352, 0.18209224939346313, 0.33418747782707214, 0.9802218675613403, 0.6187838315963745, 0.7041745185852051, 0.40591126680374146, 0.12753312289714813, 0.44796860218048096, 0.308869868516922, 0.1491774320602417, 0.7716305255889893, 0.19981196522712708]","[6.378514766693115, 5.491626262664795, 2.4812560081481934, 0.4544253349304199, 0.4828437268733978, 1.629966139793396, 0.7316510677337646, 0.6969723105430603, 0.3446120619773865, 1.335911750793457, 0.159811332821846, 1.160853385925293, 0.1819905936717987, 1.102606177330017, 0.35663434863090515, 0.4578281044960022, 0.44841110706329346, 0.5492163300514221, 1.1103070974349976, 0.146717369556427, 0.20438390970230103, 0.9484432935714722, 0.1900707632303238, 1.0346120595932007, 1.4065062999725342, 0.8263001441955566, 0.44717347621917725, 0.6165676116943359, 0.22824756801128387, 0.16923001408576965, 0.7409536838531494, 0.33652564883232117, 0.14221033453941345, 0.3711749017238617, 1.2925232648849487, 0.21471083164215088, 0.11627829074859619, 0.2753054201602936, 1.2664117813110352, 0.18209224939346313, 0.33418747782707214, 0.9802218675613403, 0.6187838315963745, 0.7041745185852051, 0.40591126680374146, 0.12753312289714813, 0.44796860218048096, 0.308869868516922, 0.1491774320602417, 0.7716305255889893, 0.19981196522712708, 0.6580745577812195]"
0,"[500, 250, 100]",leaky_relu,nadam,<keras.src.losses.losses.MeanSquaredError object at 0x73a3d7d3a450>,7,"[0.2987278699874878, 0.8580453395843506, 0.08764544874429703, 0.2211533933877945, 0.21724550426006317, 0.24899503588676453, 0.6180224418640137, 0.2586623728275299, 0.31202149391174316, 0.5596931576728821, 0.23256704211235046, 0.12371870875358582, 0.271790474653244, 0.7616154551506042]","[5.704652786254883, 5.542654037475586, 7.2415032386779785, 0.8576918244361877, 0.5419794321060181, 1.4909552335739136, 0.24208052456378937, 3.067206382751465, 0.2069496363401413, 0.5029681921005249, 0.7048118114471436, 0.9518038630485535, 0.15624259412288666, 2.9007740020751953, 0.23149889707565308, 0.5374257564544678, 1.1619088649749756, 0.3024308979511261, 0.757605791091919, 0.5869202613830566, 0.34197938442230225, 0.6798062920570374, 0.5873951315879822, 0.14534121751785278, 1.846342921257019, 0.29682043194770813, 0.47153663635253906, 0.1982559859752655, 0.9805423021316528, 1.1914434432983398, 0.44854721426963806, 0.33428898453712463, 0.5932273864746094, 0.49004173278808594, 0.4612043797969818, 0.4694085717201233, 0.35468006134033203, 0.06533268094062805, 0.2987278699874878, 0.8580453395843506, 0.08764544874429703, 0.2211533933877945, 0.21724550426006317, 0.24899503588676453, 0.6180224418640137, 0.2586623728275299, 0.31202149391174316, 0.5596931576728821, 0.23256704211235046, 0.12371870875358582, 0.271790474653244, 0.7616154551506042, 0.44072526693344116]"
0,"[500, 250, 100]",leaky_relu,adamw,<keras.src.losses.losses.MeanSquaredError object at 0x73a3d7d3a450>,1,"[5.671629905700684, 5.5885138511657715, 5.594474792480469, 5.628966331481934, 5.582581996917725, 5.59003210067749, 5.644239902496338, 5.862334251403809, 5.653139591217041, 5.586496829986572, 5.760433673858643, 5.594953536987305, 5.6817851066589355, 5.643139362335205]","[7.243129253387451, 5.6172685623168945, 5.630513668060303, 5.598811149597168, 5.574557781219482, 5.671629905700684, 5.5885138511657715, 5.594474792480469, 5.628966331481934, 5.582581996917725, 5.59003210067749, 5.644239902496338, 5.862334251403809, 5.653139591217041, 5.586496829986572, 5.760433673858643, 5.594953536987305, 5.6817851066589355, 5.643139362335205, 5.6339240074157715]"
0,"[500, 250, 100]",leaky_relu,adamw,<keras.src.losses.losses.MeanSquaredError object at 0x73a3d7d3a450>,2,"[0.11128851026296616, 0.17660635709762573, 0.12891092896461487, 0.11586681753396988, 0.1140197366476059, 0.1633630245923996, 0.15321485698223114, 0.20081381499767303, 0.20555256307125092, 0.1265724152326584, 0.11734183877706528, 0.11290004849433899, 0.15863671898841858, 0.1449139416217804]","[7.084089756011963, 5.611318588256836, 2.925326108932495, 0.6095600724220276, 0.4784887135028839, 0.24385489523410797, 0.20637120306491852, 0.2520033121109009, 0.1984822154045105, 0.1546395719051361, 0.3639110326766968, 3.299039363861084, 0.3352017402648926, 0.15206006169319153, 0.13264405727386475, 0.12197881191968918, 0.12632587552070618, 0.13528446853160858, 0.1315612643957138, 0.1303597390651703, 0.12238068133592606, 0.11484570056200027, 0.11432618647813797, 0.11078688502311707, 0.11128851026296616, 0.17660635709762573, 0.12891092896461487, 0.11586681753396988, 0.1140197366476059, 0.1633630245923996, 0.15321485698223114, 0.20081381499767303, 0.20555256307125092, 0.1265724152326584, 0.11734183877706528, 0.11290004849433899, 0.15863671898841858, 0.1449139416217804, 0.24160732328891754]"
0,"[500, 250, 100]",leaky_relu,adamw,<keras.src.losses.losses.MeanSquaredError object at 0x73a3d7d3a450>,3,"[0.1723305583000183, 0.261498361825943, 0.2276427447795868, 0.11366765946149826, 0.11273296922445297, 0.11444306373596191, 0.10758949816226959, 0.1632101982831955, 0.11496391892433167, 0.15902189910411835, 1.4941859245300293, 0.5422459244728088, 0.14171406626701355, 0.11806566268205643]","[6.742700099945068, 5.6144561767578125, 5.608531951904297, 5.684869766235352, 5.597793102264404, 5.571669578552246, 5.995236396789551, 1.6451940536499023, 1.2087863683700562, 0.2935478687286377, 0.215421661734581, 0.186691552400589, 0.15539750456809998, 0.15436841547489166, 0.14409704506397247, 0.2716257870197296, 0.1274844855070114, 0.13229143619537354, 0.4039633870124817, 0.2008560746908188, 0.11629275232553482, 0.11818262189626694, 0.23627720773220062, 0.3840111196041107, 0.3717690706253052, 0.12411706894636154, 0.14837490022182465, 0.11427614092826843, 0.11134696006774902, 0.1604444980621338, 0.9345139265060425, 0.14680060744285583, 0.14717814326286316, 0.12130048871040344, 0.10602451860904694, 0.1021420806646347, 0.1723305583000183, 0.261498361825943, 0.2276427447795868, 0.11366765946149826, 0.11273296922445297, 0.11444306373596191, 0.10758949816226959, 0.1632101982831955, 0.11496391892433167, 0.15902189910411835, 1.4941859245300293, 0.5422459244728088, 0.14171406626701355, 0.11806566268205643, 0.1109667718410492]"
0,"[500, 250, 100]",leaky_relu,adamw,<keras.src.losses.losses.MeanSquaredError object at 0x73a3d7d3a450>,4,"[0.27911376953125, 0.6377665400505066, 0.21355149149894714, 0.12911854684352875, 0.1390964537858963, 0.1509081870317459, 0.18315818905830383, 0.2601870000362396, 0.11650007218122482, 0.11322394013404846, 0.24771779775619507, 0.11139336973428726, 0.14923995733261108, 0.11183399707078934]","[6.571929454803467, 5.6159281730651855, 5.640604019165039, 5.546395301818848, 5.4702959060668945, 2.786440849304199, 0.5173490047454834, 0.3384872078895569, 0.24295777082443237, 0.18779657781124115, 0.20482784509658813, 0.17310085892677307, 0.21120187640190125, 0.17607134580612183, 0.13914275169372559, 0.25980842113494873, 0.36748671531677246, 0.15606266260147095, 0.13427799940109253, 0.2048216462135315, 0.22969749569892883, 0.13663992285728455, 0.1634732335805893, 0.13117551803588867, 0.24887150526046753, 0.23795679211616516, 0.14854060113430023, 0.15706171095371246, 0.39878642559051514, 0.44342851638793945, 0.18139314651489258, 0.15525133907794952, 0.12949861586093903, 0.10939813405275345, 0.27911376953125, 0.6377665400505066, 0.21355149149894714, 0.12911854684352875, 0.1390964537858963, 0.1509081870317459, 0.18315818905830383, 0.2601870000362396, 0.11650007218122482, 0.11322394013404846, 0.24771779775619507, 0.11139336973428726, 0.14923995733261108, 0.11183399707078934, 0.14441902935504913]"
0,"[500, 250, 100]",leaky_relu,adamw,<keras.src.losses.losses.MeanSquaredError object at 0x73a3d7d3a450>,5,"[0.2040880024433136, 0.07967177778482437, 0.043136585503816605, 0.042435795068740845, 0.06546669453382492, 0.04348931089043617, 0.07697555422782898, 0.0838770717382431, 0.05382603406906128, 0.32060736417770386, 0.04813744127750397, 0.03923257067799568, 0.14654050767421722, 0.2607805132865906]","[6.790517330169678, 5.579402923583984, 5.369237422943115, 1.4701042175292969, 0.42279738187789917, 0.30530866980552673, 0.2042236328125, 0.291700541973114, 0.18512457609176636, 0.1952120065689087, 0.1785537451505661, 0.18614327907562256, 0.19719070196151733, 0.1499566286802292, 0.12162753194570541, 0.11778365075588226, 0.126113623380661, 0.11146097630262375, 0.11643624305725098, 0.1866578757762909, 0.28930750489234924, 0.2355259507894516, 0.22054655849933624, 0.3846662640571594, 0.1180076077580452, 0.08395011723041534, 0.07113582640886307, 0.10688909888267517, 0.3521035313606262, 0.08836627751588821, 0.08777792006731033, 0.08785669505596161, 0.4446791112422943, 0.09801401197910309, 0.09455614537000656, 0.12562879920005798, 0.047440819442272186, 0.06958898156881332, 0.10238760709762573, 0.0654800534248352, 0.0813574343919754, 0.08379995822906494, 0.06738059967756271, 0.2626146674156189, 0.09193913638591766, 0.06401865184307098, 0.582838237285614, 0.28174760937690735, 0.12381134927272797, 0.057096462696790695, 0.08191107213497162, 0.04567711055278778, 0.06607970595359802, 0.1381707638502121, 0.11338189244270325, 0.29879310727119446, 0.41715362668037415, 0.20098966360092163, 0.055559977889060974, 0.037245187908411026, 0.038039058446884155, 0.054620061069726944, 0.030480338260531425, 0.03700355440378189, 0.44072213768959045, 0.0617087297141552, 0.031785670667886734, 0.03977249190211296, 0.05230342969298363, 0.050444189459085464, 0.06291723251342773, 0.029624393209815025, 0.2040880024433136, 0.07967177778482437, 0.043136585503816605, 0.042435795068740845, 0.06546669453382492, 0.04348931089043617, 0.07697555422782898, 0.0838770717382431, 0.05382603406906128, 0.32060736417770386, 0.04813744127750397, 0.03923257067799568, 0.14654050767421722, 0.2607805132865906, 0.9283847808837891]"
0,"[500, 250, 100]",leaky_relu,adamw,<keras.src.losses.losses.MeanSquaredError object at 0x73a3d7d3a450>,6,"[0.18121004104614258, 0.2341310679912567, 0.1610228419303894, 0.23187345266342163, 0.17263224720954895, 0.13230474293231964, 0.13337664306163788, 0.14382551610469818, 0.21443253755569458, 0.22585707902908325, 0.16993770003318787, 0.15671837329864502, 0.13892340660095215, 0.2442460060119629]","[7.263758182525635, 5.605353355407715, 5.36262321472168, 2.1954457759857178, 0.4555274546146393, 0.3234368562698364, 0.26067471504211426, 0.2603534460067749, 0.20370084047317505, 0.34585273265838623, 0.2199142873287201, 0.15056268870830536, 0.14470741152763367, 0.19010239839553833, 0.24308697879314423, 0.37821853160858154, 0.1931813508272171, 0.15285170078277588, 0.12551279366016388, 0.18121004104614258, 0.2341310679912567, 0.1610228419303894, 0.23187345266342163, 0.17263224720954895, 0.13230474293231964, 0.13337664306163788, 0.14382551610469818, 0.21443253755569458, 0.22585707902908325, 0.16993770003318787, 0.15671837329864502, 0.13892340660095215, 0.2442460060119629, 0.21819131076335907]"
0,"[500, 250, 100]",leaky_relu,adamw,<keras.src.losses.losses.MeanSquaredError object at 0x73a3d7d3a450>,7,"[0.14894992113113403, 0.2836760878562927, 0.12056354433298111, 0.5513655543327332, 0.16086968779563904, 0.6953896880149841, 0.43375030159950256, 0.1877247542142868, 0.12407800555229187, 0.12263765931129456, 0.20074208080768585, 0.11996912956237793, 0.12820498645305634, 2.3999226093292236]","[6.517679214477539, 5.751025199890137, 5.59498405456543, 5.379251480102539, 1.0987927913665771, 2.189310312271118, 0.3857005536556244, 0.24036285281181335, 0.22383147478103638, 0.18755477666854858, 0.16449008882045746, 0.16726234555244446, 0.3595705032348633, 0.3179003894329071, 0.16796095669269562, 0.41633906960487366, 0.15129153430461884, 0.15444225072860718, 0.1558399498462677, 0.17700904607772827, 0.18522435426712036, 0.13647498190402985, 0.486850380897522, 0.18229547142982483, 0.140822172164917, 0.12414783984422684, 0.16508546471595764, 0.6843043565750122, 0.3049296438694, 0.21273475885391235, 0.13761964440345764, 0.13149675726890564, 0.11741214245557785, 0.14894992113113403, 0.2836760878562927, 0.12056354433298111, 0.5513655543327332, 0.16086968779563904, 0.6953896880149841, 0.43375030159950256, 0.1877247542142868, 0.12407800555229187, 0.12263765931129456, 0.20074208080768585, 0.11996912956237793, 0.12820498645305634, 2.3999226093292236, 6.177060127258301]"
0,"[500, 250, 100]",leaky_relu,adamax,<keras.src.losses.losses.MeanSquaredError object at 0x73a3d7d3a450>,1,"[5.603974342346191, 5.603403568267822, 5.6066765785217285, 5.582791328430176, 5.614523887634277, 5.606683731079102, 5.574510097503662, 5.571492671966553, 5.580887317657471, 5.576711177825928, 5.596873760223389, 5.582035541534424, 5.639833450317383, 5.589757919311523]","[8.087807655334473, 5.677144527435303, 5.585601806640625, 5.598742961883545, 5.588679790496826, 5.573634624481201, 5.571041584014893, 5.603974342346191, 5.603403568267822, 5.6066765785217285, 5.582791328430176, 5.614523887634277, 5.606683731079102, 5.574510097503662, 5.571492671966553, 5.580887317657471, 5.576711177825928, 5.596873760223389, 5.582035541534424, 5.639833450317383, 5.589757919311523, 5.663544178009033]"
0,"[500, 250, 100]",leaky_relu,adamax,<keras.src.losses.losses.MeanSquaredError object at 0x73a3d7d3a450>,2,"[0.10281046479940414, 0.11717638373374939, 0.10527533292770386, 0.10118821263313293, 0.09567306190729141, 0.10462636500597, 0.10531511902809143, 0.10097544640302658, 0.10077950358390808, 0.25577107071876526, 0.10841269046068192, 0.10436054319143295, 0.16813452541828156, 0.11329131573438644]","[8.158045768737793, 5.693948745727539, 5.607067584991455, 5.5631866455078125, 5.5334954261779785, 5.498447418212891, 5.403911590576172, 5.118749618530273, 3.8001925945281982, 1.2944681644439697, 0.6416889429092407, 0.42322805523872375, 0.33042624592781067, 0.2908307611942291, 0.26437410712242126, 0.23708346486091614, 0.2167235165834427, 0.2105277180671692, 0.19662326574325562, 0.18372449278831482, 0.1746157556772232, 0.16667619347572327, 0.16304698586463928, 0.15244454145431519, 0.1505010426044464, 0.15337617695331573, 0.13934823870658875, 0.13563841581344604, 0.13557571172714233, 0.13398504257202148, 0.1352667510509491, 0.1275574415922165, 0.13052654266357422, 0.12345630675554276, 0.1388484388589859, 0.14418122172355652, 0.12036565691232681, 0.12261731177568436, 0.12035485357046127, 0.11790796369314194, 0.11715851724147797, 0.11637328565120697, 0.13166484236717224, 0.12306386977434158, 0.1152181327342987, 0.11378427594900131, 0.11409834772348404, 0.11502379924058914, 0.11886776983737946, 0.10948627442121506, 0.11315589398145676, 0.1130019798874855, 0.11267636716365814, 0.11292301118373871, 0.12000130116939545, 0.11010626703500748, 0.11403299868106842, 0.12045632302761078, 0.13230077922344208, 0.12101630121469498, 0.11080840229988098, 0.10525713860988617, 0.11127188801765442, 0.11545722931623459, 0.10916619747877121, 0.1373736709356308, 0.1072109192609787, 0.10849104821681976, 0.1210847944021225, 0.10808923095464706, 0.1010429710149765, 0.09896097332239151, 0.11137562245130539, 0.10188492387533188, 0.10647407174110413, 0.10696971416473389, 0.13572342693805695, 0.11754468083381653, 0.13153432309627533, 0.15251842141151428, 0.10066153109073639, 0.12649065256118774, 0.13218913972377777, 0.115663081407547, 0.12847940623760223, 0.09681372344493866, 0.1095791906118393, 0.12761463224887848, 0.09758225083351135, 0.1019863411784172, 0.13411444425582886, 0.09488844871520996, 0.10281046479940414, 0.11717638373374939, 0.10527533292770386, 0.10118821263313293, 0.09567306190729141, 0.10462636500597, 0.10531511902809143, 0.10097544640302658, 0.10077950358390808, 0.25577107071876526, 0.10841269046068192, 0.10436054319143295, 0.16813452541828156, 0.11329131573438644, 0.10430330038070679]"
0,"[500, 250, 100]",leaky_relu,adamax,<keras.src.losses.losses.MeanSquaredError object at 0x73a3d7d3a450>,3,"[0.1380096673965454, 0.0776074230670929, 0.07649395614862442, 0.04979463294148445, 0.06236898899078369, 0.05530742183327675, 0.04518076777458191, 0.050968363881111145, 0.05341039597988129, 0.04925338923931122, 0.03192851319909096, 0.06511466950178146, 0.04583141207695007, 0.034323904663324356]","[7.2947235107421875, 5.680531978607178, 5.590616703033447, 5.542209148406982, 5.497148513793945, 5.414557933807373, 5.052844047546387, 3.712674379348755, 1.4627232551574707, 0.7930782437324524, 0.5284130573272705, 0.4104137122631073, 0.3536531925201416, 0.31672126054763794, 0.29311081767082214, 0.26615116000175476, 0.24691523611545563, 0.22494608163833618, 0.2108955979347229, 0.2024809569120407, 0.19677239656448364, 0.18392278254032135, 0.17643386125564575, 0.16957373917102814, 0.16466985642910004, 0.1585206240415573, 0.15552766621112823, 0.1531318575143814, 0.14758890867233276, 0.14579550921916962, 0.14767855405807495, 0.1431621015071869, 0.14268749952316284, 0.13529345393180847, 0.1410170942544937, 0.13422153890132904, 0.13380779325962067, 0.1338619887828827, 0.12782037258148193, 0.12838603556156158, 0.1256686896085739, 0.12297800928354263, 0.12290938943624496, 0.12325746566057205, 0.1182447001338005, 0.11943081021308899, 0.1305842250585556, 0.11557377874851227, 0.11981667578220367, 0.13056102395057678, 0.13455170392990112, 0.13482700288295746, 0.12475275993347168, 0.12035723775625229, 0.12366436421871185, 0.12062517553567886, 0.11631587892770767, 0.12855130434036255, 0.11921146512031555, 0.11587146669626236, 0.12921932339668274, 0.11666247248649597, 0.1152486652135849, 0.1120915412902832, 0.11516446620225906, 0.10629472881555557, 0.11237059533596039, 0.11236245185136795, 0.10719490796327591, 0.10523505508899689, 0.10984230786561966, 0.10889115184545517, 0.11191238462924957, 0.10884281992912292, 0.11381575465202332, 0.1059916615486145, 0.11234153807163239, 0.11064804345369339, 0.11314026266336441, 0.12255203723907471, 0.11480196565389633, 0.10110672563314438, 0.10295229405164719, 0.12616093456745148, 0.16132968664169312, 0.17513133585453033, 0.10437899827957153, 0.0960208922624588, 0.10204752534627914, 0.1021336168050766, 0.09773754328489304, 0.09492509067058563, 0.09535101056098938, 0.10306280106306076, 0.10069400817155838, 0.09833531826734543, 0.10197535157203674, 0.1079961359500885, 0.09319977462291718, 0.10744910687208176, 0.12261573225259781, 0.24038952589035034, 0.11210706830024719, 0.08952596783638, 0.09812825918197632, 0.0991787314414978, 0.13637004792690277, 0.1333804726600647, 0.13423876464366913, 0.08716946095228195, 0.10395535826683044, 0.07956481724977493, 0.10630585998296738, 0.08255911618471146, 0.10938083380460739, 0.06770393252372742, 0.06774579733610153, 0.0602651983499527, 0.053236909210681915, 0.051551710814237595, 0.04808608442544937, 0.04918363317847252, 0.05071718618273735, 0.06631933897733688, 0.04613132029771805, 0.045339349657297134, 0.045372795313596725, 0.04012293368577957, 0.03799550235271454, 0.05831177532672882, 0.07866792380809784, 0.041593506932258606, 0.0379454530775547, 0.03931427001953125, 0.034947097301483154, 0.04325928911566734, 0.03786720708012581, 0.043576933443546295, 0.04800991341471672, 0.06833682954311371, 0.03789009526371956, 0.03623184561729431, 0.031350940465927124, 0.1380096673965454, 0.0776074230670929, 0.07649395614862442, 0.04979463294148445, 0.06236898899078369, 0.05530742183327675, 0.04518076777458191, 0.050968363881111145, 0.05341039597988129, 0.04925338923931122, 0.03192851319909096, 0.06511466950178146, 0.04583141207695007, 0.034323904663324356, 0.05208796635270119]"
0,"[500, 250, 100]",leaky_relu,adamax,<keras.src.losses.losses.MeanSquaredError object at 0x73a3d7d3a450>,4,"[0.10367902368307114, 0.10304170101881027, 0.11165937781333923, 0.11160136759281158, 0.11702635884284973, 0.11514493823051453, 0.10444112867116928, 0.20875240862369537, 0.13386832177639008, 0.10559216141700745, 0.134062260389328, 0.13645872473716736, 0.1474066823720932, 0.12048040330410004]","[7.8596320152282715, 5.6423516273498535, 5.579037666320801, 5.576210975646973, 5.591449737548828, 5.574540138244629, 5.575619220733643, 5.594642639160156, 5.64232873916626, 5.553375244140625, 5.540857315063477, 5.4983601570129395, 5.306722164154053, 4.652584075927734, 1.8452383279800415, 0.743941068649292, 0.48900359869003296, 0.3605356216430664, 0.29587528109550476, 0.25859981775283813, 0.23643159866333008, 0.2154030203819275, 0.1954624056816101, 0.1875709593296051, 0.1689395159482956, 0.16977329552173615, 0.15386861562728882, 0.14732375741004944, 0.14252199232578278, 0.1413702517747879, 0.13637106120586395, 0.13595955073833466, 0.13255660235881805, 0.13002213835716248, 0.12969698011875153, 0.13426493108272552, 0.12699608504772186, 0.12288354337215424, 0.13056330382823944, 0.13740797340869904, 0.12714090943336487, 0.12676525115966797, 0.12938793003559113, 0.11816182732582092, 0.11858119070529938, 0.12492121756076813, 0.11735033988952637, 0.12528656423091888, 0.12161677330732346, 0.11443577706813812, 0.12081681191921234, 0.11819761246442795, 0.11533628404140472, 0.11373654007911682, 0.11540218442678452, 0.11682046949863434, 0.1283203512430191, 0.1212182566523552, 0.14813607931137085, 0.12029817700386047, 0.12361662834882736, 0.11156436055898666, 0.1457844376564026, 0.15288694202899933, 0.13315428793430328, 0.1565181314945221, 0.11901164054870605, 0.14602716267108917, 0.2330036461353302, 0.10847236216068268, 0.1047559604048729, 0.10438147932291031, 0.12095468491315842, 0.14639289677143097, 0.1316404491662979, 0.11382418125867844, 0.10243621468544006, 0.10367902368307114, 0.10304170101881027, 0.11165937781333923, 0.11160136759281158, 0.11702635884284973, 0.11514493823051453, 0.10444112867116928, 0.20875240862369537, 0.13386832177639008, 0.10559216141700745, 0.134062260389328, 0.13645872473716736, 0.1474066823720932, 0.12048040330410004, 0.11096803098917007]"
0,"[500, 250, 100]",leaky_relu,adamax,<keras.src.losses.losses.MeanSquaredError object at 0x73a3d7d3a450>,5,"[0.0267806276679039, 0.037258949130773544, 0.032061707228422165, 0.029750874266028404, 0.026710905134677887, 0.041743092238903046, 0.03567473217844963, 0.0851852297782898, 0.047750409692525864, 0.02805572748184204, 0.02327890880405903, 0.023683743551373482, 0.038195207715034485, 0.032355885952711105]","[7.373703956604004, 5.67307186126709, 5.557485103607178, 5.53317928314209, 5.482242107391357, 5.350576400756836, 4.924402236938477, 3.2269930839538574, 1.1123663187026978, 0.6895043849945068, 0.49158674478530884, 0.3875153958797455, 0.3424033224582672, 0.31717705726623535, 0.29266348481178284, 0.2758767008781433, 0.2570333480834961, 0.23700448870658875, 0.2237802892923355, 0.21199822425842285, 0.20069855451583862, 0.19053657352924347, 0.18994003534317017, 0.17546077072620392, 0.16915589570999146, 0.1624213457107544, 0.15663409233093262, 0.15355184674263, 0.14800743758678436, 0.14637531340122223, 0.14184516668319702, 0.15596473217010498, 0.1403842717409134, 0.14038199186325073, 0.136888325214386, 0.1345020830631256, 0.13123148679733276, 0.12619081139564514, 0.12465992569923401, 0.12226732820272446, 0.12353479862213135, 0.12018680572509766, 0.12165292352437973, 0.12768763303756714, 0.12319526076316833, 0.12515012919902802, 0.12132295221090317, 0.11704663187265396, 0.12090550363063812, 0.12310227006673813, 0.12647901475429535, 0.12331843376159668, 0.11638752371072769, 0.1171799898147583, 0.14039762318134308, 0.1222212016582489, 0.11172834783792496, 0.11826089769601822, 0.12627890706062317, 0.11315000057220459, 0.12129029631614685, 0.1292046159505844, 0.1099422350525856, 0.11211490631103516, 0.13306914269924164, 0.15102264285087585, 0.11296144872903824, 0.1528644561767578, 0.2908414602279663, 0.18475966155529022, 0.1486845463514328, 0.1238168329000473, 0.1051149070262909, 0.10600828379392624, 0.10353384912014008, 0.10126715153455734, 0.10408163070678711, 0.1025865375995636, 0.10927310585975647, 0.14170151948928833, 0.10751867294311523, 0.09876012802124023, 0.13182157278060913, 0.11083856970071793, 0.179737389087677, 0.11163093149662018, 0.10154501348733902, 0.1297723650932312, 0.13715507090091705, 0.13279162347316742, 0.10848256945610046, 0.09983806312084198, 0.10024150460958481, 0.12373152375221252, 0.10260918736457825, 0.09868094325065613, 0.09717855602502823, 0.0986894741654396, 0.10320637375116348, 0.09681959450244904, 0.1813705414533615, 0.13241907954216003, 0.09673140197992325, 0.08995094150304794, 0.10749360918998718, 0.09758991003036499, 0.2102997899055481, 0.1871470808982849, 0.19367140531539917, 0.08371672034263611, 0.0861838310956955, 0.07955189794301987, 0.08826132863759995, 0.16486088931560516, 0.08561776578426361, 0.07666994631290436, 0.09296401590108871, 0.06783512234687805, 0.07393474131822586, 0.11724233627319336, 0.05307216942310333, 0.049519214779138565, 0.04662694036960602, 0.04809437319636345, 0.06473202258348465, 0.0930284708738327, 0.04336603358387947, 0.04161664471030235, 0.038567736744880676, 0.08243218809366226, 0.051316142082214355, 0.05409308895468712, 0.06375475972890854, 0.17107117176055908, 0.06357657164335251, 0.03666626289486885, 0.03577078878879547, 0.04299624636769295, 0.03596186265349388, 0.044433437287807465, 0.05696825683116913, 0.03847876563668251, 0.042329177260398865, 0.032820649445056915, 0.03798135742545128, 0.03274180367588997, 0.03674734756350517, 0.04350646585226059, 0.10087268799543381, 0.05526840314269066, 0.04881729185581207, 0.03689119592308998, 0.04155557230114937, 0.0955173522233963, 0.1979098618030548, 0.03245849162340164, 0.02914305217564106, 0.04504819214344025, 0.03366894647479057, 0.03423715755343437, 0.0328579843044281, 0.03127426281571388, 0.037935152649879456, 0.03455958887934685, 0.047034963965415955, 0.12360510230064392, 0.04015223681926727, 0.03963261842727661, 0.04008859023451805, 0.03770282119512558, 0.04765351116657257, 0.028747059404850006, 0.03021726943552494, 0.034105975180864334, 0.05807150900363922, 0.0753512755036354, 0.034959517419338226, 0.03314841538667679, 0.027977313846349716, 0.028060896322131157, 0.03373200446367264, 0.07957084476947784, 0.03922003507614136, 0.04269440472126007, 0.10802784562110901, 0.10217975080013275, 0.029816998168826103, 0.02856667898595333, 0.02826259471476078, 0.03141613304615021, 0.02520442008972168, 0.05580887570977211, 0.19433489441871643, 0.03542156517505646, 0.027841726318001747, 0.024802597239613533, 0.026870496571063995, 0.02889341115951538, 0.02564738318324089, 0.023952126502990723, 0.07178957015275955, 0.075730100274086, 0.034884776920080185, 0.026105931028723717, 0.02340853214263916, 0.024414338171482086, 0.02716122753918171, 0.02550913579761982, 0.10118786990642548, 0.04009063541889191, 0.028826948255300522, 0.027590477839112282, 0.0278905238956213, 0.05859096720814705, 0.025821857154369354, 0.025856874883174896, 0.02291373535990715, 0.0267806276679039, 0.037258949130773544, 0.032061707228422165, 0.029750874266028404, 0.026710905134677887, 0.041743092238903046, 0.03567473217844963, 0.0851852297782898, 0.047750409692525864, 0.02805572748184204, 0.02327890880405903, 0.023683743551373482, 0.038195207715034485, 0.032355885952711105, 0.056396014988422394]"
0,"[500, 250, 100]",leaky_relu,adamax,<keras.src.losses.losses.MeanSquaredError object at 0x73a3d7d3a450>,6,"[0.02795042283833027, 0.030971702188253403, 0.032055046409368515, 0.04122839868068695, 0.052234187722206116, 0.034756019711494446, 0.04274684190750122, 0.07511893659830093, 0.058815982192754745, 0.047816529870033264, 0.035068582743406296, 0.03551819920539856, 0.04506527632474899, 0.16214926540851593]","[7.619662761688232, 5.6518144607543945, 5.488471984863281, 5.321113586425781, 4.609223365783691, 1.9748530387878418, 0.8559235334396362, 0.534752607345581, 0.3984466791152954, 0.3395726680755615, 0.3042788505554199, 0.2818048596382141, 0.2590773105621338, 0.24147653579711914, 0.22803348302841187, 0.2195991724729538, 0.20462656021118164, 0.19441470503807068, 0.18383023142814636, 0.17466025054454803, 0.16951221227645874, 0.1595955193042755, 0.15762180089950562, 0.14850126206874847, 0.14440864324569702, 0.14449328184127808, 0.13689616322517395, 0.13700050115585327, 0.1321479082107544, 0.13088373839855194, 0.13923023641109467, 0.13716202974319458, 0.12584707140922546, 0.1202445849776268, 0.1243029534816742, 0.11983092874288559, 0.11879393458366394, 0.11644041538238525, 0.12076013535261154, 0.11556972563266754, 0.11565162241458893, 0.1308811455965042, 0.11189153790473938, 0.11528126150369644, 0.1272175908088684, 0.1138664111495018, 0.11041626334190369, 0.12372047454118729, 0.10919638723134995, 0.1366676688194275, 0.11487480998039246, 0.10979311168193817, 0.12072204053401947, 0.1254601627588272, 0.10529029369354248, 0.10925402492284775, 0.12218507379293442, 0.10555662214756012, 0.10576776415109634, 0.09973771870136261, 0.10484155267477036, 0.10066577792167664, 0.11759034544229507, 0.09927891939878464, 0.10523460805416107, 0.11137948930263519, 0.1104707270860672, 0.11935358494520187, 0.14380031824111938, 0.09983690083026886, 0.19775806367397308, 0.09542867541313171, 0.11812946200370789, 0.08344209939241409, 0.08860497921705246, 0.07236961275339127, 0.08083181828260422, 0.06482484936714172, 0.07004646956920624, 0.0617954321205616, 0.1692308783531189, 0.06241893768310547, 0.053091395646333694, 0.04710879921913147, 0.10606318712234497, 0.09537982940673828, 0.047973934561014175, 0.07545599341392517, 0.05048072710633278, 0.03889790177345276, 0.03997906669974327, 0.10178811103105545, 0.03897425904870033, 0.045217692852020264, 0.03941326215863228, 0.03697092831134796, 0.03662795200943947, 0.03555597364902496, 0.03773818910121918, 0.03998563811182976, 0.039879508316516876, 0.15178793668746948, 0.08203138411045074, 0.036187753081321716, 0.03101334720849991, 0.03722481429576874, 0.03559831529855728, 0.03732791915535927, 0.04349279776215553, 0.05684167891740799, 0.047682229429483414, 0.048775359988212585, 0.05304976925253868, 0.049799844622612, 0.04442358389496803, 0.036825861781835556, 0.029665537178516388, 0.04643872007727623, 0.03459889069199562, 0.032085031270980835, 0.03885224089026451, 0.07002633810043335, 0.043900687247514725, 0.033324554562568665, 0.029384873807430267, 0.032032642513513565, 0.043416041880846024, 0.07586561143398285, 0.045244112610816956, 0.11387240886688232, 0.04113177955150604, 0.02760186418890953, 0.0335923433303833, 0.04607214033603668, 0.11135227233171463, 0.07403013855218887, 0.02704387530684471, 0.02795042283833027, 0.030971702188253403, 0.032055046409368515, 0.04122839868068695, 0.052234187722206116, 0.034756019711494446, 0.04274684190750122, 0.07511893659830093, 0.058815982192754745, 0.047816529870033264, 0.035068582743406296, 0.03551819920539856, 0.04506527632474899, 0.16214926540851593, 0.04133770987391472]"
0,"[500, 250, 100]",leaky_relu,adamax,<keras.src.losses.losses.MeanSquaredError object at 0x73a3d7d3a450>,7,"[0.05244801193475723, 0.1251571625471115, 0.036009591072797775, 0.08000005781650543, 0.04398711398243904, 0.06814294308423996, 0.0316389836370945, 0.04576719552278519, 0.029940836131572723, 0.04404356703162193, 0.07347140461206436, 0.07730599492788315, 0.04544989764690399, 0.029800474643707275]","[7.401176452636719, 5.676958084106445, 5.569571495056152, 5.591577529907227, 5.4132161140441895, 5.039333820343018, 3.758133888244629, 1.6422905921936035, 0.9790785908699036, 0.7036206126213074, 0.5246116518974304, 0.42248332500457764, 0.35605955123901367, 0.3164638578891754, 0.2829001545906067, 0.25727379322052, 0.2379874587059021, 0.21601568162441254, 0.19713637232780457, 0.1888478696346283, 0.1728827804327011, 0.17713254690170288, 0.1643189936876297, 0.15663498640060425, 0.1505536288022995, 0.1450415998697281, 0.14067140221595764, 0.18810753524303436, 0.13675089180469513, 0.13148266077041626, 0.12938520312309265, 0.1299360990524292, 0.128214493393898, 0.15664155781269073, 0.1290605515241623, 0.13328081369400024, 0.12479142099618912, 0.16087470948696136, 0.12156486511230469, 0.12021762877702713, 0.12572713196277618, 0.11921072006225586, 0.11921746283769608, 0.11758925020694733, 0.14279064536094666, 0.2197323590517044, 0.12894929945468903, 0.1140369325876236, 0.1095268726348877, 0.10981842875480652, 0.10894092172384262, 0.10967833548784256, 0.10992617160081863, 0.11163066327571869, 0.11165932565927505, 0.11318375170230865, 0.16971459984779358, 0.10477284342050552, 0.10163888335227966, 0.10472206026315689, 0.10359277576208115, 0.10115902125835419, 0.10642760246992111, 0.1181921660900116, 0.09899549931287766, 0.14925023913383484, 0.1110280379652977, 0.13308094441890717, 0.10861895978450775, 0.08709976822137833, 0.09225846827030182, 0.09059488028287888, 0.09135408699512482, 0.08080072700977325, 0.07906642556190491, 0.0793210119009018, 0.07448513060808182, 0.07531477510929108, 0.06789050251245499, 0.057027723640203476, 0.05276426672935486, 0.06667676568031311, 0.08777820318937302, 0.04735913500189781, 0.04374849796295166, 0.05346463620662689, 0.06636831164360046, 0.062112435698509216, 0.052291013300418854, 0.03985518217086792, 0.04723421856760979, 0.098521389067173, 0.17354977130889893, 0.056936390697956085, 0.0426032580435276, 0.043301016092300415, 0.03861023485660553, 0.0377664677798748, 0.04674239829182625, 0.06448663771152496, 0.04200148209929466, 0.04696745425462723, 0.042150720953941345, 0.041538022458553314, 0.05002089589834213, 0.0681397020816803, 0.060012392699718475, 0.04261749982833862, 0.05047859624028206, 0.06165071949362755, 0.03469027206301689, 0.03525739535689354, 0.056504640728235245, 0.07115820795297623, 0.05900043249130249, 0.05083617568016052, 0.058684349060058594, 0.08593960851430893, 0.05385817959904671, 0.04987359419465065, 0.03314703330397606, 0.03272087872028351, 0.037732940167188644, 0.037648312747478485, 0.033656295388936996, 0.029592415317893028, 0.029062211513519287, 0.03055330365896225, 0.027856383472681046, 0.05244801193475723, 0.1251571625471115, 0.036009591072797775, 0.08000005781650543, 0.04398711398243904, 0.06814294308423996, 0.0316389836370945, 0.04576719552278519, 0.029940836131572723, 0.04404356703162193, 0.07347140461206436, 0.07730599492788315, 0.04544989764690399, 0.029800474643707275, 0.03675916790962219]"
